CustomerID,Raw_Row,Income,Tenure_Days,Age,Graduate,Married,Kids,Teens,Recency,Spend_Wines,Spend_Fruits,Spend_Meat,Spend_Fish,Spend_Sweets,Deals_Purchases,Web_Purchases,Catalog_Purchases,Store_Purchases,Web_Visits_Month,Cmp1,Cmp2,Cmp3,Cmp4,Cmp5,Total_Campaigns,Complain,Tenure_Years,Age_Group,Income_Group,Marital_Status,Education,Total_Children,Has_Children,Family_Size,Total_Spend,Share_Wines,Share_Fruits,Share_Meat,Share_Fish,Share_Sweets,Total_Purchases,AOV,Deal_Ratio,Share_Web,Share_Catalog,Share_Store,Preferred_Channel,Spend_to_Income_Pct,Campaign_Responder,Recency_Group,R_Score,F_Score,M_Score,FM_Score,RFM_Score,RFM_Segment,Value_Tier,Log_Income,Log_Total_Spend
C0001,2,58138,2822,63,1,0,0,0,58,635,88,546,172,88,3,8,10,4,7,0,0,0,0,0,0,0,7.73,55-64,50-70K,Single,Graduate,0,0,1,1529,0.4153,0.0576,0.3571,0.1125,0.0576,22,69.5,0.1364,0.3636,0.4545,0.1818,Catalog,2.63,0,31-60 ngày,3,5,5,5.0,13,Loyal Customers,High,10.9706,7.333
C0002,3,46344,2272,66,1,0,0,0,38,11,1,6,2,1,2,1,1,2,5,0,0,0,0,0,0,0,6.22,65+,30-50K,Single,Graduate,0,0,1,21,0.5238,0.0476,0.2857,0.0952,0.0476,4,5.25,0.5,0.25,0.25,0.5,Store,0.045,0,31-60 ngày,4,1,1,1.0,6,New / Promising,Low,10.7439,3.091
C0003,4,71613,2471,55,1,1,0,0,26,426,49,127,111,21,1,8,2,10,4,0,0,0,0,0,0,0,6.77,55-64,70-90K,Married/Partner,Graduate,0,0,2,734,0.5804,0.0668,0.173,0.1512,0.0286,20,36.7,0.05,0.4,0.1,0.5,Store,1.025,0,0-30 ngày,4,4,4,4.0,12,Champions,Mid,11.179,6.5999
C0004,5,26646,2298,36,1,1,1,0,26,11,4,20,10,3,2,2,0,4,6,0,0,0,0,0,0,0,6.3,35-44,<30K,Married/Partner,Graduate,1,1,3,48,0.2292,0.0833,0.4167,0.2083,0.0625,6,8.0,0.3333,0.3333,0.0,0.6667,Store,0.18,0,0-30 ngày,4,2,2,2.0,8,New / Promising,Low,10.1904,3.8918
C0005,6,58293,2320,39,1,1,1,0,94,173,43,118,46,27,5,5,3,6,5,0,0,0,0,0,0,0,6.36,35-44,50-70K,Married/Partner,Graduate,1,1,3,407,0.4251,0.1057,0.2899,0.113,0.0663,14,29.07,0.3571,0.3571,0.2143,0.4286,Store,0.698,0,61-99 ngày,1,3,3,3.0,7,At Risk,Mid,10.9733,6.0113
C0006,7,62513,2452,53,1,1,0,1,16,520,42,98,0,42,2,6,4,10,6,0,0,0,0,0,0,0,6.72,45-54,50-70K,Married/Partner,Graduate,1,1,3,702,0.7407,0.0598,0.1396,0.0,0.0598,20,35.1,0.1,0.3,0.2,0.5,Store,1.123,0,0-30 ngày,5,4,4,4.0,13,Champions,Mid,11.0431,6.5554
C0007,8,55635,2752,49,1,0,0,0,34,235,65,164,50,49,4,7,3,7,6,0,0,0,0,0,0,0,7.54,45-54,50-70K,Single,Graduate,0,0,1,563,0.4174,0.1155,0.2913,0.0888,0.087,17,33.12,0.2353,0.4118,0.1765,0.4118,Web,1.012,0,31-60 ngày,4,4,3,3.5,11,Loyal Customers,Mid,10.9266,6.3351
C0008,9,33454,2576,35,1,1,1,0,32,76,10,56,3,1,2,4,0,4,8,0,0,0,0,0,0,0,7.06,35-44,30-50K,Married/Partner,Graduate,1,1,3,146,0.5205,0.0685,0.3836,0.0205,0.0068,8,18.25,0.25,0.5,0.0,0.5,Web,0.436,0,31-60 ngày,4,2,2,2.0,8,New / Promising,Low,10.418,4.9904
C0009,10,30351,2547,46,1,1,1,0,19,14,0,24,3,3,1,3,0,2,9,0,0,0,0,0,0,0,6.98,45-54,30-50K,Married/Partner,Graduate,1,1,3,44,0.3182,0.0,0.5455,0.0682,0.0682,5,8.8,0.2,0.6,0.0,0.4,Web,0.145,0,0-30 ngày,5,1,1,1.0,7,New / Promising,Low,10.3206,3.8067
C0010,11,5648,2267,70,1,1,1,1,68,28,0,6,1,1,1,1,0,0,20,0,0,1,0,0,1,0,6.21,65+,<30K,Married/Partner,Graduate,2,1,4,36,0.7778,0.0,0.1667,0.0278,0.0278,1,36.0,1.0,1.0,0.0,0.0,Web,0.637,1,61-99 ngày,2,1,1,1.0,4,Hibernating,Low,8.6392,3.6109
C0011,12,7500,2752,44,0,1,0,0,59,6,16,11,11,1,1,2,0,3,8,0,0,0,0,0,0,0,7.54,35-44,<30K,Married/Partner,Non-graduate,0,0,2,45,0.1333,0.3556,0.2444,0.2444,0.0222,5,9.0,0.2,0.4,0.0,0.6,Store,0.6,0,31-60 ngày,3,1,2,1.5,6,Need Attention,Low,8.9228,3.8286
C0012,13,63033,2385,61,1,0,0,0,82,194,61,480,225,112,1,3,4,8,2,0,0,0,0,0,0,0,6.53,55-64,50-70K,Single,Graduate,0,0,1,1072,0.181,0.0569,0.4478,0.2099,0.1045,15,71.47,0.0667,0.2,0.2667,0.5333,Store,1.701,0,61-99 ngày,1,3,4,3.5,8,At Risk,Mid,11.0514,6.9782
C0013,14,59354,2385,68,1,0,0,0,53,233,2,53,3,5,3,6,1,5,6,0,0,0,0,0,0,0,6.53,65+,50-70K,Single,Graduate,0,0,1,296,0.7872,0.0068,0.1791,0.0101,0.0169,12,24.67,0.25,0.5,0.0833,0.4167,Web,0.499,0,31-60 ngày,3,3,3,3.0,9,Loyal Customers,Low,10.9913,5.6937
C0014,15,17323,2786,33,1,1,0,0,38,3,14,17,6,1,1,1,0,3,8,0,0,0,0,0,0,0,7.63,24-34,<30K,Married/Partner,Graduate,0,0,2,41,0.0732,0.3415,0.4146,0.1463,0.0244,4,10.25,0.25,0.25,0.0,0.75,Store,0.237,0,31-60 ngày,4,1,1,1.0,6,New / Promising,Low,9.7598,3.7377
C0015,16,82800,2741,74,1,0,0,0,23,1006,22,115,59,68,1,7,6,12,3,1,0,0,0,1,2,0,7.51,65+,70-90K,Single,Graduate,0,0,1,1270,0.7921,0.0173,0.0906,0.0465,0.0535,25,50.8,0.04,0.28,0.24,0.48,Store,1.534,1,0-30 ngày,4,5,5,5.0,14,Champions,High,11.3242,7.1476
C0016,17,41850,2711,40,1,1,1,1,51,53,5,19,2,13,3,3,0,3,8,0,0,0,0,0,0,0,7.43,35-44,30-50K,Married/Partner,Graduate,2,1,4,92,0.5761,0.0543,0.2065,0.0217,0.1413,6,15.33,0.5,0.5,0.0,0.5,Web,0.22,0,31-60 ngày,3,2,2,2.0,7,Need Attention,Low,10.6419,4.5326
C0017,18,37760,2826,74,1,1,0,0,20,84,5,38,150,12,2,4,1,6,7,0,0,0,0,0,0,0,7.74,65+,30-50K,Married/Partner,Graduate,0,0,2,289,0.2907,0.0173,0.1315,0.519,0.0415,11,26.27,0.1818,0.3636,0.0909,0.5455,Store,0.765,0,0-30 ngày,4,3,3,3.0,10,Loyal Customers,Low,10.539,5.6699
C0018,19,76995,2617,71,1,1,0,1,91,1012,80,498,0,16,2,11,4,9,5,1,0,0,0,0,1,0,7.17,65+,70-90K,Married/Partner,Graduate,1,1,3,1606,0.6301,0.0498,0.3101,0.0,0.01,24,66.92,0.0833,0.4583,0.1667,0.375,Web,2.086,1,61-99 ngày,1,5,5,5.0,11,At Risk,High,11.2515,7.3821
C0019,20,33812,2762,35,0,0,0,0,86,4,17,19,30,24,2,2,1,3,6,0,0,0,0,0,0,0,7.57,35-44,30-50K,Single,Non-graduate,0,0,1,94,0.0426,0.1809,0.2021,0.3191,0.2553,6,15.67,0.3333,0.3333,0.1667,0.5,Store,0.278,0,61-99 ngày,1,2,2,2.0,5,Hibernating,Low,10.4286,4.5539
C0020,21,37040,2849,38,1,1,0,0,41,86,2,73,69,38,1,4,2,5,8,0,0,0,0,0,0,0,7.81,35-44,30-50K,Married/Partner,Graduate,0,0,2,268,0.3209,0.0075,0.2724,0.2575,0.1418,11,24.36,0.0909,0.3636,0.1818,0.4545,Store,0.724,0,31-60 ngày,3,3,3,3.0,9,Loyal Customers,Low,10.5198,5.5947
C0021,23,58607,2712,71,1,1,0,1,63,867,0,86,0,0,3,2,3,9,8,0,0,0,1,0,1,0,7.43,65+,50-70K,Married/Partner,Graduate,1,1,3,953,0.9098,0.0,0.0902,0.0,0.0,14,68.07,0.2143,0.1429,0.2143,0.6429,Store,1.626,1,61-99 ngày,2,3,4,3.5,9,At Risk,Mid,10.9786,6.8607
C0022,24,65324,2328,66,1,1,0,1,0,384,0,102,21,32,3,6,2,9,4,0,0,0,0,0,0,0,6.38,65+,50-70K,Married/Partner,Graduate,1,1,3,539,0.7124,0.0,0.1892,0.039,0.0594,17,31.71,0.1765,0.3529,0.1176,0.5294,Store,0.825,0,0-30 ngày,5,4,3,3.5,12,Loyal Customers,Mid,11.0871,6.2916
C0023,25,40689,2627,69,1,1,0,1,69,270,3,27,39,6,7,7,1,5,8,0,0,0,0,0,0,0,7.2,65+,30-50K,Married/Partner,Graduate,1,1,3,345,0.7826,0.0087,0.0783,0.113,0.0174,13,26.54,0.5385,0.5385,0.0769,0.3846,Web,0.848,0,61-99 ngày,2,3,3,3.0,8,At Risk,Low,10.6137,5.8464
C0024,26,18589,2702,51,1,0,0,0,89,6,4,25,15,12,2,2,1,3,7,0,0,0,0,0,0,0,7.4,45-54,<30K,Single,Graduate,0,0,1,62,0.0968,0.0645,0.4032,0.2419,0.1935,6,10.33,0.3333,0.3333,0.1667,0.5,Store,0.334,0,61-99 ngày,1,2,2,2.0,5,Hibernating,Low,9.8304,4.1431
C0025,27,53359,2557,44,1,1,1,1,4,173,4,30,3,6,4,5,1,4,7,0,0,0,0,0,0,0,7.01,35-44,50-70K,Married/Partner,Graduate,2,1,4,216,0.8009,0.0185,0.1389,0.0139,0.0278,10,21.6,0.4,0.5,0.1,0.4,Web,0.405,0,0-30 ngày,5,3,3,3.0,11,Loyal Customers,Low,10.8848,5.3799
C0026,28,38360,2553,31,1,1,1,0,26,36,2,42,20,21,2,2,1,4,3,0,0,0,0,0,0,0,6.99,24-34,30-50K,Married/Partner,Graduate,1,1,3,121,0.2975,0.0165,0.3471,0.1653,0.1736,7,17.29,0.2857,0.2857,0.1429,0.5714,Store,0.315,0,0-30 ngày,4,2,2,2.0,8,New / Promising,Low,10.5548,4.804
C0027,29,84618,2378,55,1,1,0,0,96,684,100,801,21,66,1,6,9,10,2,0,0,0,0,1,1,0,6.52,55-64,70-90K,Married/Partner,Graduate,0,0,2,1672,0.4091,0.0598,0.4791,0.0126,0.0395,25,66.88,0.04,0.24,0.36,0.4,Store,1.976,1,61-99 ngày,1,5,5,5.0,11,At Risk,High,11.3459,7.4224
C0028,30,10979,2197,31,1,0,0,0,34,8,4,10,2,2,2,3,0,3,5,0,0,0,0,0,0,0,6.02,24-34,<30K,Single,Graduate,0,0,1,26,0.3077,0.1538,0.3846,0.0769,0.0769,6,4.33,0.3333,0.5,0.0,0.5,Web,0.237,0,31-60 ngày,4,2,1,1.5,7,New / Promising,Low,9.3038,3.2958
C0029,31,38620,2573,57,1,1,0,0,56,112,17,44,34,22,1,2,5,3,3,0,0,0,0,0,0,0,7.05,55-64,30-50K,Married/Partner,Graduate,0,0,2,229,0.4891,0.0742,0.1921,0.1485,0.0961,10,22.9,0.1,0.2,0.5,0.3,Catalog,0.593,0,31-60 ngày,3,3,3,3.0,9,Loyal Customers,Low,10.5616,5.4381
C0030,32,40548,2786,50,1,1,0,1,31,110,0,5,2,0,2,2,1,4,5,0,0,0,1,0,1,0,7.63,45-54,30-50K,Married/Partner,Graduate,1,1,3,117,0.9402,0.0,0.0427,0.0171,0.0,7,16.71,0.2857,0.2857,0.1429,0.5714,Store,0.289,1,31-60 ngày,4,2,2,2.0,8,New / Promising,Low,10.6103,4.7707
C0031,33,46610,2767,68,1,0,0,0,8,96,12,96,33,22,6,4,1,6,6,0,0,0,0,0,0,0,7.58,65+,30-50K,Single,Graduate,0,0,1,259,0.3707,0.0463,0.3707,0.1274,0.0849,11,23.55,0.5455,0.3636,0.0909,0.5455,Store,0.556,0,0-30 ngày,5,3,3,3.0,11,Loyal Customers,Low,10.7496,5.5607
C0032,34,68657,2653,74,1,1,0,0,4,482,34,471,119,68,1,3,5,9,7,0,0,0,0,0,0,0,7.27,65+,50-70K,Married/Partner,Graduate,0,0,2,1174,0.4106,0.029,0.4012,0.1014,0.0579,17,69.06,0.0588,0.1765,0.2941,0.5294,Store,1.71,0,0-30 ngày,5,4,5,4.5,14,Champions,High,11.1369,7.069
C0033,35,49389,2463,69,1,0,0,0,55,40,0,19,2,1,1,2,0,3,7,0,0,0,0,0,0,0,6.75,65+,30-50K,Single,Graduate,0,0,1,62,0.6452,0.0,0.3065,0.0323,0.0161,5,12.4,0.2,0.4,0.0,0.6,Store,0.126,0,31-60 ngày,3,1,2,1.5,6,Need Attention,Low,10.8075,4.1431
C0034,36,67353,2339,50,1,1,0,1,37,702,17,151,0,8,5,5,6,12,2,0,0,0,0,0,0,0,6.41,45-54,50-70K,Married/Partner,Graduate,1,1,3,878,0.7995,0.0194,0.172,0.0,0.0091,23,38.17,0.2174,0.2174,0.2609,0.5217,Store,1.304,0,31-60 ngày,4,5,4,4.5,13,Champions,Mid,11.1177,6.7788
C0035,37,23718,2459,44,0,1,1,0,76,6,3,14,15,7,3,3,1,2,7,0,0,0,0,0,0,0,6.74,35-44,<30K,Married/Partner,Non-graduate,1,1,3,45,0.1333,0.0667,0.3111,0.3333,0.1556,6,7.5,0.5,0.5,0.1667,0.3333,Web,0.19,0,61-99 ngày,2,2,2,2.0,6,Hibernating,Low,10.074,3.8286
C0036,38,42429,2297,47,1,0,0,0,99,55,0,6,2,0,2,1,1,3,5,0,0,0,0,0,0,0,6.29,45-54,30-50K,Single,Graduate,0,0,1,63,0.873,0.0,0.0952,0.0317,0.0,5,12.6,0.4,0.2,0.2,0.6,Store,0.148,0,61-99 ngày,1,1,2,1.5,4,Hibernating,Low,10.6556,4.1589
C0037,39,48948,2672,77,1,0,0,0,53,437,8,206,160,49,2,7,10,5,6,0,0,1,0,0,1,0,7.32,65+,30-50K,Single,Graduate,0,0,1,860,0.5081,0.0093,0.2395,0.186,0.057,22,39.09,0.0909,0.3182,0.4545,0.2273,Catalog,1.757,1,31-60 ngày,3,5,4,4.5,12,Loyal Customers,Mid,10.7985,6.7581
C0038,40,80011,2585,40,1,1,0,1,3,421,76,536,82,178,2,8,6,5,4,0,0,0,0,0,0,0,7.08,35-44,70-90K,Married/Partner,Graduate,1,1,3,1293,0.3256,0.0588,0.4145,0.0634,0.1377,19,68.05,0.1053,0.4211,0.3158,0.2632,Web,1.616,0,0-30 ngày,5,4,5,4.5,14,Champions,High,11.2899,7.1655
C0039,41,20559,2633,35,1,1,1,0,88,13,1,29,3,0,2,2,0,3,8,0,0,0,0,0,0,0,7.21,35-44,<30K,Married/Partner,Graduate,1,1,3,46,0.2826,0.0217,0.6304,0.0652,0.0,5,9.2,0.4,0.4,0.0,0.6,Store,0.224,0,61-99 ngày,1,1,2,1.5,4,Hibernating,Low,9.9311,3.8501
C0040,42,21994,2711,63,1,1,0,1,4,9,0,6,3,1,1,0,0,3,5,0,0,0,0,0,0,0,7.43,55-64,<30K,Married/Partner,Graduate,1,1,3,19,0.4737,0.0,0.3158,0.1579,0.0526,3,6.33,0.3333,0.0,0.0,1.0,Store,0.086,0,0-30 ngày,5,1,1,1.0,7,New / Promising,Low,9.9986,2.9957
C0041,43,7500,2429,45,1,1,1,0,19,3,1,10,3,2,3,2,0,3,5,0,0,0,0,0,0,0,6.65,45-54,<30K,Married/Partner,Graduate,1,1,3,19,0.1579,0.0526,0.5263,0.1579,0.1053,5,3.8,0.6,0.4,0.0,0.6,Store,0.253,0,0-30 ngày,5,1,1,1.0,7,New / Promising,Low,8.9228,2.9957
C0042,44,79941,2160,44,1,0,0,0,72,123,164,266,227,30,1,2,4,9,1,0,0,0,0,0,0,0,5.92,35-44,70-90K,Single,Graduate,0,0,1,810,0.1519,0.2025,0.3284,0.2802,0.037,15,54.0,0.0667,0.1333,0.2667,0.6,Store,1.013,0,61-99 ngày,2,3,4,3.5,9,At Risk,Mid,11.2891,6.6983
C0043,45,7500,2756,24,0,1,0,0,24,3,18,14,15,22,3,3,1,3,9,0,0,0,0,0,0,0,7.55,24-34,<30K,Married/Partner,Non-graduate,0,0,2,72,0.0417,0.25,0.1944,0.2083,0.3056,7,10.29,0.4286,0.4286,0.1429,0.4286,Web,0.96,0,0-30 ngày,4,2,2,2.0,8,New / Promising,Low,8.9228,4.2905
C0044,46,41728,2560,52,1,1,1,0,92,13,6,15,3,5,1,2,0,2,10,0,0,0,0,0,0,0,7.01,45-54,30-50K,Married/Partner,Graduate,1,1,3,42,0.3095,0.1429,0.3571,0.0714,0.119,4,10.5,0.25,0.5,0.0,0.5,Web,0.101,0,61-99 ngày,1,1,1,1.0,3,Hibernating,Low,10.639,3.7612
C0045,47,72550,2757,66,1,1,1,1,39,826,50,317,50,38,9,5,2,12,8,0,0,0,0,0,0,0,7.55,65+,70-90K,Married/Partner,Graduate,2,1,4,1281,0.6448,0.039,0.2475,0.039,0.0297,19,67.42,0.4737,0.2632,0.1053,0.6316,Store,1.766,0,31-60 ngày,4,4,5,4.5,13,Champions,High,11.192,7.1562
C0046,48,65486,2207,63,1,0,0,0,29,245,19,125,37,67,1,4,2,10,2,0,0,0,0,0,0,0,6.05,55-64,50-70K,Single,Graduate,0,0,1,493,0.497,0.0385,0.2535,0.0751,0.1359,16,30.81,0.0625,0.25,0.125,0.625,Store,0.753,0,0-30 ngày,4,4,3,3.5,11,Loyal Customers,Mid,11.0896,6.2025
C0047,49,79143,2846,56,1,1,0,0,2,650,37,780,27,167,1,6,9,13,3,0,0,0,0,0,0,0,7.8,55-64,70-90K,Married/Partner,Graduate,0,0,2,1661,0.3913,0.0223,0.4696,0.0163,0.1005,28,59.32,0.0357,0.2143,0.3214,0.4643,Store,2.099,0,0-30 ngày,5,5,5,5.0,15,Champions,High,11.279,7.4158
C0048,50,35790,2702,43,1,0,0,0,54,12,6,20,30,1,2,2,0,3,7,0,0,0,0,0,0,0,7.4,35-44,30-50K,Single,Graduate,0,0,1,69,0.1739,0.087,0.2899,0.4348,0.0145,5,13.8,0.4,0.4,0.0,0.6,Store,0.193,0,31-60 ngày,3,1,2,1.5,6,Need Attention,Low,10.4855,4.2485
C0049,51,82582,2181,43,1,0,0,0,54,510,120,550,156,40,1,4,9,7,1,1,0,1,0,0,2,0,5.98,35-44,70-90K,Single,Graduate,0,0,1,1376,0.3706,0.0872,0.3997,0.1134,0.0291,20,68.8,0.05,0.2,0.45,0.35,Catalog,1.666,1,31-60 ngày,3,4,5,4.5,12,Loyal Customers,High,11.3216,7.2277
C0050,52,66373,2541,42,1,1,1,1,57,328,9,124,12,24,7,4,2,10,3,0,0,0,0,0,0,0,6.96,35-44,50-70K,Married/Partner,Graduate,2,1,4,497,0.66,0.0181,0.2495,0.0241,0.0483,16,31.06,0.4375,0.25,0.125,0.625,Store,0.749,0,31-60 ngày,3,4,3,3.5,10,Loyal Customers,Mid,11.1031,6.2106
C0051,53,82384,2746,65,1,1,0,0,55,984,51,432,180,120,1,3,10,13,1,0,0,0,0,1,1,0,7.52,65+,70-90K,Married/Partner,Graduate,0,0,2,1767,0.5569,0.0289,0.2445,0.1019,0.0679,26,67.96,0.0385,0.1154,0.3846,0.5,Store,2.145,1,31-60 ngày,3,5,5,5.0,13,Loyal Customers,High,11.3192,7.4776
C0052,54,70287,2612,54,1,0,0,0,30,295,35,482,121,120,1,5,5,10,3,0,0,0,0,0,0,0,7.16,45-54,70-90K,Single,Graduate,0,0,1,1053,0.2802,0.0332,0.4577,0.1149,0.114,20,52.65,0.05,0.25,0.25,0.5,Store,1.498,0,0-30 ngày,4,4,4,4.0,12,Champions,Mid,11.1604,6.9603
C0053,55,27938,2221,32,1,0,0,0,31,13,0,8,2,1,1,1,0,4,3,0,0,0,0,0,0,0,6.08,24-34,<30K,Single,Graduate,0,0,1,24,0.5417,0.0,0.3333,0.0833,0.0417,5,4.8,0.2,0.2,0.0,0.8,Store,0.086,0,31-60 ngày,4,1,1,1.0,6,New / Promising,Low,10.2378,3.2189
C0054,56,55954,2277,52,1,1,0,1,63,447,0,28,0,0,3,8,2,6,7,0,0,0,0,0,0,0,6.24,45-54,50-70K,Married/Partner,Graduate,1,1,3,475,0.9411,0.0,0.0589,0.0,0.0,16,29.69,0.1875,0.5,0.125,0.375,Web,0.849,0,61-99 ngày,2,4,3,3.5,9,At Risk,Mid,10.9323,6.1654
C0055,57,75777,2519,38,1,0,0,0,12,712,26,538,69,13,1,3,6,11,1,0,0,0,1,1,2,0,6.9,35-44,70-90K,Single,Graduate,0,0,1,1358,0.5243,0.0191,0.3962,0.0508,0.0096,20,67.9,0.05,0.15,0.3,0.55,Store,1.792,1,0-30 ngày,5,4,5,4.5,14,Champions,High,11.2356,7.2145
C0056,58,66653,2819,45,1,1,1,1,18,452,18,102,16,18,4,4,2,12,3,0,0,0,0,0,0,0,7.72,45-54,50-70K,Married/Partner,Graduate,2,1,4,606,0.7459,0.0297,0.1683,0.0264,0.0297,18,33.67,0.2222,0.2222,0.1111,0.6667,Store,0.909,0,0-30 ngày,5,4,4,4.0,13,Champions,Mid,11.1073,6.4085
C0057,59,61823,2655,68,1,0,0,0,26,523,7,134,37,14,4,8,2,10,7,0,0,0,0,0,0,0,7.27,65+,50-70K,Single,Graduate,0,0,1,715,0.7315,0.0098,0.1874,0.0517,0.0196,20,35.75,0.2,0.4,0.1,0.5,Store,1.157,0,0-30 ngày,4,4,4,4.0,12,Champions,Mid,11.032,6.5737
C0058,60,67680,2542,69,1,0,0,0,8,546,0,48,0,6,1,7,3,8,5,0,0,0,0,0,0,0,6.96,65+,50-70K,Single,Graduate,0,0,1,600,0.91,0.0,0.08,0.0,0.01,18,33.33,0.0556,0.3889,0.1667,0.4444,Store,0.887,0,0-30 ngày,5,4,4,4.0,13,Champions,Mid,11.1226,6.3986
C0059,61,70666,2364,72,1,1,0,0,29,398,40,367,119,122,1,7,4,4,4,0,0,0,0,0,0,0,6.48,65+,70-90K,Married/Partner,Graduate,0,0,2,1046,0.3805,0.0382,0.3509,0.1138,0.1166,15,69.73,0.0667,0.4667,0.2667,0.2667,Web,1.48,0,0-30 ngày,4,3,4,3.5,11,Loyal Customers,Mid,11.1657,6.9537
C0060,62,25721,2563,49,1,1,1,0,75,1,3,6,3,6,1,1,1,2,7,0,0,0,0,0,0,0,7.02,45-54,<30K,Married/Partner,Graduate,1,1,3,19,0.0526,0.1579,0.3158,0.1579,0.3158,4,4.75,0.25,0.25,0.25,0.5,Store,0.074,0,61-99 ngày,2,1,1,1.0,4,Hibernating,Low,10.1551,2.9957
C0061,63,32474,2208,53,1,1,1,1,0,10,0,1,0,0,1,1,0,2,7,0,0,0,0,0,0,0,6.05,45-54,30-50K,Married/Partner,Graduate,2,1,4,11,0.9091,0.0,0.0909,0.0,0.0,3,3.67,0.3333,0.3333,0.0,0.6667,Store,0.034,0,0-30 ngày,5,1,1,1.0,7,New / Promising,Low,10.3882,2.4849
C0062,64,88194,2261,41,0,0,0,0,19,688,14,309,201,24,1,11,10,10,5,1,0,1,0,0,2,0,6.19,35-44,70-90K,Single,Non-graduate,0,0,1,1236,0.5566,0.0113,0.25,0.1626,0.0194,31,39.87,0.0323,0.3548,0.3226,0.3226,Web,1.401,1,0-30 ngày,5,5,5,5.0,15,Champions,High,11.3873,7.1204
C0063,65,69096,2434,62,1,1,0,1,4,247,49,159,7,82,1,5,2,10,4,0,0,0,0,0,0,0,6.67,55-64,50-70K,Married/Partner,Graduate,1,1,3,544,0.454,0.0901,0.2923,0.0129,0.1507,17,32.0,0.0588,0.2941,0.1176,0.5882,Store,0.787,0,0-30 ngày,5,4,3,3.5,12,Loyal Customers,Mid,11.1433,6.3008
C0064,66,74854,2606,50,1,1,1,2,90,856,59,487,58,29,7,2,5,5,5,0,0,0,0,0,0,0,7.14,45-54,70-90K,Married/Partner,Graduate,3,1,5,1489,0.5749,0.0396,0.3271,0.039,0.0195,12,124.08,0.5833,0.1667,0.4167,0.4167,Catalog,1.989,0,61-99 ngày,1,3,5,4.0,9,At Risk,High,11.2233,7.3065
C0065,67,66991,2815,66,1,1,0,0,1,496,36,460,189,60,3,4,8,6,3,0,0,0,0,0,0,0,7.71,65+,50-70K,Married/Partner,Graduate,0,0,2,1241,0.3997,0.029,0.3707,0.1523,0.0483,18,68.94,0.1667,0.2222,0.4444,0.3333,Catalog,1.852,0,0-30 ngày,5,4,5,4.5,14,Champions,High,11.1123,7.1245
C0066,68,65031,2628,61,1,1,0,1,29,258,107,291,84,37,4,10,3,13,7,0,0,0,0,0,0,0,7.2,55-64,50-70K,Married/Partner,Graduate,1,1,3,777,0.332,0.1377,0.3745,0.1081,0.0476,26,29.88,0.1538,0.3846,0.1154,0.5,Store,1.195,0,0-30 ngày,4,5,4,4.5,13,Champions,Mid,11.0826,6.6567
C0067,69,60631,2609,45,1,1,1,1,88,565,6,65,0,6,5,9,2,8,7,0,0,0,1,0,1,0,7.15,45-54,50-70K,Married/Partner,Graduate,2,1,4,642,0.8801,0.0093,0.1012,0.0,0.0093,19,33.79,0.2632,0.4737,0.1053,0.4211,Web,1.059,1,61-99 ngày,1,4,4,4.0,9,At Risk,Mid,11.0126,6.4661
C0068,70,28332,2219,68,1,1,0,0,58,14,10,13,4,15,1,2,1,4,2,0,0,0,0,0,0,0,6.08,65+,<30K,Married/Partner,Graduate,0,0,2,56,0.25,0.1786,0.2321,0.0714,0.2679,7,8.0,0.1429,0.2857,0.1429,0.5714,Store,0.198,0,31-60 ngày,3,2,2,2.0,7,Need Attention,Low,10.2518,4.0431
C0069,71,40246,2716,43,1,0,0,0,68,2,1,6,2,1,1,1,0,2,6,0,0,0,0,0,0,0,7.44,35-44,30-50K,Single,Graduate,0,0,1,12,0.1667,0.0833,0.5,0.1667,0.0833,3,4.0,0.3333,0.3333,0.0,0.6667,Store,0.03,0,61-99 ngày,2,1,1,1.0,4,Hibernating,Low,10.6028,2.5649
C0070,72,75251,2830,48,1,1,0,0,34,721,111,925,97,18,1,7,6,5,5,0,0,0,0,0,0,0,7.75,45-54,70-90K,Married/Partner,Graduate,0,0,2,1872,0.3851,0.0593,0.4941,0.0518,0.0096,18,104.0,0.0556,0.3889,0.3333,0.2778,Web,2.488,0,31-60 ngày,4,4,5,4.5,13,Champions,High,11.2286,7.5353
C0071,73,75825,2784,44,1,0,0,0,40,1032,105,779,137,105,0,5,8,9,4,0,0,1,0,0,1,0,7.63,35-44,70-90K,Single,Graduate,0,0,1,2158,0.4782,0.0487,0.361,0.0635,0.0487,22,98.09,0.0,0.2273,0.3636,0.4091,Store,2.846,1,31-60 ngày,3,5,5,5.0,13,Loyal Customers,High,11.2362,7.6774
C0072,74,26326,2457,44,0,1,0,0,12,1,0,5,0,3,1,0,0,3,3,0,0,0,0,0,0,1,6.73,35-44,<30K,Married/Partner,Non-graduate,0,0,2,9,0.1111,0.0,0.5556,0.0,0.3333,3,3.0,0.3333,0.0,0.0,1.0,Store,0.034,0,0-30 ngày,5,1,1,1.0,7,New / Promising,Low,10.1784,2.3026
C0073,75,56046,2702,55,1,1,0,0,9,577,0,64,0,0,2,10,1,8,8,0,0,1,0,0,1,0,7.4,55-64,50-70K,Married/Partner,Graduate,0,0,2,641,0.9002,0.0,0.0998,0.0,0.0,19,33.74,0.1053,0.5263,0.0526,0.4211,Web,1.144,1,0-30 ngày,5,4,4,4.0,13,Champions,Mid,10.9339,6.4646
C0074,76,29760,2828,35,1,0,0,0,87,64,4,68,7,5,4,3,1,4,8,0,0,0,0,0,0,0,7.75,35-44,<30K,Single,Graduate,0,0,1,148,0.4324,0.027,0.4595,0.0473,0.0338,8,18.5,0.5,0.375,0.125,0.5,Store,0.497,0,61-99 ngày,1,2,2,2.0,5,Hibernating,Low,10.301,5.0039
C0075,77,26304,2530,51,1,1,1,0,5,4,1,5,2,0,1,1,0,2,7,0,0,0,0,0,0,0,6.93,45-54,<30K,Married/Partner,Graduate,1,1,3,12,0.3333,0.0833,0.4167,0.1667,0.0,3,4.0,0.3333,0.3333,0.0,0.6667,Store,0.046,0,0-30 ngày,5,1,1,1.0,7,New / Promising,Low,10.1775,2.5649
C0076,78,23559,2520,47,0,1,1,0,87,25,5,19,7,0,3,3,0,3,7,0,0,0,0,0,0,0,6.9,45-54,<30K,Married/Partner,Non-graduate,1,1,3,56,0.4464,0.0893,0.3393,0.125,0.0,6,9.33,0.5,0.5,0.0,0.5,Web,0.238,0,61-99 ngày,1,2,2,2.0,5,Hibernating,Low,10.0673,4.0431
C0077,80,81361,2283,33,1,0,0,0,18,163,23,424,27,65,1,3,10,13,1,0,0,0,0,0,0,0,6.25,24-34,70-90K,Single,Graduate,0,0,1,702,0.2322,0.0328,0.604,0.0385,0.0926,26,27.0,0.0385,0.1154,0.3846,0.5,Store,0.863,0,0-30 ngày,5,5,4,4.5,14,Champions,Mid,11.3067,6.5554
C0078,81,29440,2481,60,1,1,1,1,95,17,8,14,10,4,2,1,0,4,7,0,0,0,0,0,0,0,6.8,55-64,<30K,Married/Partner,Graduate,2,1,4,53,0.3208,0.1509,0.2642,0.1887,0.0755,5,10.6,0.4,0.2,0.0,0.8,Store,0.18,0,61-99 ngày,1,1,2,1.5,4,Hibernating,Low,10.2901,3.989
C0079,82,36138,2507,50,1,1,1,1,48,130,0,16,0,0,5,3,1,4,7,0,0,0,1,0,1,0,6.87,45-54,30-50K,Married/Partner,Graduate,2,1,4,146,0.8904,0.0,0.1096,0.0,0.0,8,18.25,0.625,0.375,0.125,0.5,Store,0.404,1,31-60 ngày,3,2,2,2.0,7,Need Attention,Low,10.4951,4.9904
C0080,83,50388,2191,63,1,0,0,0,3,292,6,37,0,3,4,6,1,6,7,1,0,0,1,0,2,0,6.0,55-64,50-70K,Single,Graduate,0,0,1,338,0.8639,0.0178,0.1095,0.0,0.0089,13,26.0,0.3077,0.4615,0.0769,0.4615,Web,0.671,1,0-30 ngày,5,3,3,3.0,11,Loyal Customers,Low,10.8275,5.826
C0081,84,79593,2207,47,1,1,0,0,70,350,60,568,110,133,1,5,6,7,2,0,0,0,0,1,1,0,6.05,45-54,70-90K,Married/Partner,Graduate,0,0,2,1221,0.2867,0.0491,0.4652,0.0901,0.1089,18,67.83,0.0556,0.2778,0.3333,0.3889,Store,1.534,1,61-99 ngày,2,4,5,4.5,11,At Risk,High,11.2847,7.1082
C0082,85,54178,2318,53,1,1,0,1,79,135,9,39,4,0,1,2,2,5,2,0,0,0,0,0,0,0,6.35,45-54,50-70K,Married/Partner,Graduate,1,1,3,187,0.7219,0.0481,0.2086,0.0214,0.0,9,20.78,0.1111,0.2222,0.2222,0.5556,Store,0.345,0,61-99 ngày,2,2,3,2.5,7,Hibernating,Low,10.9,5.2364
C0083,86,42394,2257,48,1,0,0,0,69,15,2,10,0,1,1,1,0,3,7,0,0,0,0,0,0,0,6.18,45-54,30-50K,Single,Graduate,0,0,1,28,0.5357,0.0714,0.3571,0.0,0.0357,4,7.0,0.25,0.25,0.0,0.75,Store,0.066,0,61-99 ngày,2,1,1,1.0,4,Hibernating,Low,10.6548,3.3673
C0084,87,23626,2195,50,1,1,1,0,84,27,2,14,0,0,3,3,1,3,5,0,0,0,0,0,0,0,6.01,45-54,<30K,Married/Partner,Graduate,1,1,3,43,0.6279,0.0465,0.3256,0.0,0.0,7,6.14,0.4286,0.4286,0.1429,0.4286,Web,0.182,0,61-99 ngày,1,2,1,1.5,4,Hibernating,Low,10.0701,3.7842
C0085,88,30096,2197,37,1,1,1,0,30,5,3,11,12,5,1,2,0,3,6,0,0,0,0,0,0,0,6.02,35-44,30-50K,Married/Partner,Graduate,1,1,3,36,0.1389,0.0833,0.3056,0.3333,0.1389,5,7.2,0.2,0.4,0.0,0.6,Store,0.12,0,0-30 ngày,4,1,1,1.0,6,New / Promising,Low,10.3122,3.6109
C0086,89,47916,2743,60,1,0,0,0,72,505,0,26,0,0,5,7,4,6,6,0,0,0,1,0,1,0,7.52,55-64,30-50K,Single,Graduate,0,0,1,531,0.951,0.0,0.049,0.0,0.0,17,31.24,0.2941,0.4118,0.2353,0.3529,Web,1.108,1,61-99 ngày,2,4,3,3.5,9,At Risk,Mid,10.7772,6.2766
C0087,90,51813,2603,48,1,0,0,0,37,51,2,7,0,1,2,2,0,3,7,0,0,0,0,0,0,0,7.13,45-54,50-70K,Single,Graduate,0,0,1,61,0.8361,0.0328,0.1148,0.0,0.0164,5,12.2,0.4,0.4,0.0,0.6,Store,0.118,0,31-60 ngày,4,1,2,1.5,7,New / Promising,Low,10.8554,4.1271
C0088,91,78497,2369,69,0,1,0,0,44,207,26,447,75,0,1,5,7,12,2,1,0,0,0,0,1,0,6.49,65+,70-90K,Married/Partner,Non-graduate,0,0,2,755,0.2742,0.0344,0.5921,0.0993,0.0,24,31.46,0.0417,0.2083,0.2917,0.5,Store,0.962,1,31-60 ngày,3,5,4,4.5,12,Loyal Customers,Mid,11.2708,6.628
C0089,92,50150,2533,37,1,1,0,0,32,135,46,92,65,61,2,5,2,7,5,0,0,0,0,0,0,0,6.94,35-44,50-70K,Married/Partner,Graduate,0,0,2,399,0.3383,0.1153,0.2306,0.1629,0.1529,14,28.5,0.1429,0.3571,0.1429,0.5,Store,0.796,0,31-60 ngày,4,3,3,3.0,10,Loyal Customers,Mid,10.8228,5.9915
C0090,93,47823,2500,60,0,0,0,0,0,53,1,5,2,1,2,2,0,3,8,0,0,0,0,0,0,0,6.85,55-64,30-50K,Single,Non-graduate,0,0,1,62,0.8548,0.0161,0.0806,0.0323,0.0161,5,12.4,0.4,0.4,0.0,0.6,Store,0.13,0,0-30 ngày,5,1,2,1.5,8,New / Promising,Low,10.7753,4.1431
C0091,94,34554,2250,61,1,0,0,0,43,41,1,6,2,0,2,2,0,3,6,0,0,0,0,0,0,0,6.16,55-64,30-50K,Single,Graduate,0,0,1,50,0.82,0.02,0.12,0.04,0.0,5,10.0,0.4,0.4,0.0,0.6,Store,0.145,0,31-60 ngày,3,1,2,1.5,6,Need Attention,Low,10.4503,3.9318
C0092,95,85693,2594,41,1,1,0,1,59,386,172,183,185,132,2,9,5,11,5,0,0,0,0,0,0,0,7.11,35-44,70-90K,Married/Partner,Graduate,1,1,3,1058,0.3648,0.1626,0.173,0.1749,0.1248,25,42.32,0.08,0.36,0.2,0.44,Store,1.235,0,31-60 ngày,3,5,4,4.5,12,Loyal Customers,Mid,11.3585,6.9651
C0093,96,65846,2567,75,1,1,0,0,68,562,81,276,80,40,1,6,3,6,4,0,0,0,0,0,0,0,7.03,65+,50-70K,Married/Partner,Graduate,0,0,2,1039,0.5409,0.078,0.2656,0.077,0.0385,15,69.27,0.0667,0.4,0.2,0.4,Web,1.578,0,61-99 ngày,2,3,4,3.5,9,At Risk,Mid,11.0951,6.947
C0094,97,87195,2211,61,1,1,0,0,35,217,76,690,50,26,1,3,11,5,1,0,0,0,0,0,0,0,6.06,55-64,70-90K,Married/Partner,Graduate,0,0,2,1059,0.2049,0.0718,0.6516,0.0472,0.0246,19,55.74,0.0526,0.1579,0.5789,0.2632,Catalog,1.215,0,31-60 ngày,4,4,4,4.0,12,Champions,Mid,11.3759,6.966
C0095,98,24594,2360,41,0,1,1,0,94,1,3,6,10,0,1,1,0,3,5,0,0,0,0,0,0,0,6.47,35-44,<30K,Married/Partner,Non-graduate,1,1,3,20,0.05,0.15,0.3,0.5,0.0,4,5.0,0.25,0.25,0.0,0.75,Store,0.081,0,61-99 ngày,1,1,1,1.0,3,Hibernating,Low,10.1103,3.0445
C0096,99,49096,2437,56,1,1,1,1,15,144,1,32,2,1,4,4,1,4,7,0,0,0,0,0,0,0,6.68,55-64,30-50K,Married/Partner,Graduate,2,1,4,180,0.8,0.0056,0.1778,0.0111,0.0056,9,20.0,0.4444,0.4444,0.1111,0.4444,Web,0.367,0,0-30 ngày,5,2,2,2.0,9,New / Promising,Low,10.8016,5.1985
C0097,100,52413,2671,51,1,1,0,2,56,295,106,271,75,98,4,6,4,12,6,0,0,0,0,0,0,0,7.32,45-54,50-70K,Married/Partner,Graduate,2,1,4,845,0.3491,0.1254,0.3207,0.0888,0.116,22,38.41,0.1818,0.2727,0.1818,0.5455,Store,1.612,0,31-60 ngày,3,5,4,4.5,12,Loyal Customers,Mid,10.8669,6.7405
C0098,101,38557,2716,42,1,0,0,0,17,76,3,31,4,4,2,3,1,3,7,0,0,0,0,0,0,0,7.44,35-44,30-50K,Single,Graduate,0,0,1,118,0.6441,0.0254,0.2627,0.0339,0.0339,7,16.86,0.2857,0.4286,0.1429,0.4286,Web,0.306,0,0-30 ngày,5,2,2,2.0,9,New / Promising,Low,10.5599,4.7791
C0099,102,89058,2728,60,1,1,0,0,18,454,194,106,31,22,1,5,4,4,2,0,0,0,0,0,0,0,7.47,55-64,70-90K,Married/Partner,Graduate,0,0,2,807,0.5626,0.2404,0.1314,0.0384,0.0273,13,62.08,0.0769,0.3846,0.3077,0.3077,Web,0.906,0,0-30 ngày,5,3,4,3.5,12,Loyal Customers,Mid,11.3971,6.6946
C0100,103,77298,2398,41,1,1,0,1,46,425,115,292,23,35,1,6,6,11,3,0,0,0,0,0,0,0,6.57,35-44,70-90K,Married/Partner,Graduate,1,1,3,890,0.4775,0.1292,0.3281,0.0258,0.0393,23,38.7,0.0435,0.2609,0.2609,0.4783,Store,1.151,0,31-60 ngày,3,5,4,4.5,12,Loyal Customers,Mid,11.2554,6.7923
C0101,104,68126,2755,29,1,0,0,0,40,1332,17,311,23,51,1,7,4,5,9,0,0,0,1,0,1,0,7.55,24-34,50-70K,Single,Graduate,0,0,1,1734,0.7682,0.0098,0.1794,0.0133,0.0294,16,108.38,0.0625,0.4375,0.25,0.3125,Web,2.545,1,31-60 ngày,3,4,5,4.5,12,Loyal Customers,High,11.1291,7.4588
C0102,105,57288,2163,57,1,1,0,1,27,527,0,21,0,0,3,8,1,8,6,0,0,0,1,0,1,0,5.93,55-64,50-70K,Married/Partner,Graduate,1,1,3,548,0.9617,0.0,0.0383,0.0,0.0,17,32.24,0.1765,0.4706,0.0588,0.4706,Web,0.957,1,0-30 ngày,4,4,3,3.5,11,Loyal Customers,Mid,10.9559,6.3081
C0103,106,86037,2702,29,1,0,0,0,95,490,44,125,29,20,1,6,7,11,3,0,0,0,1,1,2,0,7.4,24-34,70-90K,Single,Graduate,0,0,1,708,0.6921,0.0621,0.1766,0.041,0.0282,24,29.5,0.0417,0.25,0.2917,0.4583,Store,0.823,1,61-99 ngày,1,5,4,4.5,10,At Risk,Mid,11.3625,6.5639
C0104,107,43974,2723,40,1,1,1,0,19,378,0,101,0,0,5,6,4,6,7,0,0,0,0,0,0,0,7.46,35-44,30-50K,Married/Partner,Graduate,1,1,3,479,0.7891,0.0,0.2109,0.0,0.0,16,29.94,0.3125,0.375,0.25,0.375,Web,1.089,0,0-30 ngày,5,4,3,3.5,12,Loyal Customers,Mid,10.6914,6.1738
C0105,108,50785,2451,58,1,0,0,0,27,64,1,21,0,1,2,2,1,3,6,0,0,0,0,0,0,0,6.72,55-64,50-70K,Single,Graduate,0,0,1,87,0.7356,0.0115,0.2414,0.0,0.0115,6,14.5,0.3333,0.3333,0.1667,0.5,Store,0.171,0,0-30 ngày,4,2,2,2.0,8,New / Promising,Low,10.8354,4.4773
C0106,109,90765,2315,50,1,1,0,0,25,547,99,812,151,82,0,4,6,5,1,1,0,0,0,1,2,0,6.34,45-54,90K+,Married/Partner,Graduate,0,0,2,1691,0.3235,0.0585,0.4802,0.0893,0.0485,15,112.73,0.0,0.2667,0.4,0.3333,Catalog,1.863,1,0-30 ngày,4,3,5,4.0,12,Champions,High,11.416,7.4337
C0107,110,36550,2654,42,0,1,1,0,74,47,90,94,123,103,5,9,1,5,9,0,0,0,0,0,0,0,7.27,35-44,30-50K,Married/Partner,Non-graduate,1,1,3,457,0.1028,0.1969,0.2057,0.2691,0.2254,15,30.47,0.3333,0.6,0.0667,0.3333,Web,1.25,0,61-99 ngày,2,3,3,3.0,8,At Risk,Mid,10.5065,6.1269
C0108,111,30753,2512,53,0,1,1,1,85,12,5,25,0,9,2,1,1,3,5,0,0,0,0,0,0,0,6.88,45-54,30-50K,Married/Partner,Non-graduate,2,1,4,51,0.2353,0.098,0.4902,0.0,0.1765,5,10.2,0.4,0.2,0.2,0.6,Store,0.166,0,61-99 ngày,1,1,2,1.5,4,Hibernating,Low,10.3338,3.9512
C0109,112,21918,2386,51,1,1,1,0,37,1,6,7,11,5,2,2,0,3,6,0,0,0,0,0,0,0,6.54,45-54,<30K,Married/Partner,Graduate,1,1,3,30,0.0333,0.2,0.2333,0.3667,0.1667,5,6.0,0.4,0.4,0.0,0.6,Store,0.137,0,31-60 ngày,4,1,1,1.0,6,New / Promising,Low,9.9951,3.434
C0110,113,56129,2533,67,1,1,0,1,65,320,48,133,39,72,4,6,2,10,4,0,0,0,0,0,0,0,6.94,65+,50-70K,Married/Partner,Graduate,1,1,3,612,0.5229,0.0784,0.2173,0.0637,0.1176,18,34.0,0.2222,0.3333,0.1111,0.5556,Store,1.09,0,61-99 ngày,2,4,4,4.0,10,At Risk,Mid,10.9354,6.4184
C0111,114,32557,2284,53,1,0,0,0,13,34,3,29,0,4,3,2,1,3,5,0,0,0,0,0,0,0,6.26,45-54,30-50K,Single,Graduate,0,0,1,70,0.4857,0.0429,0.4143,0.0,0.0571,6,11.67,0.5,0.3333,0.1667,0.5,Store,0.215,0,0-30 ngày,5,2,2,2.0,9,New / Promising,Low,10.3908,4.2627
C0112,115,19510,2457,35,1,1,2,0,63,9,0,7,3,4,2,1,0,3,7,0,0,0,0,0,0,0,6.73,35-44,<30K,Married/Partner,Graduate,2,1,4,23,0.3913,0.0,0.3043,0.1304,0.1739,4,5.75,0.5,0.25,0.0,0.75,Store,0.118,0,61-99 ngày,2,1,1,1.0,4,Hibernating,Low,9.8787,3.1781
C0113,116,30992,2592,44,1,0,0,0,83,17,0,14,7,3,1,1,0,3,7,0,0,0,0,0,0,0,7.1,35-44,30-50K,Single,Graduate,0,0,1,41,0.4146,0.0,0.3415,0.1707,0.0732,4,10.25,0.25,0.25,0.0,0.75,Store,0.132,0,61-99 ngày,1,1,1,1.0,3,Hibernating,Low,10.3415,3.7377
C0114,117,101970,2633,37,1,0,0,0,69,722,27,102,44,72,0,6,8,13,2,1,0,0,1,1,3,0,7.21,35-44,90K+,Single,Graduate,0,0,1,967,0.7466,0.0279,0.1055,0.0455,0.0745,27,35.81,0.0,0.2222,0.2963,0.4815,Store,0.948,1,61-99 ngày,2,5,4,4.5,11,At Risk,Mid,11.5324,6.8752
C0115,118,71488,2655,55,0,1,0,0,87,162,33,124,40,28,2,3,4,7,1,0,0,0,0,0,0,0,7.27,55-64,70-90K,Married/Partner,Non-graduate,0,0,2,387,0.4186,0.0853,0.3204,0.1034,0.0724,14,27.64,0.1429,0.2143,0.2857,0.5,Store,0.541,0,61-99 ngày,1,3,3,3.0,7,At Risk,Mid,11.1773,5.961
C0116,119,79607,2593,36,1,0,0,0,37,450,133,951,173,0,1,3,6,6,1,0,0,0,0,0,0,0,7.1,35-44,70-90K,Single,Graduate,0,0,1,1707,0.2636,0.0779,0.5571,0.1013,0.0,15,113.8,0.0667,0.2,0.4,0.4,Catalog,2.144,0,31-60 ngày,4,3,5,4.0,12,Champions,High,11.2849,7.4431
C0117,120,54348,2180,67,1,1,1,1,51,70,0,16,0,0,2,2,0,4,6,0,0,0,0,0,0,0,5.97,65+,50-70K,Married/Partner,Graduate,2,1,4,86,0.814,0.0,0.186,0.0,0.0,6,14.33,0.3333,0.3333,0.0,0.6667,Store,0.158,0,31-60 ngày,3,2,2,2.0,7,Need Attention,Low,10.9032,4.4659
C0118,121,77376,2209,64,1,1,1,1,72,492,19,110,16,12,4,6,3,10,4,0,0,0,0,0,0,0,6.05,55-64,70-90K,Married/Partner,Graduate,2,1,4,649,0.7581,0.0293,0.1695,0.0247,0.0185,19,34.16,0.2105,0.3158,0.1579,0.5263,Store,0.839,0,61-99 ngày,2,4,4,4.0,10,At Risk,Mid,11.2564,6.477
C0119,122,62998,2431,68,1,1,0,1,10,120,58,73,65,89,5,5,4,5,5,0,0,0,0,0,0,0,6.66,65+,50-70K,Married/Partner,Graduate,1,1,3,405,0.2963,0.1432,0.1802,0.1605,0.2198,14,28.93,0.3571,0.3571,0.2857,0.3571,Web,0.643,0,0-30 ngày,5,3,3,3.0,11,Loyal Customers,Mid,11.0509,6.0064
C0120,123,61331,2635,62,1,0,0,0,42,534,5,47,0,5,5,11,1,6,8,0,0,0,0,0,0,0,7.22,55-64,50-70K,Single,Graduate,0,0,1,591,0.9036,0.0085,0.0795,0.0,0.0085,18,32.83,0.2778,0.6111,0.0556,0.3333,Web,0.964,0,31-60 ngày,3,4,4,4.0,11,Loyal Customers,Mid,11.0241,6.3835
C0121,124,73448,2298,51,1,1,0,0,10,236,106,189,23,41,1,7,2,9,4,0,0,0,0,0,0,0,6.3,45-54,70-90K,Married/Partner,Graduate,0,0,2,595,0.3966,0.1782,0.3176,0.0387,0.0689,18,33.06,0.0556,0.3889,0.1111,0.5,Store,0.81,0,0-30 ngày,5,4,4,4.0,13,Champions,Mid,11.2043,6.3902
C0122,125,41551,2478,56,1,1,1,1,51,220,0,33,3,0,5,5,1,5,8,0,0,0,0,0,0,0,6.79,55-64,30-50K,Married/Partner,Graduate,2,1,4,256,0.8594,0.0,0.1289,0.0117,0.0,11,23.27,0.4545,0.4545,0.0909,0.4545,Web,0.616,0,31-60 ngày,3,3,3,3.0,9,Loyal Customers,Low,10.6347,5.5491
C0123,126,62981,2628,53,1,1,0,0,21,796,14,590,38,44,1,4,5,13,3,0,0,0,1,0,1,0,7.2,45-54,50-70K,Married/Partner,Graduate,0,0,2,1482,0.5371,0.0094,0.3981,0.0256,0.0297,22,67.36,0.0455,0.1818,0.2273,0.5909,Store,2.353,1,0-30 ngày,4,5,5,5.0,14,Champions,High,11.0506,7.3018
C0124,127,9548,2849,44,0,0,0,0,31,0,1,3,10,6,2,1,0,3,8,0,0,0,0,0,0,0,7.81,35-44,<30K,Single,Non-graduate,0,0,1,20,0.0,0.05,0.15,0.5,0.3,4,5.0,0.5,0.25,0.0,0.75,Store,0.209,0,31-60 ngày,4,1,1,1.0,6,New / Promising,Low,9.1642,3.0445
C0125,128,33762,2516,61,1,1,2,1,61,53,1,34,2,0,3,2,2,2,8,0,0,0,0,0,0,0,6.89,55-64,30-50K,Married/Partner,Graduate,3,1,5,90,0.5889,0.0111,0.3778,0.0222,0.0,6,15.0,0.5,0.3333,0.3333,0.3333,Web,0.267,0,61-99 ngày,2,2,2,2.0,6,Hibernating,Low,10.4271,4.5109
C0126,129,35860,2200,47,1,0,0,0,37,15,0,8,4,2,2,1,1,2,5,0,0,1,0,0,1,0,6.03,45-54,30-50K,Single,Graduate,0,0,1,29,0.5172,0.0,0.2759,0.1379,0.069,4,7.25,0.5,0.25,0.25,0.5,Store,0.081,1,31-60 ngày,4,1,1,1.0,6,New / Promising,Low,10.4874,3.4012
C0127,130,36921,2495,55,1,0,0,0,74,17,1,12,3,1,2,2,0,3,7,0,0,0,0,0,0,0,6.84,55-64,30-50K,Single,Graduate,0,0,1,34,0.5,0.0294,0.3529,0.0882,0.0294,5,6.8,0.4,0.4,0.0,0.6,Store,0.092,0,61-99 ngày,2,1,1,1.0,4,Hibernating,Low,10.5166,3.5553
C0128,131,92859,2777,28,1,0,0,0,46,962,61,921,52,61,1,5,4,12,2,0,0,0,0,0,0,0,7.61,24-34,90K+,Single,Graduate,0,0,1,2057,0.4677,0.0297,0.4477,0.0253,0.0297,21,97.95,0.0476,0.2381,0.1905,0.5714,Store,2.215,0,31-60 ngày,3,5,5,5.0,13,Loyal Customers,High,11.4388,7.6295
C0129,132,65104,2386,44,1,1,0,1,4,738,0,232,13,20,2,3,5,7,7,0,0,0,0,0,0,0,6.54,35-44,50-70K,Married/Partner,Graduate,1,1,3,1003,0.7358,0.0,0.2313,0.013,0.0199,15,66.87,0.1333,0.2,0.3333,0.4667,Store,1.541,0,0-30 ngày,5,3,4,3.5,12,Loyal Customers,Mid,11.0838,6.9117
C0130,133,86111,2595,58,1,1,0,0,73,399,28,756,36,40,1,5,7,10,2,0,0,0,0,0,0,0,7.11,55-64,70-90K,Married/Partner,Graduate,0,0,2,1259,0.3169,0.0222,0.6005,0.0286,0.0318,22,57.23,0.0455,0.2273,0.3182,0.4545,Store,1.462,0,61-99 ngày,2,5,5,5.0,12,At Risk,High,11.3634,7.1389
C0131,134,68352,2464,46,1,0,0,0,47,614,16,132,43,33,3,8,5,9,6,0,0,0,0,0,0,0,6.75,45-54,50-70K,Single,Graduate,0,0,1,838,0.7327,0.0191,0.1575,0.0513,0.0394,22,38.09,0.1364,0.3636,0.2273,0.4091,Store,1.226,0,31-60 ngày,3,5,4,4.5,12,Loyal Customers,Mid,11.1324,6.7322
C0132,135,41883,2626,32,1,1,1,0,13,32,34,41,73,16,3,4,2,3,7,0,0,0,0,0,0,0,7.19,24-34,30-50K,Married/Partner,Graduate,1,1,3,196,0.1633,0.1735,0.2092,0.3724,0.0816,9,21.78,0.3333,0.4444,0.2222,0.3333,Web,0.468,0,0-30 ngày,5,2,3,2.5,10,New / Promising,Low,10.6427,5.2832
C0133,136,59809,2778,44,1,1,0,2,36,598,16,141,32,41,3,3,3,6,8,0,0,0,0,0,0,0,7.61,35-44,50-70K,Married/Partner,Graduate,2,1,4,828,0.7222,0.0193,0.1703,0.0386,0.0495,12,69.0,0.25,0.25,0.25,0.5,Store,1.384,0,31-60 ngày,4,3,4,3.5,11,Loyal Customers,Mid,10.9989,6.7202
C0134,137,23957,2768,45,1,1,1,0,47,2,1,18,20,11,1,2,0,3,6,0,0,0,0,0,0,0,7.58,45-54,<30K,Married/Partner,Graduate,1,1,3,52,0.0385,0.0192,0.3462,0.3846,0.2115,5,10.4,0.2,0.4,0.0,0.6,Store,0.217,0,31-60 ngày,3,1,2,1.5,6,Need Attention,Low,10.0841,3.9703
C0135,138,38547,2464,39,1,1,1,0,49,6,1,10,0,1,1,1,0,2,8,0,0,0,0,0,0,1,6.75,35-44,30-50K,Married/Partner,Graduate,1,1,3,18,0.3333,0.0556,0.5556,0.0,0.0556,3,6.0,0.3333,0.3333,0.0,0.6667,Store,0.047,0,31-60 ngày,3,1,1,1.0,5,Need Attention,Low,10.5597,2.9444
C0136,139,35688,2835,47,0,1,2,1,94,73,3,90,12,1,7,4,1,4,8,0,0,0,0,0,0,0,7.77,45-54,30-50K,Married/Partner,Non-graduate,3,1,5,179,0.4078,0.0168,0.5028,0.067,0.0056,9,19.89,0.7778,0.4444,0.1111,0.4444,Web,0.502,0,61-99 ngày,1,2,2,2.0,5,Hibernating,Low,10.4826,5.193
C0137,140,49605,2167,54,1,1,0,0,65,42,16,29,12,20,1,2,1,4,3,0,0,0,0,0,0,0,5.94,45-54,30-50K,Married/Partner,Graduate,0,0,2,119,0.3529,0.1345,0.2437,0.1008,0.1681,7,17.0,0.1429,0.2857,0.1429,0.5714,Store,0.24,0,61-99 ngày,2,2,2,2.0,6,Hibernating,Low,10.8119,4.7875
C0138,141,59354,2225,67,1,1,0,2,59,295,21,78,39,13,1,4,4,7,3,0,0,0,0,0,0,0,6.1,65+,50-70K,Married/Partner,Graduate,2,1,4,446,0.6614,0.0471,0.1749,0.0874,0.0291,15,29.73,0.0667,0.2667,0.2667,0.4667,Store,0.751,0,31-60 ngày,3,3,3,3.0,9,Loyal Customers,Mid,10.9913,6.1026
C0139,142,65747,2273,51,1,1,0,1,96,346,17,48,23,13,4,8,1,6,6,0,0,0,1,0,1,0,6.23,45-54,50-70K,Married/Partner,Graduate,1,1,3,447,0.774,0.038,0.1074,0.0515,0.0291,15,29.8,0.2667,0.5333,0.0667,0.4,Web,0.68,1,61-99 ngày,1,3,3,3.0,7,At Risk,Mid,11.0936,6.1048
C0140,143,46344,2721,48,0,1,0,1,28,233,20,57,8,20,4,7,1,5,7,0,0,0,0,0,0,0,7.45,45-54,30-50K,Married/Partner,Non-graduate,1,1,3,338,0.6893,0.0592,0.1686,0.0237,0.0592,13,26.0,0.3077,0.5385,0.0769,0.3846,Web,0.729,0,0-30 ngày,4,3,3,3.0,10,Loyal Customers,Low,10.7439,5.826
C0141,144,34176,2207,32,1,0,0,0,12,5,7,24,19,14,4,3,0,4,6,0,0,0,0,0,0,0,6.05,24-34,30-50K,Single,Graduate,0,0,1,69,0.0725,0.1014,0.3478,0.2754,0.2029,7,9.86,0.5714,0.4286,0.0,0.5714,Store,0.202,0,0-30 ngày,5,2,2,2.0,9,New / Promising,Low,10.4393,4.2485
C0142,145,61010,2787,68,1,1,0,1,57,888,0,57,0,0,2,8,5,11,5,0,0,0,0,0,0,0,7.64,65+,50-70K,Married/Partner,Graduate,1,1,3,945,0.9397,0.0,0.0603,0.0,0.0,24,39.38,0.0833,0.3333,0.2083,0.4583,Store,1.549,0,31-60 ngày,3,5,4,4.5,12,Loyal Customers,Mid,11.0188,6.8522
C0143,146,69372,2654,71,1,1,0,0,10,997,26,269,34,13,1,10,4,6,4,0,0,0,1,1,2,0,7.27,65+,50-70K,Married/Partner,Graduate,0,0,2,1339,0.7446,0.0194,0.2009,0.0254,0.0097,20,66.95,0.05,0.5,0.2,0.3,Web,1.93,1,0-30 ngày,5,4,5,4.5,14,Champions,High,11.1473,7.2004
C0144,147,49967,2515,62,1,0,0,0,4,212,6,69,4,12,3,6,1,5,7,0,0,0,0,0,0,0,6.89,55-64,30-50K,Single,Graduate,0,0,1,303,0.6997,0.0198,0.2277,0.0132,0.0396,12,25.25,0.25,0.5,0.0833,0.4167,Web,0.606,0,0-30 ngày,5,3,3,3.0,11,Loyal Customers,Low,10.8191,5.717
C0145,148,60199,2449,42,1,0,0,0,49,8,1,7,2,0,1,0,0,3,4,0,0,0,0,0,0,0,6.71,35-44,50-70K,Single,Graduate,0,0,1,18,0.4444,0.0556,0.3889,0.1111,0.0,3,6.0,0.3333,0.0,0.0,1.0,Store,0.03,0,31-60 ngày,3,1,1,1.0,5,Need Attention,Low,11.0054,2.9444
C0146,149,55375,2414,43,1,1,0,1,3,42,11,57,10,28,1,1,1,6,2,0,0,0,0,0,0,0,6.61,35-44,50-70K,Married/Partner,Graduate,1,1,3,148,0.2838,0.0743,0.3851,0.0676,0.1892,8,18.5,0.125,0.125,0.125,0.75,Store,0.267,0,0-30 ngày,5,2,2,2.0,9,New / Promising,Low,10.9219,5.0039
C0147,150,80317,2472,65,1,0,0,0,64,536,11,387,149,91,1,3,4,10,1,0,0,0,0,0,0,0,6.77,65+,70-90K,Single,Graduate,0,0,1,1174,0.4566,0.0094,0.3296,0.1269,0.0775,17,69.06,0.0588,0.1765,0.2353,0.5882,Store,1.462,0,61-99 ngày,2,4,5,4.5,11,At Risk,High,11.2937,7.069
C0148,151,30523,2522,62,1,0,0,0,0,5,0,3,0,0,1,1,0,2,7,0,0,0,0,0,0,0,6.91,55-64,30-50K,Single,Graduate,0,0,1,8,0.625,0.0,0.375,0.0,0.0,3,2.67,0.3333,0.3333,0.0,0.6667,Store,0.026,0,0-30 ngày,5,1,1,1.0,7,New / Promising,Low,10.3263,2.1972
C0149,152,70356,2760,75,1,1,0,0,20,1349,16,249,43,16,2,10,6,9,6,0,0,0,0,0,0,0,7.56,65+,70-90K,Married/Partner,Graduate,0,0,2,1673,0.8063,0.0096,0.1488,0.0257,0.0096,25,66.92,0.08,0.4,0.24,0.36,Web,2.378,0,0-30 ngày,4,5,5,5.0,14,Champions,High,11.1613,7.423
C0150,153,23228,2334,36,1,1,1,0,91,53,3,49,7,4,4,3,0,4,8,0,0,0,0,0,0,0,6.39,35-44,<30K,Married/Partner,Graduate,1,1,3,116,0.4569,0.0259,0.4224,0.0603,0.0345,7,16.57,0.5714,0.4286,0.0,0.5714,Store,0.499,0,61-99 ngày,1,2,2,2.0,5,Hibernating,Low,10.0532,4.7622
C0151,154,74165,2583,45,1,0,0,0,9,1001,12,240,16,12,1,5,4,10,2,0,0,0,0,0,0,0,7.08,45-54,70-90K,Single,Graduate,0,0,1,1281,0.7814,0.0094,0.1874,0.0125,0.0094,19,67.42,0.0526,0.2632,0.2105,0.5263,Store,1.727,0,0-30 ngày,5,4,5,4.5,14,Champions,High,11.2141,7.1562
C0152,155,43482,2387,54,1,1,2,1,83,18,1,32,6,3,3,2,0,4,6,0,0,0,0,0,0,0,6.54,45-54,30-50K,Married/Partner,Graduate,3,1,5,60,0.3,0.0167,0.5333,0.1,0.05,6,10.0,0.5,0.3333,0.0,0.6667,Store,0.138,0,61-99 ngày,1,2,2,2.0,5,Hibernating,Low,10.6801,4.1109
C0153,156,62551,2382,67,1,0,0,0,27,125,16,98,134,21,1,6,7,4,3,0,0,1,0,0,1,0,6.53,65+,50-70K,Single,Graduate,0,0,1,394,0.3173,0.0406,0.2487,0.3401,0.0533,17,23.18,0.0588,0.3529,0.4118,0.2353,Catalog,0.63,1,0-30 ngày,4,4,3,3.5,11,Loyal Customers,Mid,11.0438,5.9789
C0154,157,52332,2464,61,1,0,0,0,63,212,5,33,7,0,1,3,2,6,4,0,0,0,1,0,1,0,6.75,55-64,50-70K,Single,Graduate,0,0,1,257,0.8249,0.0195,0.1284,0.0272,0.0,11,23.36,0.0909,0.2727,0.1818,0.5455,Store,0.491,1,61-99 ngày,2,3,3,3.0,8,At Risk,Low,10.8654,5.553
C0155,158,66951,2398,32,1,0,0,0,46,277,162,305,173,76,1,3,4,7,1,0,0,0,0,0,0,0,6.57,24-34,50-70K,Single,Graduate,0,0,1,993,0.279,0.1631,0.3072,0.1742,0.0765,14,70.93,0.0714,0.2143,0.2857,0.5,Store,1.483,0,31-60 ngày,3,3,4,3.5,10,Loyal Customers,Mid,11.1117,6.9017
C0156,159,26091,2283,63,1,1,1,1,84,15,10,19,8,17,3,2,1,3,5,0,0,0,0,0,0,0,6.25,55-64,<30K,Married/Partner,Graduate,2,1,4,69,0.2174,0.1449,0.2754,0.1159,0.2464,6,11.5,0.5,0.3333,0.1667,0.5,Store,0.264,0,61-99 ngày,1,2,2,2.0,5,Hibernating,Low,10.1694,4.2485
C0157,160,33456,2228,55,1,1,1,1,58,7,3,10,8,1,2,1,0,3,7,0,0,0,0,0,0,0,6.1,55-64,30-50K,Married/Partner,Graduate,2,1,4,29,0.2414,0.1034,0.3448,0.2759,0.0345,4,7.25,0.5,0.25,0.0,0.75,Store,0.087,0,31-60 ngày,3,1,1,1.0,5,Need Attention,Low,10.418,3.4012
C0158,161,28718,2510,38,1,1,1,0,78,12,4,6,11,8,2,2,0,3,8,0,0,0,0,0,0,0,6.88,35-44,<30K,Married/Partner,Graduate,1,1,3,41,0.2927,0.0976,0.1463,0.2683,0.1951,5,8.2,0.4,0.4,0.0,0.6,Store,0.143,0,61-99 ngày,2,1,1,1.0,4,Hibernating,Low,10.2653,3.7377
C0159,162,50447,2228,50,1,1,2,0,4,85,7,24,2,3,1,3,1,3,6,0,0,0,0,0,0,0,6.1,45-54,50-70K,Married/Partner,Graduate,2,1,4,121,0.7025,0.0579,0.1983,0.0165,0.0248,7,17.29,0.1429,0.4286,0.1429,0.4286,Web,0.24,0,0-30 ngày,5,2,2,2.0,9,New / Promising,Low,10.8287,4.804
C0160,163,53537,2309,61,1,1,1,1,17,81,0,6,0,0,2,2,1,3,5,0,0,0,0,0,0,0,6.33,55-64,50-70K,Married/Partner,Graduate,2,1,4,87,0.931,0.0,0.069,0.0,0.0,6,14.5,0.3333,0.3333,0.1667,0.5,Store,0.163,0,0-30 ngày,5,2,2,2.0,9,New / Promising,Low,10.8881,4.4773
C0161,164,52074,2245,53,1,0,0,0,77,59,0,12,0,0,1,2,2,2,4,0,0,1,0,0,1,0,6.15,45-54,50-70K,Single,Graduate,0,0,1,71,0.831,0.0,0.169,0.0,0.0,6,11.83,0.1667,0.3333,0.3333,0.3333,Web,0.136,1,61-99 ngày,2,2,2,2.0,6,Hibernating,Low,10.8604,4.2767
C0162,165,80427,2814,45,1,1,0,1,56,1149,71,449,69,71,1,11,8,8,5,0,0,0,0,0,0,0,7.71,45-54,70-90K,Married/Partner,Graduate,1,1,3,1809,0.6352,0.0392,0.2482,0.0381,0.0392,27,67.0,0.037,0.4074,0.2963,0.2963,Web,2.249,0,31-60 ngày,3,5,5,5.0,13,Loyal Customers,High,11.2951,7.5011
C0163,166,83837,2719,72,1,1,0,0,79,847,66,119,86,89,1,9,10,5,4,1,0,0,1,0,2,0,7.45,65+,70-90K,Married/Partner,Graduate,0,0,2,1207,0.7017,0.0547,0.0986,0.0713,0.0737,24,50.29,0.0417,0.375,0.4167,0.2083,Catalog,1.44,1,61-99 ngày,2,5,5,5.0,12,At Risk,High,11.3366,7.0967
C0164,167,38853,2196,50,1,1,1,1,90,29,0,14,0,0,2,2,0,3,7,0,0,0,0,0,0,0,6.02,45-54,30-50K,Married/Partner,Graduate,2,1,4,43,0.6744,0.0,0.3256,0.0,0.0,5,8.6,0.4,0.4,0.0,0.6,Store,0.111,0,61-99 ngày,1,1,1,1.0,3,Hibernating,Low,10.5676,3.7842
C0165,168,38285,2164,61,1,1,2,1,96,2,0,5,2,0,1,0,0,3,2,0,0,0,0,0,0,0,5.93,55-64,30-50K,Married/Partner,Graduate,3,1,5,9,0.2222,0.0,0.5556,0.2222,0.0,3,3.0,0.3333,0.0,0.0,1.0,Store,0.024,0,61-99 ngày,1,1,1,1.0,3,Hibernating,Low,10.5528,2.3026
C0166,170,51650,2208,44,1,1,0,1,81,152,3,22,2,5,1,4,1,4,5,0,0,0,0,0,0,0,6.05,35-44,50-70K,Married/Partner,Graduate,1,1,3,184,0.8261,0.0163,0.1196,0.0109,0.0272,9,20.44,0.1111,0.4444,0.1111,0.4444,Web,0.356,0,61-99 ngày,1,2,3,2.5,6,Hibernating,Low,10.8523,5.2204
C0167,171,16248,2209,32,0,1,1,0,77,12,11,10,3,12,3,2,1,3,6,0,0,0,0,0,0,0,6.05,24-34,<30K,Married/Partner,Non-graduate,1,1,3,48,0.25,0.2292,0.2083,0.0625,0.25,6,8.0,0.5,0.3333,0.1667,0.5,Store,0.295,0,61-99 ngày,2,2,2,2.0,6,Hibernating,Low,9.6958,3.8918
C0168,172,66835,2433,74,1,1,0,0,21,620,26,195,34,17,1,6,4,13,2,0,0,0,0,0,0,0,6.67,65+,50-70K,Married/Partner,Graduate,0,0,2,892,0.6951,0.0291,0.2186,0.0381,0.0191,23,38.78,0.0435,0.2609,0.1739,0.5652,Store,1.335,0,0-30 ngày,4,5,4,4.5,13,Champions,Mid,11.11,6.7946
C0169,173,30477,2317,36,1,1,1,0,16,47,1,6,0,0,1,1,1,3,6,0,0,0,0,0,0,0,6.35,35-44,30-50K,Married/Partner,Graduate,1,1,3,54,0.8704,0.0185,0.1111,0.0,0.0,5,10.8,0.2,0.2,0.2,0.6,Store,0.177,0,0-30 ngày,5,1,2,1.5,8,New / Promising,Low,10.3248,4.0073
C0170,174,28249,2173,59,0,1,0,0,80,1,9,7,2,14,1,2,0,3,6,0,0,0,0,0,0,0,5.95,55-64,<30K,Married/Partner,Non-graduate,0,0,2,33,0.0303,0.2727,0.2121,0.0606,0.4242,5,6.6,0.2,0.4,0.0,0.6,Store,0.117,0,61-99 ngày,1,1,1,1.0,3,Hibernating,Low,10.2488,3.5264
C0171,175,25271,2730,37,1,1,1,0,45,10,1,18,10,4,1,1,1,2,9,0,0,0,0,0,0,0,7.48,35-44,<30K,Married/Partner,Graduate,1,1,3,43,0.2326,0.0233,0.4186,0.2326,0.093,4,10.75,0.25,0.25,0.25,0.5,Store,0.17,0,31-60 ngày,3,1,1,1.0,5,Need Attention,Low,10.1375,3.7842
C0172,176,32303,2272,50,1,0,0,0,63,35,0,2,0,0,2,1,0,4,5,0,0,0,0,0,0,0,6.22,45-54,30-50K,Single,Graduate,0,0,1,37,0.9459,0.0,0.0541,0.0,0.0,5,7.4,0.4,0.2,0.0,0.8,Store,0.115,0,61-99 ngày,2,1,1,1.0,4,Hibernating,Low,10.3829,3.6376
C0173,177,61286,2490,54,1,1,0,1,34,356,0,107,19,9,2,7,1,8,5,0,0,0,0,0,0,0,6.82,45-54,50-70K,Married/Partner,Graduate,1,1,3,491,0.7251,0.0,0.2179,0.0387,0.0183,16,30.69,0.125,0.4375,0.0625,0.5,Store,0.801,0,31-60 ngày,4,4,3,3.5,11,Loyal Customers,Mid,11.0233,6.1985
C0174,178,74068,2626,44,1,1,0,0,14,783,30,537,140,76,1,4,10,9,2,0,0,0,0,0,0,0,7.19,35-44,70-90K,Married/Partner,Graduate,0,0,2,1566,0.5,0.0192,0.3429,0.0894,0.0485,23,68.09,0.0435,0.1739,0.4348,0.3913,Catalog,2.114,0,0-30 ngày,5,5,5,5.0,15,Champions,High,11.2128,7.3569
C0175,179,45759,2650,56,1,1,1,1,13,42,1,18,3,0,2,2,0,3,7,0,0,0,0,0,0,0,7.26,55-64,30-50K,Married/Partner,Graduate,2,1,4,64,0.6562,0.0156,0.2812,0.0469,0.0,5,12.8,0.4,0.4,0.0,0.6,Store,0.14,0,0-30 ngày,5,1,2,1.5,8,New / Promising,Low,10.7312,4.1744
C0176,180,24882,2817,42,0,1,1,0,52,1,4,10,29,0,1,1,1,2,6,0,0,1,0,0,1,0,7.72,35-44,<30K,Married/Partner,Non-graduate,1,1,3,44,0.0227,0.0909,0.2273,0.6591,0.0,4,11.0,0.25,0.25,0.25,0.5,Store,0.177,1,31-60 ngày,3,1,1,1.0,5,Need Attention,Low,10.1219,3.8067
C0177,181,66973,2567,31,1,1,0,0,98,466,22,432,147,113,1,8,7,12,3,0,0,0,0,0,0,0,7.03,24-34,50-70K,Married/Partner,Graduate,0,0,2,1180,0.3949,0.0186,0.3661,0.1246,0.0958,27,43.7,0.037,0.2963,0.2593,0.4444,Store,1.762,0,61-99 ngày,1,5,5,5.0,11,At Risk,High,11.1121,7.0741
C0178,182,38872,2554,32,1,1,1,0,93,23,3,21,3,19,2,3,0,3,8,0,0,0,0,0,0,0,7.0,24-34,30-50K,Married/Partner,Graduate,1,1,3,69,0.3333,0.0435,0.3043,0.0435,0.2754,6,11.5,0.3333,0.5,0.0,0.5,Web,0.178,0,61-99 ngày,1,2,2,2.0,5,Hibernating,Low,10.5681,4.2485
C0179,183,51148,2655,47,1,1,1,1,38,235,6,45,8,9,4,5,1,6,6,0,0,0,0,0,0,0,7.27,45-54,50-70K,Married/Partner,Graduate,2,1,4,303,0.7756,0.0198,0.1485,0.0264,0.0297,12,25.25,0.3333,0.4167,0.0833,0.5,Store,0.592,0,31-60 ngày,4,3,3,3.0,10,Loyal Customers,Low,10.8425,5.717
C0180,184,31353,2341,43,1,1,1,1,24,10,0,10,3,1,2,1,1,2,8,0,0,0,0,0,0,0,6.41,35-44,30-50K,Married/Partner,Graduate,2,1,4,24,0.4167,0.0,0.4167,0.125,0.0417,4,6.0,0.5,0.25,0.25,0.5,Store,0.077,0,0-30 ngày,4,1,1,1.0,6,New / Promising,Low,10.3531,3.2189
C0181,185,69661,2206,40,1,1,0,0,80,656,16,106,32,16,1,7,3,12,3,0,0,0,0,0,0,0,6.04,35-44,50-70K,Married/Partner,Graduate,0,0,2,826,0.7942,0.0194,0.1283,0.0387,0.0194,22,37.55,0.0455,0.3182,0.1364,0.5455,Store,1.186,0,61-99 ngày,1,5,4,4.5,10,At Risk,Mid,11.1514,6.7178
C0182,186,80067,2442,66,1,1,0,0,82,519,17,813,27,173,1,4,6,6,2,0,0,0,0,1,1,0,6.69,65+,70-90K,Married/Partner,Graduate,0,0,2,1549,0.3351,0.011,0.5249,0.0174,0.1117,16,96.81,0.0625,0.25,0.375,0.375,Catalog,1.935,1,61-99 ngày,1,4,5,4.5,10,At Risk,High,11.2906,7.346
C0183,187,86718,2687,66,1,1,0,0,20,344,189,482,50,33,1,5,6,5,2,0,0,0,0,0,0,0,7.36,65+,70-90K,Married/Partner,Graduate,0,0,2,1098,0.3133,0.1721,0.439,0.0455,0.0301,16,68.62,0.0625,0.3125,0.375,0.3125,Catalog,1.266,0,0-30 ngày,4,4,4,4.0,12,Champions,Mid,11.3704,7.0022
C0184,188,46854,2249,47,1,0,0,0,81,96,1,79,7,1,6,5,1,3,8,0,0,1,0,0,1,0,6.16,45-54,30-50K,Single,Graduate,0,0,1,184,0.5217,0.0054,0.4293,0.038,0.0054,9,20.44,0.6667,0.5556,0.1111,0.3333,Web,0.393,1,61-99 ngày,1,2,3,2.5,6,Hibernating,Low,10.7548,5.2204
C0185,189,69142,2159,68,1,0,0,0,50,448,4,34,6,4,3,8,1,7,5,0,0,0,1,0,1,0,5.92,65+,50-70K,Single,Graduate,0,0,1,496,0.9032,0.0081,0.0685,0.0121,0.0081,16,31.0,0.1875,0.5,0.0625,0.4375,Web,0.717,1,31-60 ngày,3,4,3,3.5,10,Loyal Customers,Mid,11.1439,6.2086
C0186,190,75922,2361,52,1,0,0,0,60,265,138,553,224,23,1,4,4,9,1,0,0,0,0,0,0,0,6.47,45-54,70-90K,Single,Graduate,0,0,1,1203,0.2203,0.1147,0.4597,0.1862,0.0191,17,70.76,0.0588,0.2353,0.2353,0.5294,Store,1.585,0,31-60 ngày,2,4,5,4.5,11,At Risk,High,11.2375,7.0934
C0187,191,63693,2417,42,1,0,0,0,63,587,43,337,42,87,3,11,6,9,6,0,0,0,0,0,0,0,6.62,35-44,50-70K,Single,Graduate,0,0,1,1096,0.5356,0.0392,0.3075,0.0383,0.0794,26,42.15,0.1154,0.4231,0.2308,0.3462,Web,1.721,0,61-99 ngày,2,5,4,4.5,11,At Risk,Mid,11.0618,7.0003
C0188,192,102160,2763,43,1,1,0,0,54,763,29,138,76,176,0,7,9,10,4,1,0,0,1,1,3,0,7.57,35-44,90K+,Married/Partner,Graduate,0,0,2,1182,0.6455,0.0245,0.1168,0.0643,0.1489,26,45.46,0.0,0.2692,0.3462,0.3846,Store,1.157,1,31-60 ngày,3,5,5,5.0,13,Loyal Customers,High,11.5343,7.0758
C0189,193,40637,2506,55,1,0,0,0,72,22,0,13,0,0,2,1,0,3,7,0,0,0,0,0,0,0,6.87,55-64,30-50K,Single,Graduate,0,0,1,35,0.6286,0.0,0.3714,0.0,0.0,4,8.75,0.5,0.25,0.0,0.75,Store,0.086,0,61-99 ngày,2,1,1,1.0,4,Hibernating,Low,10.6125,3.5835
C0190,194,18890,2755,36,1,0,0,0,5,6,4,1,7,2,1,0,1,2,6,0,0,1,0,0,1,0,7.55,35-44,<30K,Single,Graduate,0,0,1,20,0.3,0.2,0.05,0.35,0.1,3,6.67,0.3333,0.0,0.3333,0.6667,Store,0.106,1,0-30 ngày,5,1,1,1.0,7,New / Promising,Low,9.8464,3.0445
C0191,195,29604,2362,32,1,1,1,0,88,7,6,13,7,6,1,1,0,3,9,0,0,1,0,0,1,0,6.47,24-34,<30K,Married/Partner,Graduate,1,1,3,39,0.1795,0.1538,0.3333,0.1795,0.1538,4,9.75,0.25,0.25,0.0,0.75,Store,0.132,1,61-99 ngày,1,1,1,1.0,3,Hibernating,Low,10.2957,3.6889
C0192,196,48721,2571,57,1,0,0,0,50,81,18,113,47,13,6,4,2,5,6,0,0,0,0,0,0,0,7.04,55-64,30-50K,Single,Graduate,0,0,1,272,0.2978,0.0662,0.4154,0.1728,0.0478,11,24.73,0.5455,0.3636,0.1818,0.4545,Store,0.558,0,31-60 ngày,3,3,3,3.0,9,Loyal Customers,Low,10.7939,5.6095
C0193,197,44794,2180,54,1,1,0,1,99,54,0,7,0,0,1,2,0,3,6,0,0,0,0,0,0,0,5.97,45-54,30-50K,Married/Partner,Graduate,1,1,3,61,0.8852,0.0,0.1148,0.0,0.0,5,12.2,0.2,0.4,0.0,0.6,Store,0.136,0,61-99 ngày,1,1,2,1.5,4,Hibernating,Low,10.7099,4.1271
C0194,198,64497,2816,66,1,0,0,0,17,1170,48,320,42,32,5,11,4,9,8,0,0,1,0,0,1,0,7.72,65+,50-70K,Single,Graduate,0,0,1,1612,0.7258,0.0298,0.1985,0.0261,0.0199,24,67.17,0.2083,0.4583,0.1667,0.375,Web,2.499,1,0-30 ngày,5,5,5,5.0,15,Champions,High,11.0744,7.3859
C0195,199,46097,2614,64,1,1,0,1,11,72,24,68,65,4,5,3,1,6,4,0,0,0,0,0,0,0,7.16,55-64,30-50K,Married/Partner,Graduate,1,1,3,233,0.309,0.103,0.2918,0.279,0.0172,10,23.3,0.5,0.3,0.1,0.6,Store,0.505,0,0-30 ngày,5,3,3,3.0,11,Loyal Customers,Low,10.7385,5.4553
C0196,200,77972,2262,66,1,1,0,0,18,613,22,319,33,102,1,4,6,9,1,0,0,0,0,0,0,0,6.2,65+,70-90K,Married/Partner,Graduate,0,0,2,1089,0.5629,0.0202,0.2929,0.0303,0.0937,19,57.32,0.0526,0.2105,0.3158,0.4737,Store,1.397,0,0-30 ngày,5,4,4,4.0,13,Champions,Mid,11.2641,6.9939
C0197,201,44377,2791,52,1,1,1,1,70,224,0,30,0,0,8,5,1,5,8,0,0,0,0,0,0,0,7.65,45-54,30-50K,Married/Partner,Graduate,2,1,4,254,0.8819,0.0,0.1181,0.0,0.0,11,23.09,0.7273,0.4545,0.0909,0.4545,Web,0.572,0,61-99 ngày,2,3,3,3.0,8,At Risk,Low,10.7005,5.5413
C0198,202,46014,2683,46,1,1,1,1,21,410,0,59,19,9,10,7,1,8,7,0,0,0,0,0,0,0,7.35,45-54,30-50K,Married/Partner,Graduate,2,1,4,497,0.8249,0.0,0.1187,0.0382,0.0181,16,31.06,0.625,0.4375,0.0625,0.5,Store,1.08,0,0-30 ngày,4,4,3,3.5,11,Loyal Customers,Mid,10.7367,6.2106
C0199,203,70951,2580,35,1,1,0,0,66,239,10,554,254,87,1,3,4,9,1,0,0,0,0,0,0,0,7.07,35-44,70-90K,Married/Partner,Graduate,0,0,2,1144,0.2089,0.0087,0.4843,0.222,0.076,16,71.5,0.0625,0.1875,0.25,0.5625,Store,1.612,0,61-99 ngày,2,4,5,4.5,11,At Risk,High,11.1698,7.0432
C0200,204,41443,2248,43,1,1,1,0,79,171,7,171,25,19,6,8,1,5,8,0,0,0,0,0,0,0,6.16,35-44,30-50K,Married/Partner,Graduate,1,1,3,393,0.4351,0.0178,0.4351,0.0636,0.0483,14,28.07,0.4286,0.5714,0.0714,0.3571,Web,0.948,0,61-99 ngày,2,3,3,3.0,8,At Risk,Mid,10.6321,5.9764
C0201,205,52195,2207,42,0,0,0,0,2,12,0,4,0,0,1,1,0,2,8,0,0,0,0,0,0,0,6.05,35-44,50-70K,Single,Non-graduate,0,0,1,16,0.75,0.0,0.25,0.0,0.0,3,5.33,0.3333,0.3333,0.0,0.6667,Store,0.031,0,0-30 ngày,5,1,1,1.0,7,New / Promising,Low,10.8628,2.8332
C0202,206,83790,2385,72,1,1,0,0,81,1076,16,417,42,48,1,8,10,6,3,0,0,0,1,1,2,0,6.53,65+,70-90K,Married/Partner,Graduate,0,0,2,1599,0.6729,0.01,0.2608,0.0263,0.03,24,66.62,0.0417,0.3333,0.4167,0.25,Catalog,1.908,1,61-99 ngày,1,5,5,5.0,11,At Risk,High,11.3361,7.3778
C0203,207,44551,2461,66,1,0,0,0,24,182,4,33,0,0,2,4,1,5,7,0,0,0,0,0,0,0,6.74,65+,30-50K,Single,Graduate,0,0,1,219,0.8311,0.0183,0.1507,0.0,0.0,10,21.9,0.2,0.4,0.1,0.5,Store,0.492,0,0-30 ngày,4,3,3,3.0,10,Loyal Customers,Low,10.7044,5.3936
C0204,208,69508,2751,40,1,1,1,0,48,824,32,162,42,32,2,11,4,11,6,0,0,0,0,0,0,0,7.54,35-44,50-70K,Married/Partner,Graduate,1,1,3,1092,0.7546,0.0293,0.1484,0.0385,0.0293,26,42.0,0.0769,0.4231,0.1538,0.4231,Web,1.571,0,31-60 ngày,3,5,4,4.5,12,Loyal Customers,Mid,11.1492,6.9967
C0205,209,45204,2238,32,0,1,1,0,93,30,11,25,29,1,1,1,1,4,3,0,0,0,0,0,0,0,6.13,24-34,30-50K,Married/Partner,Non-graduate,1,1,3,96,0.3125,0.1146,0.2604,0.3021,0.0104,6,16.0,0.1667,0.1667,0.1667,0.6667,Store,0.212,0,61-99 ngày,1,2,2,2.0,5,Hibernating,Low,10.719,4.5747
C0206,210,72460,2386,51,1,1,0,0,56,377,10,540,80,30,1,3,5,7,1,0,0,0,0,0,0,0,6.54,45-54,70-90K,Married/Partner,Graduate,0,0,2,1037,0.3635,0.0096,0.5207,0.0771,0.0289,15,69.13,0.0667,0.2,0.3333,0.4667,Store,1.431,0,31-60 ngày,3,3,4,3.5,10,Loyal Customers,Mid,11.1908,6.9451
C0207,211,77622,2235,50,1,1,0,2,3,520,7,154,19,0,2,6,3,11,3,0,0,0,0,0,0,0,6.12,45-54,70-90K,Married/Partner,Graduate,2,1,4,700,0.7429,0.01,0.22,0.0271,0.0,20,35.0,0.1,0.3,0.15,0.55,Store,0.902,0,0-30 ngày,5,4,4,4.0,13,Champions,Mid,11.2596,6.5525
C0208,212,30732,2699,40,1,1,1,0,44,155,1,25,0,1,4,4,1,4,8,0,0,0,0,0,0,0,7.39,35-44,30-50K,Married/Partner,Graduate,1,1,3,182,0.8516,0.0055,0.1374,0.0,0.0055,9,20.22,0.4444,0.4444,0.1111,0.4444,Web,0.592,0,31-60 ngày,3,2,2,2.0,7,Need Attention,Low,10.3331,5.2095
C0209,213,63887,2818,58,1,0,0,0,38,897,23,207,15,11,5,9,6,12,6,0,0,0,0,0,0,0,7.72,55-64,50-70K,Single,Graduate,0,0,1,1153,0.778,0.0199,0.1795,0.013,0.0095,27,42.7,0.1852,0.3333,0.2222,0.4444,Store,1.805,0,31-60 ngày,4,5,5,5.0,14,Champions,High,11.0649,7.051
C0210,214,42011,2619,42,1,1,1,0,46,131,0,16,2,1,4,3,1,4,8,0,0,0,0,0,0,0,7.18,35-44,30-50K,Married/Partner,Graduate,1,1,3,150,0.8733,0.0,0.1067,0.0133,0.0067,8,18.75,0.5,0.375,0.125,0.5,Store,0.357,0,31-60 ngày,3,2,2,2.0,7,Need Attention,Low,10.6457,5.0173
C0211,215,51369,2771,44,1,1,0,1,84,297,7,79,0,11,2,8,2,4,8,0,0,0,0,0,0,0,7.59,35-44,50-70K,Married/Partner,Graduate,1,1,3,394,0.7538,0.0178,0.2005,0.0,0.0279,14,28.14,0.1429,0.5714,0.1429,0.2857,Web,0.767,0,61-99 ngày,1,3,3,3.0,7,At Risk,Mid,10.8468,5.9789
C0212,216,51537,2726,68,1,0,0,0,27,787,20,204,0,0,3,2,2,11,8,0,0,0,0,0,0,0,7.47,65+,50-70K,Single,Graduate,0,0,1,1011,0.7784,0.0198,0.2018,0.0,0.0,15,67.4,0.2,0.1333,0.1333,0.7333,Store,1.962,0,0-30 ngày,4,3,4,3.5,11,Loyal Customers,Mid,10.8501,6.9197
C0213,217,79930,2849,48,1,1,0,0,72,792,86,740,67,51,1,3,5,8,2,0,0,0,0,0,0,0,7.81,45-54,70-90K,Married/Partner,Graduate,0,0,2,1736,0.4562,0.0495,0.4263,0.0386,0.0294,16,108.5,0.0625,0.1875,0.3125,0.5,Store,2.172,0,61-99 ngày,2,4,5,4.5,11,At Risk,High,11.2889,7.4599
C0214,218,34320,2292,34,1,1,1,0,66,4,1,9,3,0,1,1,0,2,8,0,0,0,0,0,0,0,6.28,24-34,30-50K,Married/Partner,Graduate,1,1,3,17,0.2353,0.0588,0.5294,0.1765,0.0,3,5.67,0.3333,0.3333,0.0,0.6667,Store,0.05,0,61-99 ngày,2,1,1,1.0,4,Hibernating,Low,10.4435,2.8904
C0215,219,37070,2625,54,1,0,0,0,30,231,7,137,4,15,9,5,1,8,7,0,0,0,0,0,0,0,7.19,45-54,30-50K,Single,Graduate,0,0,1,394,0.5863,0.0178,0.3477,0.0102,0.0381,14,28.14,0.6429,0.3571,0.0714,0.5714,Store,1.063,0,0-30 ngày,4,3,3,3.0,10,Loyal Customers,Mid,10.5206,5.9789
C0216,220,81975,2699,58,0,0,0,0,2,983,76,184,180,138,1,6,3,4,7,0,0,0,0,1,1,0,7.39,55-64,70-90K,Single,Non-graduate,0,0,1,1561,0.6297,0.0487,0.1179,0.1153,0.0884,13,120.08,0.0769,0.4615,0.2308,0.3077,Web,1.904,1,0-30 ngày,5,3,5,4.0,13,Champions,High,11.3142,7.3537
C0217,221,38590,2569,49,1,1,1,0,65,3,1,8,4,3,1,1,0,2,8,0,0,0,0,0,0,0,7.04,45-54,30-50K,Married/Partner,Graduate,1,1,3,19,0.1579,0.0526,0.4211,0.2105,0.1579,3,6.33,0.3333,0.3333,0.0,0.6667,Store,0.049,0,61-99 ngày,2,1,1,1.0,4,Hibernating,Low,10.5608,2.9957
C0218,222,15033,2233,69,1,0,0,0,37,0,4,5,6,0,1,1,0,3,3,0,0,0,0,0,0,0,6.12,65+,<30K,Single,Graduate,0,0,1,15,0.0,0.2667,0.3333,0.4,0.0,4,3.75,0.25,0.25,0.0,0.75,Store,0.1,0,31-60 ngày,4,1,1,1.0,6,New / Promising,Low,9.6181,2.7726
C0219,223,62745,2622,55,1,1,0,1,89,562,21,464,28,10,3,7,8,11,5,0,0,0,0,0,0,0,7.18,55-64,50-70K,Married/Partner,Graduate,1,1,3,1085,0.518,0.0194,0.4276,0.0258,0.0092,26,41.73,0.1154,0.2692,0.3077,0.4231,Store,1.729,0,61-99 ngày,1,5,4,4.5,10,At Risk,Mid,11.0469,6.9903
C0220,224,22212,2361,45,0,1,1,0,49,5,9,20,6,8,2,2,0,4,6,0,0,0,0,0,0,0,6.47,45-54,<30K,Married/Partner,Non-graduate,1,1,3,48,0.1042,0.1875,0.4167,0.125,0.1667,6,8.0,0.3333,0.3333,0.0,0.6667,Store,0.216,0,31-60 ngày,3,2,2,2.0,7,Need Attention,Low,10.0084,3.8918
C0221,225,23661,2366,38,1,1,1,0,46,18,0,4,0,0,1,1,0,3,7,0,0,0,0,0,0,0,6.48,35-44,<30K,Married/Partner,Graduate,1,1,3,22,0.8182,0.0,0.1818,0.0,0.0,4,5.5,0.25,0.25,0.0,0.75,Store,0.093,0,31-60 ngày,3,1,1,1.0,5,Need Attention,Low,10.0716,3.1355
C0222,226,79761,2427,62,1,0,0,0,32,415,5,124,15,35,1,5,2,11,3,0,0,0,0,0,0,0,6.65,55-64,70-90K,Single,Graduate,0,0,1,594,0.6987,0.0084,0.2088,0.0253,0.0589,18,33.0,0.0556,0.2778,0.1111,0.6111,Store,0.745,0,31-60 ngày,4,4,4,4.0,12,Champions,Mid,11.2868,6.3886
C0223,227,7500,2344,47,1,0,0,0,54,5,3,10,12,7,4,3,1,3,7,0,0,0,0,0,0,0,6.42,45-54,<30K,Single,Graduate,0,0,1,37,0.1351,0.0811,0.2703,0.3243,0.1892,7,5.29,0.5714,0.4286,0.1429,0.4286,Web,0.493,0,31-60 ngày,3,2,1,1.5,6,Need Attention,Low,8.9228,3.6376
C0224,228,73455,2403,52,1,0,0,0,98,901,61,757,186,163,1,6,5,10,3,0,0,0,1,0,1,0,6.58,45-54,70-90K,Single,Graduate,0,0,1,2068,0.4357,0.0295,0.3661,0.0899,0.0788,21,98.48,0.0476,0.2857,0.2381,0.4762,Store,2.815,1,61-99 ngày,1,5,5,5.0,11,At Risk,High,11.2044,7.6348
C0225,229,64961,2712,62,1,1,0,1,97,382,114,276,75,124,2,6,4,4,3,0,0,0,0,0,0,0,7.43,55-64,50-70K,Married/Partner,Graduate,1,1,3,971,0.3934,0.1174,0.2842,0.0772,0.1277,14,69.36,0.1429,0.4286,0.2857,0.2857,Web,1.495,0,61-99 ngày,1,3,4,3.5,8,At Risk,Mid,11.0816,6.8794
C0226,230,22804,2492,49,1,0,0,0,75,14,1,7,2,1,1,2,0,2,9,0,0,0,0,0,0,0,6.83,45-54,<30K,Single,Graduate,0,0,1,25,0.56,0.04,0.28,0.08,0.04,4,6.25,0.25,0.5,0.0,0.5,Web,0.11,0,61-99 ngày,2,1,1,1.0,4,Hibernating,Low,10.0347,3.2581
C0227,231,73687,2372,30,1,1,0,0,8,559,153,503,218,13,1,3,9,9,2,1,0,0,0,0,1,0,6.5,24-34,70-90K,Married/Partner,Graduate,0,0,2,1446,0.3866,0.1058,0.3479,0.1508,0.009,21,68.86,0.0476,0.1429,0.4286,0.4286,Catalog,1.962,1,0-30 ngày,5,5,5,5.0,15,Champions,High,11.2076,7.2772
C0228,232,61074,2840,62,1,1,0,1,37,789,0,133,0,28,7,11,5,8,7,0,0,0,0,0,0,0,7.78,55-64,50-70K,Married/Partner,Graduate,1,1,3,950,0.8305,0.0,0.14,0.0,0.0295,24,39.58,0.2917,0.4583,0.2083,0.3333,Web,1.555,0,31-60 ngày,4,5,4,4.5,13,Champions,Mid,11.0199,6.8575
C0229,233,31686,2183,56,1,1,1,1,31,11,0,5,0,0,2,1,0,3,6,0,0,0,0,0,0,0,5.98,55-64,30-50K,Married/Partner,Graduate,2,1,4,16,0.6875,0.0,0.3125,0.0,0.0,4,4.0,0.5,0.25,0.0,0.75,Store,0.05,0,31-60 ngày,4,1,1,1.0,6,New / Promising,Low,10.3637,2.8332
C0230,234,80134,2564,48,1,1,1,0,40,1218,16,272,104,0,2,5,3,6,6,1,0,0,1,1,3,0,7.02,45-54,70-90K,Married/Partner,Graduate,1,1,3,1610,0.7565,0.0099,0.1689,0.0646,0.0,14,115.0,0.1429,0.3571,0.2143,0.4286,Store,2.009,1,31-60 ngày,3,3,5,4.0,11,Loyal Customers,High,11.2915,7.3846
C0231,235,75027,2695,67,1,1,0,1,74,925,64,179,133,12,2,9,4,6,5,0,0,0,0,0,0,0,7.38,65+,70-90K,Married/Partner,Graduate,1,1,3,1313,0.7045,0.0487,0.1363,0.1013,0.0091,19,69.11,0.1053,0.4737,0.2105,0.3158,Web,1.75,0,61-99 ngày,2,4,5,4.5,11,At Risk,High,11.2256,7.1808
C0232,236,67546,2826,32,1,1,0,0,90,864,134,768,150,38,1,4,10,5,3,0,0,0,0,0,0,0,7.74,24-34,50-70K,Married/Partner,Graduate,0,0,2,1954,0.4422,0.0686,0.393,0.0768,0.0194,19,102.84,0.0526,0.2105,0.5263,0.2632,Catalog,2.893,0,61-99 ngày,1,4,5,4.5,10,At Risk,High,11.1206,7.5781
C0233,237,65176,2767,51,1,1,0,1,57,960,28,183,220,70,4,9,6,6,6,0,0,0,0,0,0,0,7.58,45-54,50-70K,Married/Partner,Graduate,1,1,3,1461,0.6571,0.0192,0.1253,0.1506,0.0479,21,69.57,0.1905,0.4286,0.2857,0.2857,Web,2.242,0,31-60 ngày,3,5,5,5.0,13,Loyal Customers,High,11.0849,7.2876
C0234,238,31160,2445,45,1,0,0,0,59,16,3,25,6,1,2,2,0,3,8,0,0,0,0,0,0,0,6.7,45-54,30-50K,Single,Graduate,0,0,1,51,0.3137,0.0588,0.4902,0.1176,0.0196,5,10.2,0.4,0.4,0.0,0.6,Store,0.164,0,31-60 ngày,2,1,2,1.5,5,Hibernating,Low,10.3469,3.9512
C0235,239,29938,2404,35,1,0,0,0,52,3,3,7,0,2,2,1,0,3,6,0,0,0,0,0,0,0,6.59,35-44,<30K,Single,Graduate,0,0,1,15,0.2,0.2,0.4667,0.0,0.1333,4,3.75,0.5,0.25,0.0,0.75,Store,0.05,0,31-60 ngày,3,1,1,1.0,5,Need Attention,Low,10.3069,2.7726
C0236,240,102692,2609,46,1,0,0,0,5,168,148,444,32,172,1,6,9,13,2,1,1,0,1,1,4,0,7.15,45-54,90K+,Single,Graduate,0,0,1,964,0.1743,0.1535,0.4606,0.0332,0.1784,28,34.43,0.0357,0.2143,0.3214,0.4643,Store,0.939,1,0-30 ngày,5,5,4,4.5,14,Champions,Mid,11.5395,6.8721
C0237,241,26490,2804,62,0,1,0,0,92,45,47,52,21,20,2,3,1,5,6,0,0,0,0,0,0,0,7.68,55-64,<30K,Married/Partner,Non-graduate,0,0,2,185,0.2432,0.2541,0.2811,0.1135,0.1081,9,20.56,0.2222,0.3333,0.1111,0.5556,Store,0.698,0,61-99 ngày,1,2,3,2.5,6,Hibernating,Low,10.1846,5.2257
C0238,242,75702,2828,53,1,1,1,1,77,650,28,353,45,42,5,4,6,11,8,0,0,0,0,0,0,0,7.75,45-54,70-90K,Married/Partner,Graduate,2,1,4,1118,0.5814,0.025,0.3157,0.0403,0.0376,21,53.24,0.2381,0.1905,0.2857,0.5238,Store,1.477,0,61-99 ngày,2,5,5,5.0,12,At Risk,High,11.2346,7.0202
C0239,243,30899,2783,46,1,0,0,0,35,24,0,8,0,0,2,1,0,3,6,0,0,0,0,0,0,0,7.62,45-54,30-50K,Single,Graduate,0,0,1,32,0.75,0.0,0.25,0.0,0.0,4,8.0,0.5,0.25,0.0,0.75,Store,0.104,0,31-60 ngày,4,1,1,1.0,6,New / Promising,Low,10.3385,3.4965
C0240,244,63342,2780,59,1,1,0,1,48,918,21,118,13,10,3,8,3,5,6,0,0,0,1,0,1,0,7.62,55-64,50-70K,Married/Partner,Graduate,1,1,3,1080,0.85,0.0194,0.1093,0.012,0.0093,16,67.5,0.1875,0.5,0.1875,0.3125,Web,1.705,1,31-60 ngày,3,4,4,4.0,11,Loyal Customers,Mid,11.0563,6.9856
C0241,245,45989,2774,56,1,0,0,0,97,138,33,87,28,24,4,3,2,7,3,0,0,0,0,0,0,0,7.6,55-64,30-50K,Single,Graduate,0,0,1,310,0.4452,0.1065,0.2806,0.0903,0.0774,12,25.83,0.3333,0.25,0.1667,0.5833,Store,0.674,0,61-99 ngày,1,3,3,3.0,7,At Risk,Low,10.7362,5.7398
C0242,246,18701,2549,56,1,0,0,0,95,12,4,2,10,6,4,2,0,4,5,0,0,0,0,0,0,0,6.98,55-64,<30K,Single,Graduate,0,0,1,34,0.3529,0.1176,0.0588,0.2941,0.1765,6,5.67,0.6667,0.3333,0.0,0.6667,Store,0.182,0,61-99 ngày,1,2,1,1.5,4,Hibernating,Low,9.8364,3.5553
C0243,247,40737,2362,63,1,0,0,0,24,11,0,4,0,0,1,1,0,2,8,0,0,0,0,0,0,0,6.47,55-64,30-50K,Single,Graduate,0,0,1,15,0.7333,0.0,0.2667,0.0,0.0,3,5.0,0.3333,0.3333,0.0,0.6667,Store,0.037,0,0-30 ngày,4,1,1,1.0,6,New / Promising,Low,10.6149,2.7726
C0244,248,15287,2786,41,1,0,0,0,60,1,2,8,4,3,2,1,1,2,7,0,0,1,0,0,1,0,7.63,35-44,<30K,Single,Graduate,0,0,1,18,0.0556,0.1111,0.4444,0.2222,0.1667,4,4.5,0.5,0.25,0.25,0.5,Store,0.118,1,31-60 ngày,2,1,1,1.0,4,Hibernating,Low,9.6348,2.9444
C0245,249,69674,2562,52,1,0,0,0,46,554,41,215,11,0,3,10,2,10,5,0,0,0,0,0,0,0,7.02,45-54,50-70K,Single,Graduate,0,0,1,821,0.6748,0.0499,0.2619,0.0134,0.0,22,37.32,0.1364,0.4545,0.0909,0.4545,Web,1.178,0,31-60 ngày,3,5,4,4.5,12,Loyal Customers,Mid,11.1516,6.7117
C0246,250,44159,2171,50,1,1,1,0,85,167,2,62,24,13,4,4,1,6,5,0,0,0,0,0,0,0,5.95,45-54,30-50K,Married/Partner,Graduate,1,1,3,268,0.6231,0.0075,0.2313,0.0896,0.0485,11,24.36,0.3636,0.3636,0.0909,0.5455,Store,0.607,0,61-99 ngày,1,3,3,3.0,7,At Risk,Low,10.6956,5.5947
C0247,251,37717,2742,42,1,1,1,0,31,9,0,6,4,1,1,1,0,2,9,0,0,0,0,0,0,0,7.51,35-44,30-50K,Married/Partner,Graduate,1,1,3,20,0.45,0.0,0.3,0.2,0.05,3,6.67,0.3333,0.3333,0.0,0.6667,Store,0.053,0,31-60 ngày,4,1,1,1.0,6,New / Promising,Low,10.5379,3.0445
C0248,252,43776,2670,68,1,1,1,1,9,177,2,71,3,2,6,5,2,4,8,0,0,0,0,0,0,0,7.32,65+,30-50K,Married/Partner,Graduate,2,1,4,255,0.6941,0.0078,0.2784,0.0118,0.0078,11,23.18,0.5455,0.4545,0.1818,0.3636,Web,0.583,0,0-30 ngày,5,3,3,3.0,11,Loyal Customers,Low,10.6869,5.5452
C0249,253,38179,2631,54,1,1,1,1,30,38,4,22,4,2,4,3,1,3,7,0,0,0,0,0,0,0,7.21,45-54,30-50K,Married/Partner,Graduate,2,1,4,70,0.5429,0.0571,0.3143,0.0571,0.0286,7,10.0,0.5714,0.4286,0.1429,0.4286,Web,0.183,0,0-30 ngày,4,2,2,2.0,8,New / Promising,Low,10.5501,4.2627
C0250,254,80124,2162,57,1,1,0,0,47,483,84,398,205,84,1,3,7,8,1,0,0,1,0,0,1,0,5.92,55-64,70-90K,Married/Partner,Graduate,0,0,2,1254,0.3852,0.067,0.3174,0.1635,0.067,18,69.67,0.0556,0.1667,0.3889,0.4444,Store,1.565,1,31-60 ngày,3,4,5,4.5,12,Loyal Customers,High,11.2913,7.1349
C0251,255,38097,2781,50,1,1,1,1,70,77,2,35,0,1,4,3,2,2,7,0,0,1,0,0,1,0,7.62,45-54,30-50K,Married/Partner,Graduate,2,1,4,115,0.6696,0.0174,0.3043,0.0,0.0087,7,16.43,0.5714,0.4286,0.2857,0.2857,Web,0.302,1,61-99 ngày,2,2,2,2.0,6,Hibernating,Low,10.5479,4.7536
C0252,256,72940,2534,50,1,1,0,0,13,182,74,298,162,149,1,3,3,6,1,0,0,0,0,0,0,0,6.94,45-54,70-90K,Married/Partner,Graduate,0,0,2,865,0.2104,0.0855,0.3445,0.1873,0.1723,12,72.08,0.0833,0.25,0.25,0.5,Store,1.186,0,0-30 ngày,5,3,4,3.5,12,Loyal Customers,Mid,11.1974,6.7639
C0253,257,22070,2427,50,1,1,1,0,11,10,7,19,8,2,2,2,2,2,6,0,0,0,0,0,0,0,6.65,45-54,<30K,Married/Partner,Graduate,1,1,3,46,0.2174,0.1522,0.413,0.1739,0.0435,6,7.67,0.3333,0.3333,0.3333,0.3333,Web,0.208,0,0-30 ngày,5,2,2,2.0,9,New / Promising,Low,10.002,3.8501
C0254,258,69267,2804,67,1,0,0,0,31,778,44,499,95,73,2,3,4,5,7,0,0,0,0,0,0,0,7.68,65+,50-70K,Single,Graduate,0,0,1,1489,0.5225,0.0296,0.3351,0.0638,0.049,12,124.08,0.1667,0.25,0.3333,0.4167,Store,2.15,0,31-60 ngày,4,3,5,4.0,12,Champions,High,11.1457,7.3065
C0255,259,31788,2260,37,1,0,0,0,15,16,7,23,0,8,3,3,0,4,5,0,0,0,0,0,0,1,6.19,35-44,30-50K,Single,Graduate,0,0,1,54,0.2963,0.1296,0.4259,0.0,0.1481,7,7.71,0.4286,0.4286,0.0,0.5714,Store,0.17,0,0-30 ngày,5,2,2,2.0,9,New / Promising,Low,10.3669,4.0073
C0256,260,61905,2304,45,1,1,0,1,2,167,0,43,6,2,2,4,2,4,5,0,0,0,0,0,0,0,6.31,45-54,50-70K,Married/Partner,Graduate,1,1,3,218,0.7661,0.0,0.1972,0.0275,0.0092,10,21.8,0.2,0.4,0.2,0.4,Web,0.352,0,0-30 ngày,5,3,3,3.0,11,Loyal Customers,Low,11.0334,5.3891
C0257,261,29315,2243,60,1,1,1,1,55,13,2,14,8,7,4,2,0,4,6,0,0,0,0,0,0,0,6.15,55-64,<30K,Married/Partner,Graduate,2,1,4,44,0.2955,0.0455,0.3182,0.1818,0.1591,6,7.33,0.6667,0.3333,0.0,0.6667,Store,0.15,0,31-60 ngày,3,2,1,1.5,6,Need Attention,Low,10.2859,3.8067
C0258,262,33378,2667,57,1,0,0,0,38,33,6,40,3,7,3,2,0,4,7,0,0,0,0,0,0,0,7.31,55-64,30-50K,Single,Graduate,0,0,1,89,0.3708,0.0674,0.4494,0.0337,0.0787,6,14.83,0.5,0.3333,0.0,0.6667,Store,0.267,0,31-60 ngày,4,2,2,2.0,8,New / Promising,Low,10.4157,4.4998
C0259,263,66313,2445,57,1,1,0,1,86,625,7,99,10,22,2,6,3,12,4,0,0,0,0,0,0,0,6.7,55-64,50-70K,Married/Partner,Graduate,1,1,3,763,0.8191,0.0092,0.1298,0.0131,0.0288,21,36.33,0.0952,0.2857,0.1429,0.5714,Store,1.151,0,61-99 ngày,1,5,4,4.5,10,At Risk,Mid,11.1022,6.6386
C0260,264,60714,2687,64,1,0,0,0,56,216,162,224,101,92,2,7,4,10,5,0,0,0,0,0,0,0,7.36,55-64,50-70K,Single,Graduate,0,0,1,795,0.2717,0.2038,0.2818,0.127,0.1157,21,37.86,0.0952,0.3333,0.1905,0.4762,Store,1.309,0,31-60 ngày,3,5,4,4.5,12,Loyal Customers,Mid,11.0139,6.6796
C0261,265,77882,2219,39,1,1,0,0,29,68,129,396,188,22,1,3,3,5,1,0,0,0,0,0,0,0,6.08,35-44,70-90K,Married/Partner,Graduate,0,0,2,803,0.0847,0.1606,0.4932,0.2341,0.0274,11,73.0,0.0909,0.2727,0.2727,0.4545,Store,1.031,0,0-30 ngày,4,3,4,3.5,11,Loyal Customers,Mid,11.263,6.6896
C0262,266,69867,2612,34,1,0,0,0,30,196,0,512,33,130,1,3,5,8,1,1,0,0,0,0,1,0,7.16,24-34,50-70K,Single,Graduate,0,0,1,871,0.225,0.0,0.5878,0.0379,0.1493,16,54.44,0.0625,0.1875,0.3125,0.5,Store,1.247,1,0-30 ngày,4,4,4,4.0,12,Champions,Mid,11.1544,6.7708
C0263,267,63841,2593,52,1,0,0,0,64,635,15,100,20,7,1,9,3,9,6,0,0,0,0,0,0,0,7.1,45-54,50-70K,Single,Graduate,0,0,1,777,0.8172,0.0193,0.1287,0.0257,0.009,21,37.0,0.0476,0.4286,0.1429,0.4286,Web,1.217,0,61-99 ngày,2,5,4,4.5,11,At Risk,Mid,11.0642,6.6567
C0264,268,24480,2662,39,0,1,1,0,46,4,19,9,28,25,3,3,0,4,7,0,0,0,0,0,0,0,7.29,35-44,<30K,Married/Partner,Non-graduate,1,1,3,85,0.0471,0.2235,0.1059,0.3294,0.2941,7,12.14,0.4286,0.4286,0.0,0.5714,Store,0.347,0,31-60 ngày,3,2,2,2.0,7,Need Attention,Low,10.1057,4.4543
C0265,271,65640,2279,46,1,1,0,1,74,204,7,149,20,15,1,5,1,8,2,0,0,0,0,0,0,0,6.24,45-54,50-70K,Married/Partner,Graduate,1,1,3,395,0.5165,0.0177,0.3772,0.0506,0.038,14,28.21,0.0714,0.3571,0.0714,0.5714,Store,0.602,0,61-99 ngày,2,3,3,3.0,8,At Risk,Mid,11.092,5.9814
C0266,272,44319,2232,45,1,1,1,1,18,26,0,8,0,0,2,2,0,3,5,0,0,0,0,0,0,0,6.12,45-54,30-50K,Married/Partner,Graduate,2,1,4,34,0.7647,0.0,0.2353,0.0,0.0,5,6.8,0.4,0.4,0.0,0.6,Store,0.077,0,0-30 ngày,5,1,1,1.0,7,New / Promising,Low,10.6992,3.5553
C0267,273,30631,2511,46,1,1,1,0,75,15,6,20,4,5,1,3,1,2,7,0,0,0,0,0,0,0,6.88,45-54,30-50K,Married/Partner,Graduate,1,1,3,50,0.3,0.12,0.4,0.08,0.1,6,8.33,0.1667,0.5,0.1667,0.3333,Web,0.163,0,61-99 ngày,2,2,2,2.0,6,Hibernating,Low,10.3298,3.9318
C0268,274,75278,2675,68,1,1,0,0,17,304,98,230,150,74,1,6,3,13,3,0,0,0,0,0,0,0,7.33,65+,70-90K,Married/Partner,Graduate,0,0,2,856,0.3551,0.1145,0.2687,0.1752,0.0864,22,38.91,0.0455,0.2727,0.1364,0.5909,Store,1.137,0,0-30 ngày,5,5,4,4.5,14,Champions,Mid,11.229,6.7534
C0269,275,50898,2696,64,1,1,1,1,88,285,28,242,55,114,13,6,2,12,5,0,0,0,0,0,0,0,7.39,55-64,50-70K,Married/Partner,Graduate,2,1,4,724,0.3936,0.0387,0.3343,0.076,0.1575,20,36.2,0.65,0.3,0.1,0.6,Store,1.422,0,61-99 ngày,1,4,4,4.0,9,At Risk,Mid,10.8376,6.5862
C0270,276,79946,2207,54,1,0,0,0,19,395,183,565,166,141,1,5,11,5,3,0,0,0,0,0,0,0,6.05,45-54,70-90K,Single,Graduate,0,0,1,1450,0.2724,0.1262,0.3897,0.1145,0.0972,21,69.05,0.0476,0.2381,0.5238,0.2381,Catalog,1.814,0,0-30 ngày,5,5,5,5.0,15,Champions,High,11.2891,7.28
C0271,277,35416,2540,71,1,0,0,0,62,248,3,81,4,3,3,7,1,5,8,0,0,0,0,0,0,0,6.96,65+,30-50K,Single,Graduate,0,0,1,339,0.7316,0.0088,0.2389,0.0118,0.0088,13,26.08,0.2308,0.5385,0.0769,0.3846,Web,0.957,0,61-99 ngày,2,3,3,3.0,8,At Risk,Low,10.4749,5.8289
C0272,278,32414,2519,36,0,1,0,0,11,20,6,5,0,9,1,1,0,3,7,0,0,1,0,0,1,0,6.9,35-44,30-50K,Married/Partner,Non-graduate,0,0,2,40,0.5,0.15,0.125,0.0,0.225,4,10.0,0.25,0.25,0.0,0.75,Store,0.123,1,0-30 ngày,5,1,1,1.0,7,New / Promising,Low,10.3864,3.7136
C0273,279,38361,2343,51,1,1,1,0,74,39,0,56,20,8,3,3,1,3,7,0,0,0,0,0,0,0,6.42,45-54,30-50K,Married/Partner,Graduate,1,1,3,123,0.3171,0.0,0.4553,0.1626,0.065,7,17.57,0.4286,0.4286,0.1429,0.4286,Web,0.321,0,61-99 ngày,2,2,2,2.0,6,Hibernating,Low,10.5548,4.8203
C0274,280,82497,2765,40,1,1,0,0,32,777,129,573,216,21,1,2,7,9,4,0,0,0,0,1,1,0,7.58,35-44,70-90K,Married/Partner,Graduate,0,0,2,1716,0.4528,0.0752,0.3339,0.1259,0.0122,18,95.33,0.0556,0.1111,0.3889,0.5,Store,2.08,1,31-60 ngày,4,4,5,4.5,13,Champions,High,11.3205,7.4483
C0275,281,16626,2324,49,1,1,2,0,76,8,3,22,21,1,3,3,0,3,9,0,0,0,0,0,0,0,6.37,45-54,<30K,Married/Partner,Graduate,2,1,4,55,0.1455,0.0545,0.4,0.3818,0.0182,6,9.17,0.5,0.5,0.0,0.5,Web,0.331,0,61-99 ngày,2,2,2,2.0,6,Hibernating,Low,9.7188,4.0254
C0276,282,29672,2633,55,1,1,1,1,6,9,1,3,0,4,1,0,0,3,6,0,0,0,0,0,0,0,7.21,55-64,<30K,Married/Partner,Graduate,2,1,4,17,0.5294,0.0588,0.1765,0.0,0.2353,3,5.67,0.3333,0.0,0.0,1.0,Store,0.057,0,0-30 ngày,5,1,1,1.0,7,New / Promising,Low,10.298,2.8904
C0277,283,55951,2834,68,1,1,0,1,62,1241,0,80,0,13,3,3,6,11,8,0,1,0,1,0,2,0,7.76,65+,50-70K,Married/Partner,Graduate,1,1,3,1334,0.9303,0.0,0.06,0.0,0.0097,20,66.7,0.15,0.15,0.3,0.55,Store,2.384,1,61-99 ngày,2,4,5,4.5,11,At Risk,High,10.9322,7.1967
C0278,284,35388,2638,32,0,0,0,0,20,6,4,7,4,3,1,1,0,3,7,0,0,0,0,0,0,0,7.23,24-34,30-50K,Single,Non-graduate,0,0,1,24,0.25,0.1667,0.2917,0.1667,0.125,4,6.0,0.25,0.25,0.0,0.75,Store,0.068,0,0-30 ngày,4,1,1,1.0,6,New / Promising,Low,10.4742,3.2189
C0279,285,42386,2691,34,1,1,1,0,43,65,4,16,0,4,1,3,0,3,8,0,0,0,0,0,0,0,7.37,24-34,30-50K,Married/Partner,Graduate,1,1,3,89,0.7303,0.0449,0.1798,0.0,0.0449,6,14.83,0.1667,0.5,0.0,0.5,Web,0.21,0,31-60 ngày,3,2,2,2.0,7,Need Attention,Low,10.6546,4.4998
C0280,286,68627,2692,38,1,0,0,0,45,395,15,263,60,54,1,2,3,6,1,0,0,0,0,0,0,0,7.38,35-44,50-70K,Single,Graduate,0,0,1,787,0.5019,0.0191,0.3342,0.0762,0.0686,11,71.55,0.0909,0.1818,0.2727,0.5455,Store,1.147,0,31-60 ngày,3,3,4,3.5,10,Loyal Customers,Mid,11.1365,6.6695
C0281,287,57912,2263,55,1,0,0,0,34,801,0,80,0,0,5,8,3,12,5,0,0,0,1,0,1,0,6.2,55-64,50-70K,Single,Graduate,0,0,1,881,0.9092,0.0,0.0908,0.0,0.0,23,38.3,0.2174,0.3478,0.1304,0.5217,Store,1.521,1,31-60 ngày,4,5,4,4.5,13,Champions,Mid,10.9667,6.7822
C0282,288,35246,2233,62,1,0,0,0,53,36,0,12,2,2,4,3,1,3,5,0,0,0,0,0,0,0,6.12,55-64,30-50K,Single,Graduate,0,0,1,52,0.6923,0.0,0.2308,0.0385,0.0385,7,7.43,0.5714,0.4286,0.1429,0.4286,Web,0.148,0,31-60 ngày,3,2,2,2.0,7,Need Attention,Low,10.4701,3.9703
C0283,289,58821,2419,64,0,1,0,1,44,513,14,154,19,0,1,9,2,9,6,0,0,0,0,0,0,0,6.63,55-64,50-70K,Married/Partner,Non-graduate,1,1,3,700,0.7329,0.02,0.22,0.0271,0.0,20,35.0,0.05,0.45,0.1,0.45,Web,1.19,0,31-60 ngày,3,4,4,4.0,11,Loyal Customers,Mid,10.9823,6.5525
C0284,290,46377,2279,42,1,1,1,0,89,37,0,46,4,3,1,2,1,3,4,0,0,0,0,0,0,0,6.24,35-44,30-50K,Married/Partner,Graduate,1,1,3,90,0.4111,0.0,0.5111,0.0444,0.0333,6,15.0,0.1667,0.3333,0.1667,0.5,Store,0.194,0,61-99 ngày,1,2,2,2.0,5,Hibernating,Low,10.7446,4.5109
C0285,291,39747,2236,32,1,0,0,0,43,80,15,93,20,13,3,5,1,4,8,0,0,0,0,0,0,0,6.13,24-34,30-50K,Single,Graduate,0,0,1,221,0.362,0.0679,0.4208,0.0905,0.0588,10,22.1,0.3,0.5,0.1,0.4,Web,0.556,0,31-60 ngày,3,3,3,3.0,9,Loyal Customers,Low,10.5903,5.4027
C0286,292,23976,2343,36,1,1,1,0,68,14,1,21,2,3,3,3,1,3,7,0,0,0,0,0,0,0,6.42,35-44,<30K,Married/Partner,Graduate,1,1,3,41,0.3415,0.0244,0.5122,0.0488,0.0732,7,5.86,0.4286,0.4286,0.1429,0.4286,Web,0.171,0,61-99 ngày,2,2,1,1.5,5,Hibernating,Low,10.0849,3.7377
C0287,293,80950,2617,59,1,1,0,0,44,525,147,112,219,147,1,6,7,9,2,1,0,0,0,0,1,0,7.17,55-64,70-90K,Married/Partner,Graduate,0,0,2,1150,0.4565,0.1278,0.0974,0.1904,0.1278,22,52.27,0.0455,0.2727,0.3182,0.4091,Store,1.421,1,31-60 ngày,3,5,5,5.0,13,Loyal Customers,High,11.3016,7.0484
C0288,294,27038,2808,54,1,0,0,0,64,1,26,25,17,23,1,3,0,3,9,0,0,0,0,0,0,0,7.69,45-54,<30K,Single,Graduate,0,0,1,92,0.0109,0.2826,0.2717,0.1848,0.25,6,15.33,0.1667,0.5,0.0,0.5,Web,0.34,0,61-99 ngày,2,2,2,2.0,6,Hibernating,Low,10.205,4.5326
C0289,295,77457,2275,73,1,0,0,0,85,675,11,400,15,45,1,2,5,10,1,0,0,0,0,1,1,0,6.23,65+,70-90K,Single,Graduate,0,0,1,1146,0.589,0.0096,0.349,0.0131,0.0393,17,67.41,0.0588,0.1176,0.2941,0.5882,Store,1.48,1,61-99 ngày,1,4,5,4.5,10,At Risk,High,11.2575,7.0449
C0290,296,64100,2451,56,1,1,0,1,93,509,0,27,0,0,1,8,3,6,7,0,0,0,1,0,1,0,6.72,55-64,50-70K,Married/Partner,Graduate,1,1,3,536,0.9496,0.0,0.0504,0.0,0.0,17,31.53,0.0588,0.4706,0.1765,0.3529,Web,0.836,1,61-99 ngày,1,4,3,3.5,8,At Risk,Mid,11.0682,6.286
C0291,297,42670,2587,28,1,1,0,0,12,154,2,46,20,4,1,4,2,4,4,0,0,0,0,0,0,0,7.09,24-34,30-50K,Married/Partner,Graduate,0,0,2,226,0.6814,0.0088,0.2035,0.0885,0.0177,10,22.6,0.1,0.4,0.2,0.4,Web,0.53,0,0-30 ngày,5,3,3,3.0,11,Loyal Customers,Low,10.6613,5.425
C0292,298,12571,2321,44,1,0,0,0,86,3,5,14,2,12,4,3,1,3,6,0,0,0,0,0,0,0,6.36,35-44,<30K,Single,Graduate,0,0,1,36,0.0833,0.1389,0.3889,0.0556,0.3333,7,5.14,0.5714,0.4286,0.1429,0.4286,Web,0.286,0,61-99 ngày,1,2,1,1.5,4,Hibernating,Low,9.4392,3.6109
C0293,299,22574,2403,53,1,1,2,1,28,25,0,8,2,0,2,2,0,3,7,0,0,0,0,0,0,0,6.58,45-54,<30K,Married/Partner,Graduate,3,1,5,35,0.7143,0.0,0.2286,0.0571,0.0,5,7.0,0.4,0.4,0.0,0.6,Store,0.155,0,0-30 ngày,4,1,1,1.0,6,New / Promising,Low,10.0246,3.5835
C0294,300,70893,2667,44,1,0,0,0,42,768,44,561,77,44,1,6,6,10,3,0,0,0,0,0,0,0,7.31,35-44,70-90K,Single,Graduate,0,0,1,1494,0.5141,0.0295,0.3755,0.0515,0.0295,22,67.91,0.0455,0.2727,0.2727,0.4545,Store,2.107,0,31-60 ngày,3,5,5,5.0,13,Loyal Customers,High,11.1689,7.3099
C0295,301,54198,2353,54,1,1,1,1,13,185,0,28,3,2,6,3,1,6,4,0,0,0,0,0,0,0,6.45,45-54,50-70K,Married/Partner,Graduate,2,1,4,218,0.8486,0.0,0.1284,0.0138,0.0092,10,21.8,0.6,0.3,0.1,0.6,Store,0.402,0,0-30 ngày,5,3,3,3.0,11,Loyal Customers,Low,10.9004,5.3891
C0296,302,28839,2269,64,1,1,1,1,86,24,0,7,0,0,2,2,0,3,5,0,0,0,0,0,0,0,6.22,55-64,<30K,Married/Partner,Graduate,2,1,4,31,0.7742,0.0,0.2258,0.0,0.0,5,6.2,0.4,0.4,0.0,0.6,Store,0.107,0,61-99 ngày,1,1,1,1.0,3,Hibernating,Low,10.2695,3.4657
C0297,303,40321,2494,48,1,1,1,1,59,44,4,21,6,0,2,3,0,3,7,0,0,0,0,0,0,0,6.83,45-54,30-50K,Married/Partner,Graduate,2,1,4,75,0.5867,0.0533,0.28,0.08,0.0,6,12.5,0.3333,0.5,0.0,0.5,Web,0.186,0,31-60 ngày,2,2,2,2.0,6,Hibernating,Low,10.6047,4.3307
C0298,304,66503,2843,35,1,0,0,0,30,91,64,128,65,3,2,4,3,6,3,0,0,0,0,0,0,0,7.79,35-44,50-70K,Single,Graduate,0,0,1,351,0.2593,0.1823,0.3647,0.1852,0.0085,13,27.0,0.1538,0.3077,0.2308,0.4615,Store,0.528,0,0-30 ngày,4,3,3,3.0,10,Loyal Customers,Mid,11.105,5.8636
C0299,305,30833,2507,69,1,1,1,1,33,11,0,7,3,1,2,1,0,3,5,0,0,0,0,0,0,0,6.87,65+,30-50K,Married/Partner,Graduate,2,1,4,22,0.5,0.0,0.3182,0.1364,0.0455,4,5.5,0.5,0.25,0.0,0.75,Store,0.071,0,31-60 ngày,4,1,1,1.0,6,New / Promising,Low,10.3364,3.1355
C0300,306,64795,2687,49,1,1,0,1,23,412,5,119,38,29,3,3,3,12,2,0,0,0,0,0,0,0,7.36,45-54,50-70K,Married/Partner,Graduate,1,1,3,603,0.6833,0.0083,0.1973,0.063,0.0481,18,33.5,0.1667,0.1667,0.1667,0.6667,Store,0.931,0,0-30 ngày,4,4,4,4.0,12,Champions,Mid,11.079,6.4036
C0301,307,34421,2522,46,1,1,1,0,81,3,3,7,6,2,1,1,0,2,7,0,0,0,0,0,0,0,6.91,45-54,30-50K,Married/Partner,Graduate,1,1,3,21,0.1429,0.1429,0.3333,0.2857,0.0952,3,7.0,0.3333,0.3333,0.0,0.6667,Store,0.061,0,61-99 ngày,1,1,1,1.0,3,Hibernating,Low,10.4465,3.091
C0302,308,47025,2299,55,1,0,0,0,6,16,0,3,0,0,1,1,0,2,7,0,0,0,0,0,0,0,6.3,55-64,30-50K,Single,Graduate,0,0,1,19,0.8421,0.0,0.1579,0.0,0.0,3,6.33,0.3333,0.3333,0.0,0.6667,Store,0.04,0,0-30 ngày,5,1,1,1.0,7,New / Promising,Low,10.7585,2.9957
C0303,309,64325,2666,59,1,0,0,0,41,731,60,353,78,12,5,10,3,5,7,0,0,0,0,0,0,0,7.3,55-64,50-70K,Single,Graduate,0,0,1,1234,0.5924,0.0486,0.2861,0.0632,0.0097,18,68.56,0.2778,0.5556,0.1667,0.2778,Web,1.918,0,31-60 ngày,3,4,5,4.5,12,Loyal Customers,High,11.0717,7.1188
C0304,310,40464,2693,67,1,0,0,0,78,424,17,118,7,23,6,8,2,8,8,0,0,0,0,0,0,0,7.38,65+,30-50K,Single,Graduate,0,0,1,589,0.7199,0.0289,0.2003,0.0119,0.039,18,32.72,0.3333,0.4444,0.1111,0.4444,Web,1.456,0,61-99 ngày,2,4,3,3.5,9,At Risk,Mid,10.6082,6.3801
C0305,311,62187,2518,63,1,1,0,0,49,792,0,275,45,45,1,4,8,5,3,0,0,0,0,0,0,0,6.9,55-64,50-70K,Married/Partner,Graduate,0,0,2,1157,0.6845,0.0,0.2377,0.0389,0.0389,17,68.06,0.0588,0.2353,0.4706,0.2941,Catalog,1.861,0,31-60 ngày,3,4,5,4.5,12,Loyal Customers,High,11.0379,7.0544
C0306,312,14849,2521,44,1,0,0,0,39,21,2,28,3,2,3,2,0,4,8,0,0,0,0,0,0,0,6.91,35-44,<30K,Single,Graduate,0,0,1,56,0.375,0.0357,0.5,0.0536,0.0357,6,9.33,0.5,0.3333,0.0,0.6667,Store,0.377,0,31-60 ngày,4,2,2,2.0,8,New / Promising,Low,9.6058,4.0431
C0307,313,27255,2393,36,1,1,1,0,3,22,1,11,0,1,1,1,0,3,7,0,0,0,0,0,0,0,6.56,35-44,<30K,Married/Partner,Graduate,1,1,3,35,0.6286,0.0286,0.3143,0.0,0.0286,4,8.75,0.25,0.25,0.0,0.75,Store,0.128,0,0-30 ngày,5,1,1,1.0,7,New / Promising,Low,10.213,3.5835
C0308,314,54432,2575,70,1,1,2,1,37,33,0,5,0,0,1,1,0,3,4,0,0,0,0,0,0,0,7.05,65+,50-70K,Married/Partner,Graduate,3,1,5,38,0.8684,0.0,0.1316,0.0,0.0,4,9.5,0.25,0.25,0.0,0.75,Store,0.07,0,31-60 ngày,4,1,1,1.0,6,New / Promising,Low,10.9047,3.6636
C0309,315,29999,2660,34,1,0,0,0,22,68,7,59,10,5,4,3,1,4,8,0,0,0,0,0,0,0,7.29,24-34,<30K,Single,Graduate,0,0,1,149,0.4564,0.047,0.396,0.0671,0.0336,8,18.62,0.5,0.375,0.125,0.5,Store,0.497,0,0-30 ngày,4,2,2,2.0,8,New / Promising,Low,10.309,5.0106
C0310,316,24072,2598,37,1,0,0,0,79,9,1,6,3,0,1,1,0,2,8,0,0,0,0,0,0,0,7.12,35-44,<30K,Single,Graduate,0,0,1,19,0.4737,0.0526,0.3158,0.1579,0.0,3,6.33,0.3333,0.3333,0.0,0.6667,Store,0.079,0,61-99 ngày,2,1,1,1.0,4,Hibernating,Low,10.0888,2.9957
C0311,317,33996,2450,31,1,0,0,0,46,40,2,15,8,0,1,1,1,3,4,0,0,0,0,0,0,0,6.71,24-34,30-50K,Single,Graduate,0,0,1,65,0.6154,0.0308,0.2308,0.1231,0.0,5,13.0,0.2,0.2,0.2,0.6,Store,0.191,0,31-60 ngày,3,1,2,1.5,6,Need Attention,Low,10.434,4.1897
C0312,318,66334,2611,64,1,1,0,1,82,909,11,218,0,0,2,9,3,5,5,0,0,0,0,0,0,0,7.15,55-64,50-70K,Married/Partner,Graduate,1,1,3,1138,0.7988,0.0097,0.1916,0.0,0.0,17,66.94,0.1176,0.5294,0.1765,0.2941,Web,1.716,0,61-99 ngày,1,4,5,4.5,10,At Risk,High,11.1025,7.0379
C0313,319,35178,2694,49,1,1,1,0,10,23,1,13,2,2,1,1,1,2,7,0,0,1,0,0,1,0,7.38,45-54,30-50K,Married/Partner,Graduate,1,1,3,41,0.561,0.0244,0.3171,0.0488,0.0488,4,10.25,0.25,0.25,0.25,0.5,Store,0.117,1,0-30 ngày,5,1,1,1.0,7,New / Promising,Low,10.4682,3.7377
C0314,320,22010,2523,37,1,1,1,0,51,11,2,9,3,0,2,2,0,3,8,0,0,0,0,0,0,0,6.91,35-44,<30K,Married/Partner,Graduate,1,1,3,25,0.44,0.08,0.36,0.12,0.0,5,5.0,0.4,0.4,0.0,0.6,Store,0.114,0,31-60 ngày,3,1,1,1.0,5,Need Attention,Low,9.9993,3.2581
C0315,321,62204,2814,60,1,0,0,0,38,317,46,247,151,46,1,4,5,12,3,0,0,0,0,0,0,0,7.71,55-64,50-70K,Single,Graduate,0,0,1,807,0.3928,0.057,0.3061,0.1871,0.057,21,38.43,0.0476,0.1905,0.2381,0.5714,Store,1.297,0,31-60 ngày,4,5,4,4.5,13,Champions,Mid,11.0382,6.6946
C0316,322,75693,2729,52,1,0,0,0,10,797,153,293,72,97,1,11,4,6,4,1,0,0,1,1,3,0,7.48,45-54,70-90K,Single,Graduate,0,0,1,1412,0.5644,0.1084,0.2075,0.051,0.0687,21,67.24,0.0476,0.5238,0.1905,0.2857,Web,1.865,1,0-30 ngày,5,5,5,5.0,15,Champions,High,11.2345,7.2535
C0317,323,30675,2753,48,1,1,1,0,14,10,2,16,11,2,1,1,0,3,8,0,0,0,0,0,0,0,7.54,45-54,30-50K,Married/Partner,Graduate,1,1,3,41,0.2439,0.0488,0.3902,0.2683,0.0488,4,10.25,0.25,0.25,0.0,0.75,Store,0.134,0,0-30 ngày,5,1,1,1.0,7,New / Promising,Low,10.3312,3.7377
C0318,324,83003,2642,55,1,1,0,0,18,856,61,570,40,25,1,7,6,8,3,0,0,0,0,1,1,0,7.24,55-64,70-90K,Married/Partner,Graduate,0,0,2,1552,0.5515,0.0393,0.3673,0.0258,0.0161,21,73.9,0.0476,0.3333,0.2857,0.381,Store,1.87,1,0-30 ngày,5,5,5,5.0,15,Champions,High,11.3266,7.3479
C0319,325,68655,2847,32,1,0,0,0,95,456,19,832,75,118,1,4,5,11,3,0,0,0,0,0,0,0,7.8,24-34,50-70K,Single,Graduate,0,0,1,1500,0.304,0.0127,0.5547,0.05,0.0787,20,75.0,0.05,0.2,0.25,0.55,Store,2.185,0,61-99 ngày,1,4,5,4.5,10,At Risk,High,11.1369,7.3139
C0320,326,41411,2363,34,1,0,0,0,11,37,32,38,11,3,1,2,1,4,6,0,0,0,0,0,0,0,6.47,24-34,30-50K,Single,Graduate,0,0,1,121,0.3058,0.2645,0.314,0.0909,0.0248,7,17.29,0.1429,0.2857,0.1429,0.5714,Store,0.292,0,0-30 ngày,5,2,2,2.0,9,New / Promising,Low,10.6313,4.804
C0321,327,55212,2742,51,1,1,0,1,65,1103,0,45,0,0,3,4,2,11,8,0,1,0,1,0,2,0,7.51,45-54,50-70K,Married/Partner,Graduate,1,1,3,1148,0.9608,0.0,0.0392,0.0,0.0,17,67.53,0.1765,0.2353,0.1176,0.6471,Store,2.079,1,61-99 ngày,2,4,5,4.5,11,At Risk,High,10.919,7.0466
C0322,328,59292,2540,70,1,1,0,1,71,378,14,68,19,14,2,3,5,8,3,0,0,0,0,0,0,0,6.96,65+,50-70K,Married/Partner,Graduate,1,1,3,493,0.7667,0.0284,0.1379,0.0385,0.0284,16,30.81,0.125,0.1875,0.3125,0.5,Store,0.831,0,61-99 ngày,2,4,3,3.5,9,At Risk,Mid,10.9902,6.2025
C0323,329,27190,2477,47,0,1,1,0,13,1,6,7,0,1,1,1,0,2,8,0,0,1,0,0,1,0,6.79,45-54,<30K,Married/Partner,Non-graduate,1,1,3,15,0.0667,0.4,0.4667,0.0,0.0667,3,5.0,0.3333,0.3333,0.0,0.6667,Store,0.055,1,0-30 ngày,5,1,1,1.0,7,New / Promising,Low,10.2106,2.7726
C0324,330,82623,2390,68,1,0,0,0,58,204,34,204,172,153,1,2,9,4,1,0,0,0,0,0,0,0,6.55,65+,70-90K,Single,Graduate,0,0,1,767,0.266,0.0443,0.266,0.2243,0.1995,15,51.13,0.0667,0.1333,0.6,0.2667,Catalog,0.928,0,31-60 ngày,3,3,4,3.5,10,Loyal Customers,Mid,11.3221,6.6438
C0325,331,44300,2530,55,1,1,1,1,65,30,0,9,0,0,2,1,0,3,6,0,0,0,0,0,0,0,6.93,55-64,30-50K,Married/Partner,Graduate,2,1,4,39,0.7692,0.0,0.2308,0.0,0.0,4,9.75,0.5,0.25,0.0,0.75,Store,0.088,0,61-99 ngày,2,1,1,1.0,4,Hibernating,Low,10.6988,3.6889
C0326,332,84835,2172,50,1,0,0,0,0,189,104,379,111,189,1,4,4,6,1,0,0,0,0,0,0,0,5.95,45-54,70-90K,Single,Graduate,0,0,1,972,0.1944,0.107,0.3899,0.1142,0.1944,14,69.43,0.0714,0.2857,0.2857,0.4286,Store,1.146,0,0-30 ngày,5,3,4,3.5,12,Loyal Customers,Mid,11.3485,6.8804
C0327,333,30372,2710,49,1,0,0,0,33,15,0,12,7,3,3,2,0,3,7,0,0,0,0,0,0,0,7.42,45-54,30-50K,Single,Graduate,0,0,1,37,0.4054,0.0,0.3243,0.1892,0.0811,5,7.4,0.6,0.4,0.0,0.6,Store,0.122,0,31-60 ngày,4,1,1,1.0,6,New / Promising,Low,10.3213,3.6376
C0328,334,33181,2336,44,1,1,1,0,90,9,0,3,0,0,1,1,0,2,6,0,0,1,0,0,1,0,6.4,35-44,30-50K,Married/Partner,Graduate,1,1,3,12,0.75,0.0,0.25,0.0,0.0,3,4.0,0.3333,0.3333,0.0,0.6667,Store,0.036,1,61-99 ngày,1,1,1,1.0,3,Hibernating,Low,10.4098,2.5649
C0329,335,71113,2353,63,1,1,0,1,95,495,33,255,11,33,4,6,7,9,4,0,0,0,0,0,0,0,6.45,55-64,70-90K,Married/Partner,Graduate,1,1,3,827,0.5985,0.0399,0.3083,0.0133,0.0399,22,37.59,0.1818,0.2727,0.3182,0.4091,Store,1.163,0,61-99 ngày,1,5,4,4.5,10,At Risk,Mid,11.172,6.719
C0330,336,71952,2694,34,1,1,1,0,93,656,80,455,52,107,2,8,4,8,4,0,0,1,0,1,2,0,7.38,24-34,70-90K,Married/Partner,Graduate,1,1,3,1350,0.4859,0.0593,0.337,0.0385,0.0793,20,67.5,0.1,0.4,0.2,0.4,Web,1.876,1,61-99 ngày,1,4,5,4.5,10,At Risk,High,11.1838,7.2086
C0331,337,69759,2403,54,1,0,0,0,38,452,20,514,13,30,3,4,6,5,3,0,0,0,0,0,0,0,6.58,45-54,50-70K,Single,Graduate,0,0,1,1029,0.4393,0.0194,0.4995,0.0126,0.0292,15,68.6,0.2,0.2667,0.4,0.3333,Catalog,1.475,0,31-60 ngày,4,3,4,3.5,11,Loyal Customers,Mid,11.1528,6.9373
C0332,338,72099,2769,46,1,1,0,0,18,546,91,410,119,0,1,3,4,10,1,0,0,0,0,0,0,0,7.59,45-54,70-90K,Married/Partner,Graduate,0,0,2,1166,0.4683,0.078,0.3516,0.1021,0.0,17,68.59,0.0588,0.1765,0.2353,0.5882,Store,1.617,0,0-30 ngày,5,4,5,4.5,14,Champions,High,11.1858,7.0622
C0333,339,60000,2713,44,1,0,0,0,57,1048,0,217,0,0,5,11,3,5,6,0,0,0,0,0,0,0,7.43,35-44,50-70K,Single,Graduate,0,0,1,1265,0.8285,0.0,0.1715,0.0,0.0,19,66.58,0.2632,0.5789,0.1579,0.2632,Web,2.108,0,31-60 ngày,3,4,5,4.5,12,Loyal Customers,High,11.0021,7.1436
C0334,340,38643,2371,42,1,0,0,0,45,22,2,14,0,1,2,2,0,3,7,0,0,0,0,0,0,1,6.5,35-44,30-50K,Single,Graduate,0,0,1,39,0.5641,0.0513,0.359,0.0,0.0256,5,7.8,0.4,0.4,0.0,0.6,Store,0.101,0,31-60 ngày,3,1,1,1.0,5,Need Attention,Low,10.5621,3.6889
C0335,341,50737,2573,65,1,1,0,1,61,78,0,11,0,0,1,2,0,4,6,0,0,0,1,0,1,0,7.05,65+,50-70K,Married/Partner,Graduate,1,1,3,89,0.8764,0.0,0.1236,0.0,0.0,6,14.83,0.1667,0.3333,0.0,0.6667,Store,0.175,1,61-99 ngày,2,2,2,2.0,6,Hibernating,Low,10.8344,4.4998
C0336,342,68462,2723,51,1,1,0,0,6,561,64,785,84,128,1,3,3,8,1,0,0,0,0,0,0,0,7.46,45-54,50-70K,Married/Partner,Graduate,0,0,2,1622,0.3459,0.0395,0.484,0.0518,0.0789,14,115.86,0.0714,0.2143,0.2143,0.5714,Store,2.369,0,0-30 ngày,5,3,5,4.0,13,Champions,High,11.134,7.392
C0337,343,65073,2472,77,1,1,0,0,65,629,17,177,69,0,1,5,3,5,2,0,0,0,0,0,0,1,6.77,65+,50-70K,Married/Partner,Graduate,0,0,2,892,0.7052,0.0191,0.1984,0.0774,0.0,13,68.62,0.0769,0.3846,0.2308,0.3846,Web,1.371,0,61-99 ngày,2,3,4,3.5,9,At Risk,Mid,11.0833,6.7946
C0338,344,46681,2423,72,1,1,0,2,52,269,15,69,15,19,2,4,6,4,5,0,0,0,0,0,0,0,6.64,65+,30-50K,Married/Partner,Graduate,2,1,4,387,0.6951,0.0388,0.1783,0.0388,0.0491,14,27.64,0.1429,0.2857,0.4286,0.2857,Catalog,0.829,0,31-60 ngày,3,3,3,3.0,9,Loyal Customers,Mid,10.7511,5.961
C0339,345,78618,2798,63,1,1,0,0,87,736,163,818,212,163,1,4,7,10,2,0,0,0,1,0,1,0,7.67,55-64,70-90K,Married/Partner,Graduate,0,0,2,2092,0.3518,0.0779,0.391,0.1013,0.0779,21,99.62,0.0476,0.1905,0.3333,0.4762,Store,2.661,1,61-99 ngày,1,5,5,5.0,11,At Risk,High,11.2724,7.6464
C0340,346,62187,2258,51,1,0,0,0,38,512,0,83,0,0,3,6,2,10,4,0,0,0,0,0,0,0,6.19,45-54,50-70K,Single,Graduate,0,0,1,595,0.8605,0.0,0.1395,0.0,0.0,18,33.06,0.1667,0.3333,0.1111,0.5556,Store,0.957,0,31-60 ngày,4,4,4,4.0,12,Champions,Mid,11.0379,6.3902
C0341,347,28442,2284,42,1,1,2,0,53,19,3,10,11,8,3,2,1,4,4,0,0,0,0,0,0,0,6.26,35-44,<30K,Married/Partner,Graduate,2,1,4,51,0.3725,0.0588,0.1961,0.2157,0.1569,7,7.29,0.4286,0.2857,0.1429,0.5714,Store,0.179,0,31-60 ngày,3,2,2,2.0,7,Need Attention,Low,10.2557,3.9512
C0342,349,51479,2707,53,1,1,1,1,67,247,8,160,6,8,7,6,3,6,7,0,0,0,0,0,0,0,7.42,45-54,50-70K,Married/Partner,Graduate,2,1,4,429,0.5758,0.0186,0.373,0.014,0.0186,15,28.6,0.4667,0.4,0.2,0.4,Web,0.833,0,61-99 ngày,2,3,3,3.0,8,At Risk,Mid,10.8489,6.0638
C0343,350,54803,2836,51,1,0,0,0,65,404,0,92,28,27,2,6,2,9,4,0,0,0,0,0,0,0,7.77,45-54,50-70K,Single,Graduate,0,0,1,551,0.7332,0.0,0.167,0.0508,0.049,17,32.41,0.1176,0.3529,0.1176,0.5294,Store,1.005,0,61-99 ngày,2,4,3,3.5,9,At Risk,Mid,10.9115,6.3135
C0344,351,79530,2567,60,1,1,0,0,64,333,0,815,129,42,1,4,10,11,2,0,0,0,0,0,0,0,7.03,55-64,70-90K,Married/Partner,Graduate,0,0,2,1319,0.2525,0.0,0.6179,0.0978,0.0318,25,52.76,0.04,0.16,0.4,0.44,Store,1.658,0,61-99 ngày,2,5,5,5.0,12,At Risk,High,11.2839,7.1854
C0345,352,31615,2629,44,1,0,0,0,82,2,3,20,6,11,2,2,0,3,7,0,0,0,0,0,0,0,7.2,35-44,30-50K,Single,Graduate,0,0,1,42,0.0476,0.0714,0.4762,0.1429,0.2619,5,8.4,0.4,0.4,0.0,0.6,Store,0.133,0,61-99 ngày,1,1,1,1.0,3,Hibernating,Low,10.3614,3.7612
C0346,353,72025,2748,58,1,1,0,0,27,833,33,549,151,133,1,4,3,8,3,0,0,0,0,0,0,0,7.53,55-64,70-90K,Married/Partner,Graduate,0,0,2,1699,0.4903,0.0194,0.3231,0.0889,0.0783,15,113.27,0.0667,0.2667,0.2,0.5333,Store,2.359,0,0-30 ngày,4,3,5,4.0,12,Champions,High,11.1848,7.4384
C0347,354,52614,2734,45,1,0,0,0,63,789,0,142,12,9,2,2,4,8,8,0,0,0,0,0,0,0,7.49,45-54,50-70K,Single,Graduate,0,0,1,952,0.8288,0.0,0.1492,0.0126,0.0095,14,68.0,0.1429,0.1429,0.2857,0.5714,Store,1.809,0,61-99 ngày,2,3,4,3.5,9,At Risk,Mid,10.8708,6.8596
C0348,355,35684,2227,36,0,1,1,0,66,10,4,7,0,6,1,1,0,3,6,0,0,0,0,0,0,0,6.1,35-44,30-50K,Married/Partner,Non-graduate,1,1,3,27,0.3704,0.1481,0.2593,0.0,0.2222,4,6.75,0.25,0.25,0.0,0.75,Store,0.076,0,61-99 ngày,2,1,1,1.0,4,Hibernating,Low,10.4825,3.3322
C0349,356,48178,2768,45,1,1,1,1,69,159,4,45,6,2,6,5,1,4,8,0,0,0,0,0,0,0,7.58,45-54,30-50K,Married/Partner,Graduate,2,1,4,216,0.7361,0.0185,0.2083,0.0278,0.0093,10,21.6,0.6,0.5,0.1,0.4,Web,0.448,0,61-99 ngày,2,3,3,3.0,8,At Risk,Low,10.7827,5.3799
C0350,357,29548,2463,50,1,0,0,0,52,7,1,6,3,1,1,1,1,2,4,0,0,1,0,0,1,0,6.75,45-54,<30K,Single,Graduate,0,0,1,18,0.3889,0.0556,0.3333,0.1667,0.0556,4,4.5,0.25,0.25,0.25,0.5,Store,0.061,1,31-60 ngày,3,1,1,1.0,5,Need Attention,Low,10.2938,2.9444
C0351,358,63810,2754,54,1,0,0,0,45,977,12,253,16,12,4,4,3,12,8,0,0,0,1,0,1,0,7.55,45-54,50-70K,Single,Graduate,0,0,1,1270,0.7693,0.0094,0.1992,0.0126,0.0094,19,66.84,0.2105,0.2105,0.1579,0.6316,Store,1.99,1,31-60 ngày,3,4,5,4.5,12,Loyal Customers,High,11.0637,7.1476
C0352,359,38578,2531,48,1,0,0,0,2,38,4,22,3,3,3,3,0,3,8,0,0,0,0,0,0,0,6.93,45-54,30-50K,Single,Graduate,0,0,1,70,0.5429,0.0571,0.3143,0.0429,0.0429,6,11.67,0.5,0.5,0.0,0.5,Web,0.181,0,0-30 ngày,5,2,2,2.0,9,New / Promising,Low,10.5605,4.2627
C0353,360,46098,2839,45,1,0,0,0,86,57,0,27,0,0,4,3,2,2,8,0,0,0,0,0,0,0,7.78,45-54,30-50K,Single,Graduate,0,0,1,84,0.6786,0.0,0.3214,0.0,0.0,7,12.0,0.5714,0.4286,0.2857,0.2857,Web,0.182,0,61-99 ngày,1,2,2,2.0,5,Hibernating,Low,10.7385,4.4427
C0354,361,22585,2627,50,1,0,0,0,23,3,9,15,13,2,1,1,1,2,9,0,0,1,0,0,1,0,7.2,45-54,<30K,Single,Graduate,0,0,1,42,0.0714,0.2143,0.3571,0.3095,0.0476,4,10.5,0.25,0.25,0.25,0.5,Store,0.186,1,0-30 ngày,4,1,1,1.0,6,New / Promising,Low,10.0251,3.7612
C0355,362,30279,2705,31,1,0,0,0,13,10,4,14,4,4,1,1,0,3,8,0,0,0,0,0,0,0,7.41,24-34,30-50K,Single,Graduate,0,0,1,36,0.2778,0.1111,0.3889,0.1111,0.1111,4,9.0,0.25,0.25,0.0,0.75,Store,0.119,0,0-30 ngày,5,1,1,1.0,7,New / Promising,Low,10.3182,3.6109
C0356,363,66426,2429,59,1,1,0,1,14,1043,24,97,32,24,2,3,5,10,6,0,0,0,0,0,0,0,6.65,55-64,50-70K,Married/Partner,Graduate,1,1,3,1220,0.8549,0.0197,0.0795,0.0262,0.0197,18,67.78,0.1111,0.1667,0.2778,0.5556,Store,1.837,0,0-30 ngày,5,4,5,4.5,14,Champions,High,11.1039,7.1074
C0357,364,30822,2539,51,1,0,0,0,92,3,9,13,2,12,1,1,0,3,7,0,0,0,0,0,0,0,6.96,45-54,30-50K,Single,Graduate,0,0,1,39,0.0769,0.2308,0.3333,0.0513,0.3077,4,9.75,0.25,0.25,0.0,0.75,Store,0.127,0,61-99 ngày,1,1,1,1.0,3,Hibernating,Low,10.336,3.6889
C0358,365,33581,2696,51,1,1,2,0,38,11,0,5,0,0,1,1,0,2,8,0,0,0,0,0,0,0,7.39,45-54,30-50K,Married/Partner,Graduate,2,1,4,16,0.6875,0.0,0.3125,0.0,0.0,3,5.33,0.3333,0.3333,0.0,0.6667,Store,0.048,0,31-60 ngày,4,1,1,1.0,6,New / Promising,Low,10.4217,2.8332
C0359,366,19986,2386,35,1,1,1,0,74,3,6,5,0,2,1,0,0,3,7,0,0,0,0,0,0,0,6.54,35-44,<30K,Married/Partner,Graduate,1,1,3,16,0.1875,0.375,0.3125,0.0,0.125,3,5.33,0.3333,0.0,0.0,1.0,Store,0.08,0,61-99 ngày,2,1,1,1.0,4,Hibernating,Low,9.9028,2.8332
C0360,367,27421,2723,66,1,0,0,0,14,43,12,96,78,40,3,4,1,6,7,0,0,0,0,0,0,0,7.46,65+,<30K,Single,Graduate,0,0,1,269,0.1599,0.0446,0.3569,0.29,0.1487,11,24.45,0.2727,0.3636,0.0909,0.5455,Store,0.981,0,0-30 ngày,5,3,3,3.0,11,Loyal Customers,Low,10.2191,5.5984
C0361,369,36143,2250,39,1,0,0,0,33,12,0,1,0,0,1,0,1,2,3,0,0,0,0,0,0,0,6.16,35-44,30-50K,Single,Graduate,0,0,1,13,0.9231,0.0,0.0769,0.0,0.0,3,4.33,0.3333,0.0,0.3333,0.6667,Store,0.036,0,31-60 ngày,4,1,1,1.0,6,New / Promising,Low,10.4953,2.6391
C0362,370,10245,2569,49,1,0,0,0,32,4,7,7,6,4,3,1,2,2,5,0,0,0,0,0,0,0,7.04,45-54,<30K,Single,Graduate,0,0,1,28,0.1429,0.25,0.25,0.2143,0.1429,5,5.6,0.6,0.2,0.4,0.4,Catalog,0.273,0,31-60 ngày,4,1,1,1.0,6,New / Promising,Low,9.2346,3.3673
C0363,371,43795,2415,52,1,1,0,1,11,314,11,53,4,3,3,7,3,4,7,0,0,0,1,0,1,0,6.62,45-54,30-50K,Married/Partner,Graduate,1,1,3,385,0.8156,0.0286,0.1377,0.0104,0.0078,14,27.5,0.2143,0.5,0.2143,0.2857,Web,0.879,1,0-30 ngày,5,3,3,3.0,11,Loyal Customers,Mid,10.6873,5.9558
C0364,372,63381,2791,60,1,1,0,1,78,571,50,142,33,50,4,4,5,13,2,0,0,0,0,0,0,0,7.65,55-64,50-70K,Married/Partner,Graduate,1,1,3,846,0.6749,0.0591,0.1678,0.039,0.0591,22,38.45,0.1818,0.1818,0.2273,0.5909,Store,1.335,0,61-99 ngày,2,5,4,4.5,11,At Risk,Mid,11.0569,6.7417
C0365,373,38823,2827,71,1,1,0,1,56,70,0,11,2,8,1,2,1,3,6,0,0,0,0,0,0,0,7.75,65+,30-50K,Married/Partner,Graduate,1,1,3,91,0.7692,0.0,0.1209,0.022,0.0879,6,15.17,0.1667,0.3333,0.1667,0.5,Store,0.234,0,31-60 ngày,3,2,2,2.0,7,Need Attention,Low,10.5668,4.5218
C0366,374,83664,2576,52,1,0,0,0,57,866,21,151,28,21,3,2,2,12,5,0,0,0,0,0,0,0,7.06,45-54,70-90K,Single,Graduate,0,0,1,1087,0.7967,0.0193,0.1389,0.0258,0.0193,16,67.94,0.1875,0.125,0.125,0.75,Store,1.299,0,31-60 ngày,3,4,4,4.0,11,Loyal Customers,Mid,11.3346,6.9921
C0367,375,90300,2336,41,1,1,0,0,7,594,134,786,33,134,0,5,6,8,1,0,0,0,0,1,1,0,6.4,35-44,90K+,Married/Partner,Graduate,0,0,2,1681,0.3534,0.0797,0.4676,0.0196,0.0797,19,88.47,0.0,0.2632,0.3158,0.4211,Store,1.862,1,0-30 ngày,5,4,5,4.5,14,Champions,High,11.4109,7.4277
C0368,376,62499,2361,41,1,1,1,0,0,140,4,61,0,13,2,3,1,6,4,0,0,0,0,0,0,0,6.47,35-44,50-70K,Married/Partner,Graduate,1,1,3,218,0.6422,0.0183,0.2798,0.0,0.0596,10,21.8,0.2,0.3,0.1,0.6,Store,0.349,0,0-30 ngày,5,3,3,3.0,11,Loyal Customers,Low,11.0429,5.3891
C0369,377,74293,2215,27,1,0,0,0,66,375,152,335,93,91,1,5,4,6,2,0,0,0,0,0,0,0,6.07,24-34,70-90K,Single,Graduate,0,0,1,1046,0.3585,0.1453,0.3203,0.0889,0.087,15,69.73,0.0667,0.3333,0.2667,0.4,Store,1.408,0,61-99 ngày,2,3,4,3.5,9,At Risk,Mid,11.2158,6.9537
C0370,378,51012,2596,74,1,1,0,0,86,102,9,63,2,9,1,4,1,4,6,0,0,0,0,0,0,0,7.11,65+,50-70K,Married/Partner,Graduate,0,0,2,185,0.5514,0.0486,0.3405,0.0108,0.0486,9,20.56,0.1111,0.4444,0.1111,0.4444,Web,0.363,0,61-99 ngày,1,2,3,2.5,6,Hibernating,Low,10.8398,5.2257
C0371,379,70777,2283,52,1,1,0,1,80,554,35,113,0,7,3,5,3,12,3,0,0,0,0,0,0,0,6.25,45-54,70-90K,Married/Partner,Graduate,1,1,3,709,0.7814,0.0494,0.1594,0.0,0.0099,20,35.45,0.15,0.25,0.15,0.6,Store,1.002,0,61-99 ngày,1,4,4,4.0,9,At Risk,Mid,11.1673,6.5653
C0372,380,68682,2425,29,1,1,0,0,56,919,0,505,99,30,1,4,9,10,2,0,0,0,0,0,0,0,6.64,24-34,50-70K,Married/Partner,Graduate,0,0,2,1553,0.5918,0.0,0.3252,0.0637,0.0193,23,67.52,0.0435,0.1739,0.3913,0.4348,Store,2.261,0,31-60 ngày,3,5,5,5.0,13,Loyal Customers,High,11.1373,7.3486
C0373,381,43824,2811,49,1,1,1,1,18,96,1,42,12,3,4,3,1,4,8,0,0,0,0,0,0,0,7.7,45-54,30-50K,Married/Partner,Graduate,2,1,4,154,0.6234,0.0065,0.2727,0.0779,0.0195,8,19.25,0.5,0.375,0.125,0.5,Store,0.351,0,0-30 ngày,5,2,2,2.0,9,New / Promising,Low,10.688,5.0434
C0374,382,15345,2826,36,1,1,1,0,51,5,2,16,3,2,2,1,1,2,8,0,0,0,0,0,0,0,7.74,35-44,<30K,Married/Partner,Graduate,1,1,3,28,0.1786,0.0714,0.5714,0.1071,0.0714,4,7.0,0.5,0.25,0.25,0.5,Store,0.182,0,31-60 ngày,3,1,1,1.0,5,Need Attention,Low,9.6386,3.3673
C0375,383,23442,2711,33,1,0,0,0,71,2,0,6,8,6,1,1,0,3,7,0,0,0,0,0,0,0,7.43,24-34,<30K,Single,Graduate,0,0,1,22,0.0909,0.0,0.2727,0.3636,0.2727,4,5.5,0.25,0.25,0.0,0.75,Store,0.094,0,61-99 ngày,2,1,1,1.0,4,Hibernating,Low,10.0623,3.1355
C0376,384,14515,2756,40,0,1,1,0,71,6,4,9,6,36,4,2,2,3,7,0,0,0,0,0,0,0,7.55,35-44,<30K,Married/Partner,Non-graduate,1,1,3,61,0.0984,0.0656,0.1475,0.0984,0.5902,7,8.71,0.5714,0.2857,0.2857,0.4286,Store,0.42,0,61-99 ngày,2,2,2,2.0,6,Hibernating,Low,9.583,4.1271
C0377,385,31395,2622,64,0,0,0,0,80,23,1,25,0,8,4,2,1,3,6,0,0,0,0,0,0,0,7.18,55-64,30-50K,Single,Non-graduate,0,0,1,57,0.4035,0.0175,0.4386,0.0,0.1404,6,9.5,0.6667,0.3333,0.1667,0.5,Store,0.182,0,61-99 ngày,1,2,2,2.0,5,Hibernating,Low,10.3544,4.0604
C0378,386,75276,2799,55,1,1,0,0,2,610,105,125,137,42,1,9,4,9,5,0,0,0,0,0,0,0,7.67,55-64,70-90K,Married/Partner,Graduate,0,0,2,1019,0.5986,0.103,0.1227,0.1344,0.0412,22,46.32,0.0455,0.4091,0.1818,0.4091,Web,1.354,0,0-30 ngày,5,5,4,4.5,14,Champions,Mid,11.2289,6.9276
C0379,387,42373,2477,46,1,0,0,0,83,67,5,61,3,8,5,2,1,5,5,0,0,0,0,0,0,0,6.79,45-54,30-50K,Single,Graduate,0,0,1,144,0.4653,0.0347,0.4236,0.0208,0.0556,8,18.0,0.625,0.25,0.125,0.625,Store,0.34,0,61-99 ngày,1,2,2,2.0,5,Hibernating,Low,10.6543,4.9767
C0380,388,30507,2634,60,1,1,0,0,29,65,36,74,38,20,1,5,1,4,7,0,0,0,0,0,0,0,7.22,55-64,30-50K,Married/Partner,Graduate,0,0,2,233,0.279,0.1545,0.3176,0.1631,0.0858,10,23.3,0.1,0.5,0.1,0.4,Web,0.764,0,0-30 ngày,4,3,3,3.0,10,Loyal Customers,Low,10.3257,5.4553
C0381,389,55521,2409,65,1,0,0,0,11,416,0,26,0,0,9,6,3,6,7,0,0,0,1,0,1,0,6.6,65+,50-70K,Single,Graduate,0,0,1,442,0.9412,0.0,0.0588,0.0,0.0,15,29.47,0.6,0.4,0.2,0.4,Web,0.796,1,0-30 ngày,5,3,3,3.0,11,Loyal Customers,Mid,10.9245,6.0936
C0382,390,48006,2179,55,1,1,1,1,55,23,0,11,3,2,1,1,0,3,6,0,0,0,0,0,0,0,5.97,55-64,30-50K,Married/Partner,Graduate,2,1,4,39,0.5897,0.0,0.2821,0.0769,0.0513,4,9.75,0.25,0.25,0.0,0.75,Store,0.081,0,31-60 ngày,3,1,1,1.0,5,Need Attention,Low,10.7791,3.6889
C0383,391,27213,2827,48,1,0,0,0,19,19,3,26,10,9,3,2,0,4,8,0,0,0,0,0,0,0,7.75,45-54,<30K,Single,Graduate,0,0,1,67,0.2836,0.0448,0.3881,0.1493,0.1343,6,11.17,0.5,0.3333,0.0,0.6667,Store,0.246,0,0-30 ngày,5,2,2,2.0,9,New / Promising,Low,10.2115,4.2195
C0384,392,65808,2189,49,1,0,0,0,1,155,7,80,13,7,3,5,1,5,6,0,0,0,0,0,0,0,6.0,45-54,50-70K,Single,Graduate,0,0,1,262,0.5916,0.0267,0.3053,0.0496,0.0267,11,23.82,0.2727,0.4545,0.0909,0.4545,Web,0.398,0,0-30 ngày,5,3,3,3.0,11,Loyal Customers,Low,11.0945,5.5722
C0385,394,50437,2779,57,1,1,0,2,28,370,9,92,6,9,3,7,1,8,7,0,0,0,0,0,0,0,7.61,55-64,50-70K,Married/Partner,Graduate,2,1,4,486,0.7613,0.0185,0.1893,0.0123,0.0185,16,30.38,0.1875,0.4375,0.0625,0.5,Store,0.964,0,0-30 ngày,4,4,3,3.5,11,Loyal Customers,Mid,10.8285,6.1883
C0386,395,23616,2748,38,0,0,0,0,76,4,22,11,3,7,2,3,0,3,8,0,0,0,0,0,0,0,7.53,35-44,<30K,Single,Non-graduate,0,0,1,47,0.0851,0.4681,0.234,0.0638,0.1489,6,7.83,0.3333,0.5,0.0,0.5,Web,0.199,0,61-99 ngày,2,2,2,2.0,6,Hibernating,Low,10.0697,3.8712
C0387,396,53858,2756,44,1,1,0,1,50,407,53,221,58,150,4,4,3,6,4,0,0,0,0,0,0,0,7.55,35-44,50-70K,Married/Partner,Graduate,1,1,3,889,0.4578,0.0596,0.2486,0.0652,0.1687,13,68.38,0.3077,0.3077,0.2308,0.4615,Store,1.651,0,31-60 ngày,3,3,4,3.5,10,Loyal Customers,Mid,10.8941,6.7912
C0388,397,66465,2615,65,1,1,0,1,1,1200,0,204,38,29,3,11,9,12,6,1,0,0,0,0,1,0,7.16,65+,50-70K,Married/Partner,Graduate,1,1,3,1471,0.8158,0.0,0.1387,0.0258,0.0197,32,45.97,0.0938,0.3438,0.2812,0.375,Store,2.213,1,0-30 ngày,5,5,5,5.0,15,Champions,High,11.1044,7.2944
C0389,398,46923,2835,33,1,0,0,0,90,85,44,54,102,78,3,5,1,7,7,0,0,0,0,0,0,0,7.77,24-34,30-50K,Single,Graduate,0,0,1,363,0.2342,0.1212,0.1488,0.281,0.2149,13,27.92,0.2308,0.3846,0.0769,0.5385,Store,0.774,0,61-99 ngày,1,3,3,3.0,7,At Risk,Mid,10.7563,5.8972
C0390,399,75072,2681,58,1,1,0,1,83,583,34,309,0,22,2,5,4,8,3,0,0,0,0,0,0,0,7.35,55-64,70-90K,Married/Partner,Graduate,1,1,3,948,0.615,0.0359,0.3259,0.0,0.0232,17,55.76,0.1176,0.2941,0.2353,0.4706,Store,1.263,0,61-99 ngày,1,4,4,4.0,9,At Risk,Mid,11.2262,6.8554
C0391,400,75865,2249,77,1,1,0,0,73,483,0,591,156,0,1,3,5,10,1,0,0,0,0,0,0,0,6.16,65+,70-90K,Married/Partner,Graduate,0,0,2,1230,0.3927,0.0,0.4805,0.1268,0.0,18,68.33,0.0556,0.1667,0.2778,0.5556,Store,1.621,0,61-99 ngày,2,4,5,4.5,11,At Risk,High,11.2367,7.1156
C0392,401,19789,2380,45,0,1,1,0,24,2,5,9,28,6,3,2,1,3,5,0,0,1,0,0,1,0,6.52,45-54,<30K,Married/Partner,Non-graduate,1,1,3,50,0.04,0.1,0.18,0.56,0.12,6,8.33,0.5,0.3333,0.1667,0.5,Store,0.253,1,0-30 ngày,4,2,2,2.0,8,New / Promising,Low,9.8929,3.9318
C0393,402,80134,2294,26,1,1,0,0,11,966,26,282,52,26,1,2,7,11,5,1,1,0,1,1,4,0,6.28,24-34,70-90K,Married/Partner,Graduate,0,0,2,1352,0.7145,0.0192,0.2086,0.0385,0.0192,20,67.6,0.05,0.1,0.35,0.55,Store,1.687,1,0-30 ngày,5,4,5,4.5,14,Champions,High,11.2915,7.2101
C0394,403,91065,2651,39,1,0,0,0,33,822,114,108,179,137,1,7,9,9,3,1,0,0,0,1,2,0,7.26,35-44,90K+,Single,Graduate,0,0,1,1360,0.6044,0.0838,0.0794,0.1316,0.1007,25,54.4,0.04,0.28,0.36,0.36,Catalog,1.493,1,31-60 ngày,4,5,5,5.0,14,Champions,High,11.4193,7.216
C0395,404,49505,2640,49,1,1,1,1,4,604,0,100,19,0,9,10,2,8,8,0,0,0,0,0,0,0,7.23,45-54,30-50K,Married/Partner,Graduate,2,1,4,723,0.8354,0.0,0.1383,0.0263,0.0,20,36.15,0.45,0.5,0.1,0.4,Web,1.46,0,0-30 ngày,5,4,4,4.0,13,Champions,Mid,10.8098,6.5848
C0396,405,37401,2213,47,1,1,1,0,14,19,3,19,3,1,2,2,0,3,7,0,0,0,0,0,0,0,6.06,45-54,30-50K,Married/Partner,Graduate,1,1,3,45,0.4222,0.0667,0.4222,0.0667,0.0222,5,9.0,0.4,0.4,0.0,0.6,Store,0.12,0,0-30 ngày,5,1,2,1.5,8,New / Promising,Low,10.5295,3.8286
C0397,407,18492,2183,38,1,1,1,0,75,2,2,2,2,1,1,1,0,2,8,0,0,0,0,0,0,0,5.98,35-44,<30K,Married/Partner,Graduate,1,1,3,9,0.2222,0.2222,0.2222,0.2222,0.1111,3,3.0,0.3333,0.3333,0.0,0.6667,Store,0.049,0,61-99 ngày,2,1,1,1.0,4,Hibernating,Low,9.8251,2.3026
C0398,408,82584,2549,46,1,1,0,0,26,1076,68,103,29,91,1,3,4,8,1,0,0,0,1,1,2,0,6.98,45-54,70-90K,Married/Partner,Graduate,0,0,2,1367,0.7871,0.0497,0.0753,0.0212,0.0666,15,91.13,0.0667,0.2,0.2667,0.5333,Store,1.655,1,0-30 ngày,4,3,5,4.0,12,Champions,High,11.3216,7.2211
C0399,409,93027,2601,79,1,1,0,0,77,1285,42,716,55,0,0,7,10,5,2,0,0,0,0,1,1,0,7.13,65+,90K+,Married/Partner,Graduate,0,0,2,2098,0.6125,0.02,0.3413,0.0262,0.0,22,95.36,0.0,0.3182,0.4545,0.2273,Catalog,2.255,1,61-99 ngày,2,5,5,5.0,12,At Risk,High,11.4407,7.6492
C0400,410,48686,2366,67,1,1,1,2,8,10,0,7,2,0,1,1,0,2,8,0,0,0,0,0,0,0,6.48,65+,30-50K,Married/Partner,Graduate,3,1,5,19,0.5263,0.0,0.3684,0.1053,0.0,3,6.33,0.3333,0.3333,0.0,0.6667,Store,0.039,0,0-30 ngày,5,1,1,1.0,7,New / Promising,Low,10.7932,2.9957
C0401,411,92910,2225,34,1,1,0,0,42,551,137,792,179,103,1,6,7,13,1,1,0,0,1,1,3,0,6.1,24-34,90K+,Married/Partner,Graduate,0,0,2,1762,0.3127,0.0778,0.4495,0.1016,0.0585,26,67.77,0.0385,0.2308,0.2692,0.5,Store,1.896,1,31-60 ngày,3,5,5,5.0,13,Loyal Customers,High,11.4394,7.4748
C0402,412,75433,2244,31,1,1,1,0,28,800,0,297,0,34,2,2,5,10,6,1,0,0,1,0,2,0,6.15,24-34,70-90K,Married/Partner,Graduate,1,1,3,1131,0.7073,0.0,0.2626,0.0,0.0301,17,66.53,0.1176,0.1176,0.2941,0.5882,Store,1.499,1,0-30 ngày,4,4,5,4.5,13,Champions,High,11.231,7.0317
C0403,413,10404,2215,31,0,1,1,0,52,2,2,11,10,6,2,1,0,4,5,0,0,0,0,0,0,0,6.07,24-34,<30K,Married/Partner,Non-graduate,1,1,3,31,0.0645,0.0645,0.3548,0.3226,0.1935,5,6.2,0.4,0.2,0.0,0.8,Store,0.298,0,31-60 ngày,3,1,1,1.0,5,Need Attention,Low,9.25,3.4657
C0404,414,61314,2589,52,1,1,0,1,1,378,0,189,97,172,2,5,5,12,3,0,0,0,0,0,0,0,7.09,45-54,50-70K,Married/Partner,Graduate,1,1,3,836,0.4522,0.0,0.2261,0.116,0.2057,22,38.0,0.0909,0.2273,0.2273,0.5455,Store,1.363,0,0-30 ngày,5,5,4,4.5,14,Champions,Mid,11.0238,6.7298
C0405,415,84865,2575,59,1,0,0,0,1,1248,16,349,43,16,1,2,4,9,4,1,1,0,1,1,4,0,7.05,55-64,70-90K,Single,Graduate,0,0,1,1672,0.7464,0.0096,0.2087,0.0257,0.0096,15,111.47,0.0667,0.1333,0.2667,0.6,Store,1.97,1,0-30 ngày,5,3,5,4.0,13,Champions,High,11.3488,7.4224
C0406,416,42387,2767,31,1,1,1,0,42,235,0,235,19,4,5,8,1,7,8,0,0,0,0,0,0,0,7.58,24-34,30-50K,Married/Partner,Graduate,1,1,3,493,0.4767,0.0,0.4767,0.0385,0.0081,16,30.81,0.3125,0.5,0.0625,0.4375,Web,1.163,0,31-60 ngày,3,4,3,3.5,10,Loyal Customers,Mid,10.6546,6.2025
C0407,417,67309,2681,53,0,1,1,1,76,515,47,181,149,95,15,9,6,9,7,0,0,0,0,0,0,0,7.35,45-54,50-70K,Married/Partner,Non-graduate,2,1,4,987,0.5218,0.0476,0.1834,0.151,0.0963,24,41.12,0.625,0.375,0.25,0.375,Web,1.466,0,61-99 ngày,2,5,4,4.5,11,At Risk,Mid,11.1171,6.8957
C0408,418,75236,2375,56,1,1,0,1,27,438,66,400,12,38,1,8,3,13,4,0,0,0,0,0,0,0,6.51,55-64,70-90K,Married/Partner,Graduate,1,1,3,954,0.4591,0.0692,0.4193,0.0126,0.0398,24,39.75,0.0417,0.3333,0.125,0.5417,Store,1.268,0,0-30 ngày,4,5,4,4.5,13,Champions,Mid,11.2284,6.8617
C0409,419,30015,2306,50,1,0,0,0,28,25,0,22,2,3,2,1,0,4,5,0,0,0,0,0,0,0,6.32,45-54,30-50K,Single,Graduate,0,0,1,52,0.4808,0.0,0.4231,0.0385,0.0577,5,10.4,0.4,0.2,0.0,0.8,Store,0.173,0,0-30 ngày,4,1,2,1.5,7,New / Promising,Low,10.3095,3.9703
C0410,420,50943,2532,64,1,1,0,1,49,31,0,7,2,0,1,1,0,3,5,0,0,0,0,0,0,0,6.94,55-64,50-70K,Married/Partner,Graduate,1,1,3,40,0.775,0.0,0.175,0.05,0.0,4,10.0,0.25,0.25,0.0,0.75,Store,0.079,0,31-60 ngày,3,1,1,1.0,5,Need Attention,Low,10.8385,3.7136
C0411,421,67272,2349,54,1,0,0,0,12,357,35,271,28,28,3,6,2,12,5,0,0,0,0,0,0,0,6.44,45-54,50-70K,Single,Graduate,0,0,1,719,0.4965,0.0487,0.3769,0.0389,0.0389,20,35.95,0.15,0.3,0.1,0.6,Store,1.069,0,0-30 ngày,5,4,4,4.0,13,Champions,Mid,11.1165,6.5793
C0412,422,51529,2454,71,1,0,0,0,14,400,4,35,6,0,2,9,1,5,8,0,0,0,0,0,0,0,6.72,65+,50-70K,Single,Graduate,0,0,1,445,0.8989,0.009,0.0787,0.0135,0.0,15,29.67,0.1333,0.6,0.0667,0.3333,Web,0.864,0,0-30 ngày,5,3,3,3.0,11,Loyal Customers,Mid,10.8499,6.1003
C0413,423,32011,2470,49,1,1,1,0,89,99,0,15,2,1,3,2,1,4,7,0,0,0,0,0,0,0,6.77,45-54,30-50K,Married/Partner,Graduate,1,1,3,117,0.8462,0.0,0.1282,0.0171,0.0085,7,16.71,0.4286,0.2857,0.1429,0.5714,Store,0.365,0,61-99 ngày,1,2,2,2.0,5,Hibernating,Low,10.3739,4.7707
C0414,424,7500,2666,34,0,1,1,0,96,1,11,5,4,6,2,2,0,3,8,0,0,0,0,0,0,0,7.3,24-34,<30K,Married/Partner,Non-graduate,1,1,3,27,0.037,0.4074,0.1852,0.1481,0.2222,5,5.4,0.4,0.4,0.0,0.6,Store,0.36,0,61-99 ngày,1,1,1,1.0,3,Hibernating,Low,8.9228,3.3322
C0415,425,28691,2519,31,1,1,1,0,56,5,4,13,8,0,1,1,0,3,8,0,0,0,0,0,0,0,6.9,24-34,<30K,Married/Partner,Graduate,1,1,3,30,0.1667,0.1333,0.4333,0.2667,0.0,4,7.5,0.25,0.25,0.0,0.75,Store,0.105,0,31-60 ngày,3,1,1,1.0,5,Need Attention,Low,10.2644,3.434
C0416,426,56223,2350,72,1,1,0,1,72,77,28,31,16,0,2,2,1,5,4,0,0,0,0,0,0,0,6.44,65+,50-70K,Married/Partner,Graduate,1,1,3,152,0.5066,0.1842,0.2039,0.1053,0.0,8,19.0,0.25,0.25,0.125,0.625,Store,0.27,0,61-99 ngày,2,2,2,2.0,6,Hibernating,Low,10.9371,5.0304
C0417,427,18100,2486,74,1,1,0,0,14,3,1,2,4,3,1,0,0,3,5,0,0,0,0,0,0,0,6.81,65+,<30K,Married/Partner,Graduate,0,0,2,13,0.2308,0.0769,0.1538,0.3077,0.2308,3,4.33,0.3333,0.0,0.0,1.0,Store,0.072,0,0-30 ngày,5,1,1,1.0,7,New / Promising,Low,9.8037,2.6391
C0418,429,20130,2263,46,0,1,0,0,99,0,6,3,7,6,1,1,0,3,8,0,0,0,0,0,0,0,6.2,45-54,<30K,Married/Partner,Non-graduate,0,0,2,22,0.0,0.2727,0.1364,0.3182,0.2727,4,5.5,0.25,0.25,0.0,0.75,Store,0.109,0,61-99 ngày,1,1,1,1.0,3,Hibernating,Low,9.91,3.1355
C0419,430,23295,2510,61,1,0,0,0,72,0,0,1,2,12,1,1,0,2,8,0,0,0,0,0,0,0,6.88,55-64,<30K,Single,Graduate,0,0,1,15,0.0,0.0,0.0667,0.1333,0.8,3,5.0,0.3333,0.3333,0.0,0.6667,Store,0.064,0,61-99 ngày,2,1,1,1.0,4,Hibernating,Low,10.056,2.7726
C0420,431,42618,2422,48,1,0,0,0,92,76,14,74,13,5,2,5,0,4,8,0,0,0,0,0,0,0,6.64,45-54,30-50K,Single,Graduate,0,0,1,182,0.4176,0.0769,0.4066,0.0714,0.0275,9,20.22,0.2222,0.5556,0.0,0.4444,Web,0.427,0,61-99 ngày,1,2,2,2.0,5,Hibernating,Low,10.6601,5.2095
C0421,432,81246,2341,56,1,0,0,0,87,398,190,537,61,156,1,4,5,7,1,1,0,1,0,0,2,0,6.41,55-64,70-90K,Single,Graduate,0,0,1,1342,0.2966,0.1416,0.4001,0.0455,0.1162,16,83.88,0.0625,0.25,0.3125,0.4375,Store,1.652,1,61-99 ngày,1,4,5,4.5,10,At Risk,High,11.3052,7.2027
C0422,433,24027,2544,44,1,1,1,0,7,14,7,11,11,0,2,2,0,3,8,0,0,0,0,0,0,0,6.97,35-44,<30K,Married/Partner,Graduate,1,1,3,43,0.3256,0.1628,0.2558,0.2558,0.0,5,8.6,0.4,0.4,0.0,0.6,Store,0.179,0,0-30 ngày,5,1,1,1.0,7,New / Promising,Low,10.087,3.7842
C0423,434,55707,2348,67,1,1,0,1,91,208,7,82,30,66,2,3,2,9,3,0,0,0,0,0,0,0,6.43,65+,50-70K,Married/Partner,Graduate,1,1,3,393,0.5293,0.0178,0.2087,0.0763,0.1679,14,28.07,0.1429,0.2143,0.1429,0.6429,Store,0.705,0,61-99 ngày,1,3,3,3.0,7,At Risk,Mid,10.9279,5.9764
C0424,435,57959,2582,65,1,0,0,0,71,430,16,322,43,24,5,4,7,11,3,0,0,0,0,0,0,0,7.07,65+,50-70K,Single,Graduate,0,0,1,835,0.515,0.0192,0.3856,0.0515,0.0287,22,37.95,0.2273,0.1818,0.3182,0.5,Store,1.441,0,61-99 ngày,2,5,4,4.5,11,At Risk,Mid,10.9675,6.7286
C0425,436,56796,2657,51,1,1,0,1,24,656,38,161,62,47,3,8,9,7,7,0,0,0,0,0,0,0,7.28,45-54,50-70K,Married/Partner,Graduate,1,1,3,964,0.6805,0.0394,0.167,0.0643,0.0488,24,40.17,0.125,0.3333,0.375,0.2917,Catalog,1.697,0,0-30 ngày,4,5,4,4.5,13,Champions,Mid,10.9472,6.8721
C0426,437,36230,2414,49,1,0,0,0,17,14,2,30,8,2,1,2,0,4,5,0,0,0,0,0,0,0,6.61,45-54,30-50K,Single,Graduate,0,0,1,56,0.25,0.0357,0.5357,0.1429,0.0357,6,9.33,0.1667,0.3333,0.0,0.6667,Store,0.155,0,0-30 ngày,5,2,2,2.0,9,New / Promising,Low,10.4977,4.0431
C0427,438,70829,2369,40,0,1,1,1,87,141,70,106,72,19,2,4,2,8,3,0,0,0,0,0,0,0,6.49,35-44,70-90K,Married/Partner,Non-graduate,2,1,4,408,0.3456,0.1716,0.2598,0.1765,0.0466,14,29.14,0.1429,0.2857,0.1429,0.5714,Store,0.576,0,61-99 ngày,1,3,3,3.0,7,At Risk,Mid,11.168,6.0137
C0428,439,65991,2819,44,1,1,0,1,21,507,19,364,25,47,3,9,5,10,7,0,0,0,0,0,0,0,7.72,35-44,50-70K,Married/Partner,Graduate,1,1,3,962,0.527,0.0198,0.3784,0.026,0.0489,24,40.08,0.125,0.375,0.2083,0.4167,Store,1.458,0,0-30 ngày,4,5,4,4.5,13,Champions,Mid,11.0973,6.8701
C0429,440,38988,2837,48,1,1,1,2,90,164,24,103,12,3,7,5,1,6,8,0,0,0,0,0,0,0,7.77,45-54,30-50K,Married/Partner,Graduate,3,1,5,306,0.5359,0.0784,0.3366,0.0392,0.0098,12,25.5,0.5833,0.4167,0.0833,0.5,Store,0.785,0,61-99 ngày,1,3,3,3.0,7,At Risk,Low,10.571,5.7268
C0430,441,89572,2811,54,0,0,0,0,44,606,24,974,197,194,1,7,7,9,4,1,0,0,1,0,2,0,7.7,45-54,70-90K,Single,Non-graduate,0,0,1,1995,0.3038,0.012,0.4882,0.0987,0.0972,23,86.74,0.0435,0.3043,0.3043,0.3913,Store,2.227,1,31-60 ngày,3,5,5,5.0,13,Loyal Customers,High,11.4028,7.5989
C0431,442,42207,2613,36,1,1,1,0,71,116,11,72,3,17,4,4,1,5,6,0,0,1,0,0,1,0,7.16,35-44,30-50K,Married/Partner,Graduate,1,1,3,219,0.5297,0.0502,0.3288,0.0137,0.0776,10,21.9,0.4,0.4,0.1,0.5,Store,0.519,1,61-99 ngày,2,3,3,3.0,8,At Risk,Low,10.6504,5.3936
C0432,443,50300,2194,68,1,1,0,1,52,143,15,60,24,23,2,2,1,8,2,0,0,0,0,0,0,0,6.01,65+,50-70K,Married/Partner,Graduate,1,1,3,265,0.5396,0.0566,0.2264,0.0906,0.0868,11,24.09,0.1818,0.1818,0.0909,0.7273,Store,0.527,0,31-60 ngày,3,3,3,3.0,9,Loyal Customers,Low,10.8258,5.5835
C0433,444,66664,2801,38,0,1,0,0,78,398,96,447,220,96,1,5,7,6,3,0,0,0,0,0,0,0,7.67,35-44,50-70K,Married/Partner,Non-graduate,0,0,2,1257,0.3166,0.0764,0.3556,0.175,0.0764,18,69.83,0.0556,0.2778,0.3889,0.3333,Catalog,1.886,0,61-99 ngày,2,4,5,4.5,11,At Risk,High,11.1074,7.1373
C0434,445,60597,2338,56,1,1,0,1,2,522,0,257,32,16,4,2,2,8,7,1,0,0,0,0,1,0,6.41,55-64,50-70K,Married/Partner,Graduate,1,1,3,827,0.6312,0.0,0.3108,0.0387,0.0193,12,68.92,0.3333,0.1667,0.1667,0.6667,Store,1.365,1,0-30 ngày,5,3,4,3.5,12,Loyal Customers,Mid,11.012,6.719
C0435,446,70165,2439,71,1,0,0,0,60,161,0,253,199,191,1,3,7,11,1,0,0,0,0,0,0,0,6.68,65+,70-90K,Single,Graduate,0,0,1,804,0.2002,0.0,0.3147,0.2475,0.2376,21,38.29,0.0476,0.1429,0.3333,0.5238,Store,1.146,0,31-60 ngày,2,5,4,4.5,11,At Risk,Mid,11.1586,6.6908
C0436,447,50520,2311,62,1,0,0,0,25,112,0,6,2,1,2,3,1,3,6,0,0,0,0,0,0,0,6.33,55-64,50-70K,Single,Graduate,0,0,1,121,0.9256,0.0,0.0496,0.0165,0.0083,7,17.29,0.2857,0.4286,0.1429,0.4286,Web,0.24,0,0-30 ngày,4,2,2,2.0,8,New / Promising,Low,10.8301,4.804
C0437,449,33183,2284,45,1,1,1,0,46,7,5,39,17,15,2,4,0,3,7,0,0,0,0,0,0,0,6.26,45-54,30-50K,Married/Partner,Graduate,1,1,3,83,0.0843,0.0602,0.4699,0.2048,0.1807,7,11.86,0.2857,0.5714,0.0,0.4286,Web,0.25,0,31-60 ngày,3,2,2,2.0,7,Need Attention,Low,10.4098,4.4308
C0438,450,66582,2277,51,1,0,0,0,83,789,25,420,16,38,1,2,8,9,1,0,0,0,0,0,0,0,6.24,45-54,50-70K,Single,Graduate,0,0,1,1288,0.6126,0.0194,0.3261,0.0124,0.0295,19,67.79,0.0526,0.1053,0.4211,0.4737,Store,1.934,0,61-99 ngày,1,4,5,4.5,10,At Risk,High,11.1062,7.1616
C0439,451,75261,2591,65,1,1,0,0,17,1239,17,413,23,34,1,5,6,5,2,0,0,0,1,1,2,0,7.1,65+,70-90K,Married/Partner,Graduate,0,0,2,1726,0.7178,0.0098,0.2393,0.0133,0.0197,16,107.88,0.0625,0.3125,0.375,0.3125,Catalog,2.293,1,0-30 ngày,5,4,5,4.5,14,Champions,High,11.2287,7.4541
C0440,452,31880,2765,50,1,0,0,0,13,4,1,5,2,0,1,1,0,2,8,0,0,0,0,0,0,0,7.58,45-54,30-50K,Single,Graduate,0,0,1,12,0.3333,0.0833,0.4167,0.1667,0.0,3,4.0,0.3333,0.3333,0.0,0.6667,Store,0.038,0,0-30 ngày,5,1,1,1.0,7,New / Promising,Low,10.3698,2.5649
C0441,453,53790,2274,69,1,1,0,2,86,335,42,127,28,5,3,7,2,8,6,0,0,0,0,0,0,0,6.23,65+,50-70K,Married/Partner,Graduate,2,1,4,537,0.6238,0.0782,0.2365,0.0521,0.0093,17,31.59,0.1765,0.4118,0.1176,0.4706,Store,0.998,0,61-99 ngày,1,4,3,3.5,8,At Risk,Mid,10.8929,6.2879
C0442,454,49269,2842,49,1,1,1,0,92,639,8,166,11,8,3,7,3,12,7,0,0,0,0,0,0,0,7.79,45-54,30-50K,Married/Partner,Graduate,1,1,3,832,0.768,0.0096,0.1995,0.0132,0.0096,22,37.82,0.1364,0.3182,0.1364,0.5455,Store,1.689,0,61-99 ngày,1,5,4,4.5,10,At Risk,Mid,10.8051,6.725
C0443,455,61456,2618,45,1,1,0,1,47,563,76,384,84,192,4,6,10,13,4,0,0,0,0,0,0,0,7.17,45-54,50-70K,Married/Partner,Graduate,1,1,3,1299,0.4334,0.0585,0.2956,0.0647,0.1478,29,44.79,0.1379,0.2069,0.3448,0.4483,Store,2.114,0,31-60 ngày,3,5,5,5.0,13,Loyal Customers,High,11.0261,7.1701
C0444,456,37406,2421,40,1,1,1,0,18,2,0,8,2,2,1,1,0,2,8,0,0,0,0,0,0,0,6.63,35-44,30-50K,Married/Partner,Graduate,1,1,3,14,0.1429,0.0,0.5714,0.1429,0.1429,3,4.67,0.3333,0.3333,0.0,0.6667,Store,0.037,0,0-30 ngày,5,1,1,1.0,7,New / Promising,Low,10.5296,2.7081
C0445,457,56937,2853,39,1,1,1,0,81,746,8,125,11,8,7,8,6,9,6,0,0,0,1,0,1,0,7.82,35-44,50-70K,Married/Partner,Graduate,1,1,3,898,0.8307,0.0089,0.1392,0.0122,0.0089,23,39.04,0.3043,0.3478,0.2609,0.3913,Store,1.577,1,61-99 ngày,1,5,4,4.5,10,At Risk,Mid,10.9497,6.8013
C0446,458,38415,2702,42,1,1,1,1,91,22,1,13,4,0,2,1,0,3,7,0,0,0,0,0,0,0,7.4,35-44,30-50K,Married/Partner,Graduate,2,1,4,40,0.55,0.025,0.325,0.1,0.0,4,10.0,0.5,0.25,0.0,0.75,Store,0.104,0,61-99 ngày,1,1,1,1.0,3,Hibernating,Low,10.5562,3.7136
C0447,459,20518,2201,32,1,0,0,0,58,4,1,6,4,1,1,1,1,2,5,0,0,0,0,0,0,0,6.03,24-34,<30K,Single,Graduate,0,0,1,16,0.25,0.0625,0.375,0.25,0.0625,4,4.0,0.25,0.25,0.25,0.5,Store,0.078,0,31-60 ngày,3,1,1,1.0,5,Need Attention,Low,9.9291,2.8332
C0448,460,62503,2655,64,1,1,0,1,40,478,0,193,110,75,4,8,3,11,5,0,0,0,0,0,0,0,7.27,55-64,50-70K,Married/Partner,Graduate,1,1,3,856,0.5584,0.0,0.2255,0.1285,0.0876,22,38.91,0.1818,0.3636,0.1364,0.5,Store,1.37,0,31-60 ngày,3,5,4,4.5,12,Loyal Customers,Mid,11.043,6.7534
C0449,461,41644,2210,48,1,0,0,0,67,20,3,4,2,0,2,1,0,3,3,0,0,0,0,0,0,0,6.05,45-54,30-50K,Single,Graduate,0,0,1,29,0.6897,0.1034,0.1379,0.069,0.0,4,7.25,0.5,0.25,0.0,0.75,Store,0.07,0,61-99 ngày,2,1,1,1.0,4,Hibernating,Low,10.6369,3.4012
C0450,462,55842,2196,43,1,1,0,1,19,451,0,39,0,4,1,7,1,8,5,0,0,0,0,0,0,0,6.02,35-44,50-70K,Married/Partner,Graduate,1,1,3,494,0.913,0.0,0.0789,0.0,0.0081,16,30.88,0.0625,0.4375,0.0625,0.5,Store,0.885,0,0-30 ngày,5,4,3,3.5,12,Loyal Customers,Mid,10.9303,6.2046
C0451,463,62010,2773,48,1,1,0,1,93,371,22,39,6,0,4,6,2,7,5,0,0,0,0,0,0,0,7.6,45-54,50-70K,Married/Partner,Graduate,1,1,3,438,0.847,0.0502,0.089,0.0137,0.0,15,29.2,0.2667,0.4,0.1333,0.4667,Store,0.706,0,61-99 ngày,1,3,3,3.0,7,At Risk,Mid,11.0351,6.0845
C0452,464,41124,2765,43,1,1,1,0,41,281,7,84,15,0,7,7,3,4,8,0,0,0,0,0,0,0,7.58,35-44,30-50K,Married/Partner,Graduate,1,1,3,387,0.7261,0.0181,0.2171,0.0388,0.0,14,27.64,0.5,0.5,0.2143,0.2857,Web,0.941,0,31-60 ngày,3,3,3,3.0,9,Loyal Customers,Mid,10.6244,5.961
C0453,465,38961,2340,47,1,1,1,0,60,19,7,19,0,1,1,2,1,2,7,0,0,0,0,0,0,0,6.41,45-54,30-50K,Married/Partner,Graduate,1,1,3,46,0.413,0.1522,0.413,0.0,0.0217,5,9.2,0.2,0.4,0.2,0.4,Web,0.118,0,31-60 ngày,2,1,2,1.5,5,Hibernating,Low,10.5703,3.8501
C0454,466,37760,2481,48,1,0,0,0,54,26,3,13,2,10,1,2,0,3,6,0,0,0,0,0,0,0,6.8,45-54,30-50K,Single,Graduate,0,0,1,54,0.4815,0.0556,0.2407,0.037,0.1852,5,10.8,0.2,0.4,0.0,0.6,Store,0.143,0,31-60 ngày,3,1,2,1.5,6,Need Attention,Low,10.539,4.0073
C0455,467,32233,2838,46,1,0,0,0,26,138,15,35,25,11,2,6,2,2,9,0,0,1,0,0,1,0,7.78,45-54,30-50K,Single,Graduate,0,0,1,224,0.6161,0.067,0.1562,0.1116,0.0491,10,22.4,0.2,0.6,0.2,0.2,Web,0.695,1,0-30 ngày,4,3,3,3.0,10,Loyal Customers,Low,10.3808,5.4161
C0456,468,43057,2401,45,1,1,0,1,30,213,2,44,0,2,4,4,2,5,5,0,0,0,0,0,0,0,6.58,45-54,30-50K,Married/Partner,Graduate,1,1,3,261,0.8161,0.0077,0.1686,0.0,0.0077,11,23.73,0.3636,0.3636,0.1818,0.4545,Store,0.606,0,0-30 ngày,4,3,3,3.0,10,Loyal Customers,Low,10.6703,5.5683
C0457,469,83151,2786,60,1,1,0,0,93,407,28,100,120,74,1,5,9,4,3,0,0,0,0,0,0,0,7.63,55-64,70-90K,Married/Partner,Graduate,0,0,2,729,0.5583,0.0384,0.1372,0.1646,0.1015,18,40.5,0.0556,0.2778,0.5,0.2222,Catalog,0.877,0,61-99 ngày,1,4,4,4.0,9,At Risk,Mid,11.3284,6.593
C0458,470,78825,2812,56,1,0,0,0,35,483,74,114,169,37,1,5,10,13,3,0,0,0,0,0,0,0,7.7,55-64,70-90K,Single,Graduate,0,0,1,877,0.5507,0.0844,0.13,0.1927,0.0422,28,31.32,0.0357,0.1786,0.3571,0.4643,Store,1.113,0,31-60 ngày,4,5,4,4.5,13,Champions,Mid,11.275,6.7776
C0459,472,60093,2527,46,1,1,0,1,92,502,12,109,16,6,2,7,2,10,6,0,0,0,0,0,0,0,6.92,45-54,50-70K,Married/Partner,Graduate,1,1,3,645,0.7783,0.0186,0.169,0.0248,0.0093,19,33.95,0.1053,0.3684,0.1053,0.5263,Store,1.073,0,61-99 ngày,1,4,4,4.0,9,At Risk,Mid,11.0037,6.4708
C0460,473,14045,2313,51,1,1,1,0,24,11,0,5,2,1,1,1,0,3,7,0,0,0,0,0,0,0,6.34,45-54,<30K,Married/Partner,Graduate,1,1,3,19,0.5789,0.0,0.2632,0.1053,0.0526,4,4.75,0.25,0.25,0.0,0.75,Store,0.135,0,0-30 ngày,4,1,1,1.0,6,New / Promising,Low,9.5501,2.9957
C0461,474,28457,2768,68,0,0,0,0,96,24,1,108,29,29,1,4,1,4,8,0,0,0,0,0,0,0,7.58,65+,<30K,Single,Non-graduate,0,0,1,191,0.1257,0.0052,0.5654,0.1518,0.1518,9,21.22,0.1111,0.4444,0.1111,0.4444,Web,0.671,0,61-99 ngày,1,2,3,2.5,6,Hibernating,Low,10.2562,5.2575
C0462,475,78952,2802,62,1,1,0,1,11,1170,19,594,99,76,2,2,5,12,6,0,0,0,0,0,0,0,7.68,55-64,70-90K,Married/Partner,Graduate,1,1,3,1958,0.5975,0.0097,0.3034,0.0506,0.0388,19,103.05,0.1053,0.1053,0.2632,0.6316,Store,2.48,0,0-30 ngày,5,4,5,4.5,14,Champions,High,11.2766,7.5802
C0463,476,46310,2732,44,1,0,0,0,99,185,2,88,15,5,2,6,1,5,8,0,0,0,0,0,0,0,7.48,35-44,30-50K,Single,Graduate,0,0,1,295,0.6271,0.0068,0.2983,0.0508,0.0169,12,24.58,0.1667,0.5,0.0833,0.4167,Web,0.637,0,61-99 ngày,1,3,3,3.0,7,At Risk,Low,10.7431,5.6904
C0464,477,76005,2651,65,1,1,0,0,72,983,20,389,240,50,1,3,5,13,6,1,0,0,0,0,1,0,7.26,65+,70-90K,Married/Partner,Graduate,0,0,2,1682,0.5844,0.0119,0.2313,0.1427,0.0297,21,80.1,0.0476,0.1429,0.2381,0.619,Store,2.213,1,61-99 ngày,2,5,5,5.0,12,At Risk,High,11.2386,7.4283
C0465,478,58308,2692,56,1,0,0,0,77,691,0,69,10,0,4,2,6,3,8,0,0,0,0,0,0,0,7.38,55-64,50-70K,Single,Graduate,0,0,1,770,0.8974,0.0,0.0896,0.013,0.0,11,70.0,0.3636,0.1818,0.5455,0.2727,Catalog,1.321,0,61-99 ngày,2,3,4,3.5,9,At Risk,Mid,10.9735,6.6477
C0466,479,55614,2373,76,1,0,0,0,85,504,13,131,8,0,1,9,4,6,7,0,0,0,1,0,1,0,6.5,65+,50-70K,Single,Graduate,0,0,1,656,0.7683,0.0198,0.1997,0.0122,0.0,19,34.53,0.0526,0.4737,0.2105,0.3158,Web,1.18,1,61-99 ngày,1,4,4,4.0,9,At Risk,Mid,10.9262,6.4877
C0467,480,59432,2601,58,1,0,0,0,88,317,25,265,25,19,3,5,3,11,5,0,0,0,0,0,0,0,7.13,55-64,50-70K,Single,Graduate,0,0,1,651,0.4869,0.0384,0.4071,0.0384,0.0292,19,34.26,0.1579,0.2632,0.1579,0.5789,Store,1.095,0,61-99 ngày,1,4,4,4.0,9,At Risk,Mid,10.9926,6.48
C0468,481,55563,2244,42,1,0,0,0,22,29,1,9,2,0,1,2,0,3,3,0,0,0,0,0,0,0,6.15,35-44,50-70K,Single,Graduate,0,0,1,41,0.7073,0.0244,0.2195,0.0488,0.0,5,8.2,0.2,0.4,0.0,0.6,Store,0.074,0,0-30 ngày,4,1,1,1.0,6,New / Promising,Low,10.9253,3.7377
C0469,482,78642,2593,49,1,1,0,1,83,1396,0,322,46,35,1,4,9,4,6,0,0,0,0,0,0,0,7.1,45-54,70-90K,Married/Partner,Graduate,1,1,3,1799,0.776,0.0,0.179,0.0256,0.0195,17,105.82,0.0588,0.2353,0.5294,0.2353,Catalog,2.288,0,61-99 ngày,1,4,5,4.5,10,At Risk,High,11.2727,7.4955
C0470,483,67911,2197,71,1,1,0,1,63,529,0,356,63,28,3,6,7,11,3,0,0,0,0,0,0,0,6.02,65+,50-70K,Married/Partner,Graduate,1,1,3,976,0.542,0.0,0.3648,0.0645,0.0287,24,40.67,0.125,0.25,0.2917,0.4583,Store,1.437,0,61-99 ngày,2,5,4,4.5,11,At Risk,Mid,11.126,6.8845
C0471,484,65275,2611,76,1,1,0,0,9,388,14,218,91,14,1,4,3,13,2,0,0,0,0,0,0,0,7.15,65+,50-70K,Married/Partner,Graduate,0,0,2,725,0.5352,0.0193,0.3007,0.1255,0.0193,20,36.25,0.05,0.2,0.15,0.65,Store,1.111,0,0-30 ngày,5,4,4,4.0,13,Champions,Mid,11.0864,6.5876
C0472,485,27203,2851,70,1,1,1,1,92,13,2,21,4,0,2,1,1,2,8,0,0,0,0,0,0,0,7.81,65+,<30K,Married/Partner,Graduate,2,1,4,40,0.325,0.05,0.525,0.1,0.0,4,10.0,0.5,0.25,0.25,0.5,Store,0.147,0,61-99 ngày,1,1,1,1.0,3,Hibernating,Low,10.2111,3.7136
C0473,486,48330,2385,59,1,1,0,1,2,28,0,4,0,0,1,1,0,3,5,0,0,0,0,0,0,0,6.53,55-64,30-50K,Married/Partner,Graduate,1,1,3,32,0.875,0.0,0.125,0.0,0.0,4,8.0,0.25,0.25,0.0,0.75,Store,0.066,0,0-30 ngày,5,1,1,1.0,7,New / Promising,Low,10.7858,3.4965
C0474,487,24279,2706,30,0,1,0,0,6,16,36,21,20,62,1,4,1,3,8,0,0,0,0,0,0,0,7.41,24-34,<30K,Married/Partner,Non-graduate,0,0,2,155,0.1032,0.2323,0.1355,0.129,0.4,8,19.38,0.125,0.5,0.125,0.375,Web,0.638,0,0-30 ngày,5,2,2,2.0,9,New / Promising,Low,10.0974,5.0499
C0475,488,64355,2833,35,1,1,1,0,66,1047,0,140,67,38,2,4,3,12,8,0,0,0,0,0,0,0,7.76,35-44,50-70K,Married/Partner,Graduate,1,1,3,1292,0.8104,0.0,0.1084,0.0519,0.0294,19,68.0,0.1053,0.2105,0.1579,0.6316,Store,2.008,0,61-99 ngày,2,4,5,4.5,11,At Risk,High,11.0722,7.1647
C0476,490,53653,2758,67,1,0,0,0,29,815,10,239,28,10,2,10,4,12,6,0,0,0,0,0,0,0,7.56,65+,50-70K,Single,Graduate,0,0,1,1102,0.7396,0.0091,0.2169,0.0254,0.0091,26,42.38,0.0769,0.3846,0.1538,0.4615,Store,2.054,0,0-30 ngày,4,5,5,5.0,14,Champions,High,10.8903,7.0058
C0477,491,65665,2368,44,1,1,0,1,77,225,162,387,106,36,1,5,10,8,3,0,0,0,0,0,0,0,6.49,35-44,50-70K,Married/Partner,Graduate,1,1,3,916,0.2456,0.1769,0.4225,0.1157,0.0393,23,39.83,0.0435,0.2174,0.4348,0.3478,Catalog,1.395,0,61-99 ngày,2,5,4,4.5,11,At Risk,Mid,11.0923,6.8211
C0478,492,81217,2504,31,1,0,0,0,77,493,70,324,146,40,1,3,7,11,1,0,0,0,0,0,0,0,6.86,24-34,70-90K,Single,Graduate,0,0,1,1073,0.4595,0.0652,0.302,0.1361,0.0373,21,51.1,0.0476,0.1429,0.3333,0.5238,Store,1.321,0,61-99 ngày,2,5,4,4.5,11,At Risk,Mid,11.3049,6.9791
C0479,493,34935,2532,28,1,1,0,0,71,34,4,66,3,10,1,2,1,4,7,0,0,0,0,0,0,0,6.94,24-34,30-50K,Married/Partner,Graduate,0,0,2,117,0.2906,0.0342,0.5641,0.0256,0.0855,7,16.71,0.1429,0.2857,0.1429,0.5714,Store,0.335,0,61-99 ngày,2,2,2,2.0,6,Hibernating,Low,10.4613,4.7707
C0480,494,61250,2719,61,1,0,0,0,49,382,138,65,60,26,6,5,2,12,5,0,0,0,0,0,0,0,7.45,55-64,50-70K,Single,Graduate,0,0,1,671,0.5693,0.2057,0.0969,0.0894,0.0387,19,35.32,0.3158,0.2632,0.1053,0.6316,Store,1.096,0,31-60 ngày,3,4,4,4.0,11,Loyal Customers,Mid,11.0227,6.5103
C0481,495,39665,2559,39,1,1,1,0,97,127,1,56,0,1,3,4,2,3,7,0,0,1,0,0,1,0,7.01,35-44,30-50K,Married/Partner,Graduate,1,1,3,185,0.6865,0.0054,0.3027,0.0,0.0054,9,20.56,0.3333,0.4444,0.2222,0.3333,Web,0.466,1,61-99 ngày,1,2,3,2.5,6,Hibernating,Low,10.5882,5.2257
C0482,496,60152,2617,41,1,0,0,0,6,325,83,300,86,58,1,6,4,12,3,0,0,0,0,0,0,0,7.17,35-44,50-70K,Single,Graduate,0,0,1,852,0.3815,0.0974,0.3521,0.1009,0.0681,22,38.73,0.0455,0.2727,0.1818,0.5455,Store,1.416,0,0-30 ngày,5,5,4,4.5,14,Champions,Mid,11.0046,6.7488
C0483,497,48920,2411,56,1,1,0,2,93,238,17,68,8,10,3,6,2,5,7,0,0,0,1,0,1,0,6.61,55-64,30-50K,Married/Partner,Graduate,2,1,4,341,0.6979,0.0499,0.1994,0.0235,0.0293,13,26.23,0.2308,0.4615,0.1538,0.3846,Web,0.697,1,61-99 ngày,1,3,3,3.0,7,At Risk,Low,10.798,5.8348
C0484,498,89120,2263,61,1,1,0,0,78,1168,92,408,72,129,1,5,6,7,1,0,0,0,0,1,1,0,6.2,55-64,70-90K,Married/Partner,Graduate,0,0,2,1869,0.6249,0.0492,0.2183,0.0385,0.069,18,103.83,0.0556,0.2778,0.3333,0.3889,Store,2.097,1,61-99 ngày,2,4,5,4.5,11,At Risk,High,11.3978,7.5337
C0485,499,44124,2573,74,1,1,0,1,62,284,0,55,0,6,4,6,2,5,8,0,0,0,0,0,0,0,7.05,65+,30-50K,Married/Partner,Graduate,1,1,3,345,0.8232,0.0,0.1594,0.0,0.0174,13,26.54,0.3077,0.4615,0.1538,0.3846,Web,0.782,0,61-99 ngày,2,3,3,3.0,8,At Risk,Low,10.6948,5.8464
C0486,500,81169,2600,45,1,0,0,0,47,1288,20,613,80,61,1,5,7,9,2,0,0,0,0,0,0,0,7.12,45-54,70-90K,Single,Graduate,0,0,1,2062,0.6246,0.0097,0.2973,0.0388,0.0296,21,98.19,0.0476,0.2381,0.3333,0.4286,Store,2.54,0,31-60 ngày,3,5,5,5.0,13,Loyal Customers,High,11.3043,7.6319
C0487,501,36443,2670,59,1,1,1,1,9,65,0,46,4,3,4,3,1,3,8,0,0,0,0,0,0,0,7.32,55-64,30-50K,Married/Partner,Graduate,2,1,4,118,0.5508,0.0,0.3898,0.0339,0.0254,7,16.86,0.5714,0.4286,0.1429,0.4286,Web,0.324,0,0-30 ngày,5,2,2,2.0,9,New / Promising,Low,10.5035,4.7791
C0488,502,26095,2523,30,1,0,0,0,77,11,7,9,3,1,1,1,0,3,7,0,0,0,0,0,0,0,6.91,24-34,<30K,Single,Graduate,0,0,1,31,0.3548,0.2258,0.2903,0.0968,0.0323,4,7.75,0.25,0.25,0.0,0.75,Store,0.119,0,61-99 ngày,2,1,1,1.0,4,Hibernating,Low,10.1695,3.4657
C0489,503,71367,2469,61,1,1,0,0,24,227,23,389,42,21,1,4,5,7,2,0,0,0,0,0,0,0,6.76,55-64,70-90K,Married/Partner,Graduate,0,0,2,702,0.3234,0.0328,0.5541,0.0598,0.0299,16,43.88,0.0625,0.25,0.3125,0.4375,Store,0.984,0,0-30 ngày,4,4,4,4.0,12,Champions,Mid,11.1756,6.5554
C0490,504,80184,2279,76,1,1,0,0,19,1035,134,670,25,38,1,6,3,10,3,1,0,0,0,1,2,0,6.24,65+,70-90K,Married/Partner,Graduate,0,0,2,1902,0.5442,0.0705,0.3523,0.0131,0.02,19,100.11,0.0526,0.3158,0.1579,0.5263,Store,2.372,1,0-30 ngày,5,4,5,4.5,14,Champions,High,11.2921,7.5512
C0491,505,30630,2312,55,1,0,0,0,67,27,1,12,2,0,2,2,0,3,7,0,0,0,0,0,0,0,6.33,55-64,30-50K,Single,Graduate,0,0,1,42,0.6429,0.0238,0.2857,0.0476,0.0,5,8.4,0.4,0.4,0.0,0.6,Store,0.137,0,61-99 ngày,2,1,1,1.0,4,Hibernating,Low,10.3298,3.7612
C0492,506,73454,2279,33,1,0,0,0,95,982,73,351,56,14,1,2,4,6,5,0,0,1,0,0,1,0,6.24,24-34,70-90K,Single,Graduate,0,0,1,1476,0.6653,0.0495,0.2378,0.0379,0.0095,12,123.0,0.0833,0.1667,0.3333,0.5,Store,2.009,1,61-99 ngày,1,3,5,4.0,9,At Risk,High,11.2044,7.2978
C0493,507,42691,2476,29,1,1,0,0,48,179,2,64,38,17,1,5,1,6,5,0,0,0,0,0,0,0,6.78,24-34,30-50K,Married/Partner,Graduate,0,0,2,300,0.5967,0.0067,0.2133,0.1267,0.0567,12,25.0,0.0833,0.4167,0.0833,0.5,Store,0.703,0,31-60 ngày,3,3,3,3.0,9,Loyal Customers,Low,10.6618,5.7071
C0494,508,70503,2796,67,1,1,0,0,73,1379,33,216,0,33,1,2,4,9,6,0,0,0,1,1,2,0,7.66,65+,70-90K,Married/Partner,Graduate,0,0,2,1661,0.8302,0.0199,0.13,0.0,0.0199,15,110.73,0.0667,0.1333,0.2667,0.6,Store,2.356,1,61-99 ngày,2,3,5,4.0,10,At Risk,High,11.1634,7.4158
C0495,509,25545,2818,33,1,1,1,0,35,32,1,64,16,12,3,2,2,3,6,0,0,0,0,0,0,0,7.72,24-34,<30K,Married/Partner,Graduate,1,1,3,125,0.256,0.008,0.512,0.128,0.096,7,17.86,0.4286,0.2857,0.2857,0.4286,Store,0.489,0,31-60 ngày,4,2,2,2.0,8,New / Promising,Low,10.1482,4.8363
C0496,510,32880,2731,34,1,1,1,0,76,8,4,15,7,6,1,1,0,3,8,0,0,0,0,0,0,0,7.48,24-34,30-50K,Married/Partner,Graduate,1,1,3,40,0.2,0.1,0.375,0.175,0.15,4,10.0,0.25,0.25,0.0,0.75,Store,0.122,0,61-99 ngày,2,1,1,1.0,4,Hibernating,Low,10.4007,3.7136
C0497,511,77863,2373,62,1,1,0,0,20,881,38,319,16,25,1,4,5,10,2,0,0,0,0,0,0,0,6.5,55-64,70-90K,Married/Partner,Graduate,0,0,2,1279,0.6888,0.0297,0.2494,0.0125,0.0195,19,67.32,0.0526,0.2105,0.2632,0.5263,Store,1.643,0,0-30 ngày,4,4,5,4.5,13,Champions,High,11.2627,7.1546
C0498,512,50353,2180,43,1,1,0,0,72,141,15,153,67,31,1,4,4,6,3,0,0,0,0,0,0,0,5.97,35-44,50-70K,Married/Partner,Graduate,0,0,2,407,0.3464,0.0369,0.3759,0.1646,0.0762,14,29.07,0.0714,0.2857,0.2857,0.4286,Store,0.808,0,61-99 ngày,2,3,3,3.0,8,At Risk,Mid,10.8268,6.0113
C0499,513,61839,2845,56,1,0,0,0,20,1000,155,379,224,17,1,4,8,4,8,0,0,0,0,0,0,0,7.79,55-64,50-70K,Single,Graduate,0,0,1,1775,0.5634,0.0873,0.2135,0.1262,0.0096,16,110.94,0.0625,0.25,0.5,0.25,Catalog,2.87,0,0-30 ngày,4,4,5,4.5,13,Champions,High,11.0323,7.4821
C0500,514,49154,2397,60,1,1,1,1,69,206,10,67,30,27,6,4,1,8,6,0,0,0,0,0,0,0,6.57,55-64,30-50K,Married/Partner,Graduate,2,1,4,340,0.6059,0.0294,0.1971,0.0882,0.0794,13,26.15,0.4615,0.3077,0.0769,0.6154,Store,0.692,0,61-99 ngày,2,3,3,3.0,8,At Risk,Low,10.8027,5.8319
C0501,515,47682,2658,45,0,0,0,0,80,162,61,83,97,57,4,4,3,8,5,0,0,0,0,0,0,0,7.28,45-54,30-50K,Single,Non-graduate,0,0,1,460,0.3522,0.1326,0.1804,0.2109,0.1239,15,30.67,0.2667,0.2667,0.2,0.5333,Store,0.965,0,61-99 ngày,1,3,3,3.0,7,At Risk,Mid,10.7723,6.1334
C0502,516,72679,2443,51,1,0,0,0,65,619,54,260,127,54,1,4,7,5,1,0,0,0,0,0,0,0,6.69,45-54,70-90K,Single,Graduate,0,0,1,1114,0.5557,0.0485,0.2334,0.114,0.0485,16,69.62,0.0625,0.25,0.4375,0.3125,Catalog,1.533,0,61-99 ngày,2,4,5,4.5,11,At Risk,High,11.1938,7.0166
C0503,517,57954,2170,43,1,1,1,1,52,456,4,24,0,0,7,8,2,6,7,0,0,0,1,0,1,0,5.95,35-44,50-70K,Married/Partner,Graduate,2,1,4,484,0.9421,0.0083,0.0496,0.0,0.0,16,30.25,0.4375,0.5,0.125,0.375,Web,0.835,1,31-60 ngày,3,4,3,3.5,10,Loyal Customers,Mid,10.9674,6.1841
C0504,518,65316,2590,58,1,1,1,1,65,112,6,92,3,9,2,3,2,5,4,0,0,0,0,0,0,0,7.1,55-64,50-70K,Married/Partner,Graduate,2,1,4,222,0.5045,0.027,0.4144,0.0135,0.0405,10,22.2,0.2,0.3,0.2,0.5,Store,0.34,0,61-99 ngày,2,3,3,3.0,8,At Risk,Low,11.087,5.4072
C0505,519,28567,2536,38,1,0,0,0,57,11,3,22,2,2,2,2,0,3,6,0,0,0,0,0,0,0,6.95,35-44,<30K,Single,Graduate,0,0,1,40,0.275,0.075,0.55,0.05,0.05,5,8.0,0.4,0.4,0.0,0.6,Store,0.14,0,31-60 ngày,3,1,1,1.0,5,Need Attention,Low,10.26,3.7136
C0506,520,47352,2603,69,1,1,0,1,70,172,12,112,8,0,4,6,1,5,7,0,0,0,0,0,0,0,7.13,65+,30-50K,Married/Partner,Graduate,1,1,3,304,0.5658,0.0395,0.3684,0.0263,0.0,12,25.33,0.3333,0.5,0.0833,0.4167,Web,0.642,0,61-99 ngày,2,3,3,3.0,8,At Risk,Low,10.7654,5.7203
C0507,521,44931,2321,53,1,1,0,1,0,78,0,11,0,0,1,2,1,3,5,0,0,0,0,0,0,0,6.36,45-54,30-50K,Married/Partner,Graduate,1,1,3,89,0.8764,0.0,0.1236,0.0,0.0,6,14.83,0.1667,0.3333,0.1667,0.5,Store,0.198,0,0-30 ngày,5,2,2,2.0,9,New / Promising,Low,10.7129,4.4998
C0508,522,76982,2293,53,1,0,0,0,19,464,151,292,65,60,1,8,3,4,4,0,0,0,0,1,1,0,6.28,45-54,70-90K,Single,Graduate,0,0,1,1032,0.4496,0.1463,0.2829,0.063,0.0581,15,68.8,0.0667,0.5333,0.2,0.2667,Web,1.341,1,0-30 ngày,5,3,4,3.5,12,Loyal Customers,Mid,11.2513,6.9402
C0509,523,57247,2484,68,0,1,0,1,50,99,4,32,37,54,2,2,1,7,2,0,0,0,0,0,0,0,6.81,65+,50-70K,Married/Partner,Non-graduate,1,1,3,226,0.4381,0.0177,0.1416,0.1637,0.2389,10,22.6,0.2,0.2,0.1,0.7,Store,0.395,0,31-60 ngày,3,3,3,3.0,9,Loyal Customers,Low,10.9551,5.425
C0510,524,22944,2347,39,1,0,0,0,67,19,3,19,4,5,3,3,0,3,7,0,0,0,0,0,0,0,6.43,35-44,<30K,Single,Graduate,0,0,1,50,0.38,0.06,0.38,0.08,0.1,6,8.33,0.5,0.5,0.0,0.5,Web,0.218,0,61-99 ngày,2,2,2,2.0,6,Hibernating,Low,10.0409,3.9318
C0511,525,25315,2393,43,0,1,1,0,46,1,9,8,11,3,3,3,0,3,8,0,0,0,0,0,0,0,6.56,35-44,<30K,Married/Partner,Non-graduate,1,1,3,32,0.0312,0.2812,0.25,0.3438,0.0938,6,5.33,0.5,0.5,0.0,0.5,Web,0.126,0,31-60 ngày,3,2,1,1.5,6,Need Attention,Low,10.1392,3.4965
C0512,526,43638,2851,51,1,0,0,0,37,63,10,83,7,19,2,4,1,4,7,0,0,0,0,0,0,0,7.81,45-54,30-50K,Single,Graduate,0,0,1,182,0.3462,0.0549,0.456,0.0385,0.1044,9,20.22,0.2222,0.4444,0.1111,0.4444,Web,0.417,0,31-60 ngày,4,2,2,2.0,8,New / Promising,Low,10.6837,5.2095
C0513,527,42710,2737,36,1,0,0,0,38,252,3,42,4,3,2,4,5,3,6,0,0,0,0,0,0,0,7.5,35-44,30-50K,Single,Graduate,0,0,1,304,0.8289,0.0099,0.1382,0.0132,0.0099,12,25.33,0.1667,0.3333,0.4167,0.25,Catalog,0.712,0,31-60 ngày,4,3,3,3.0,10,Loyal Customers,Low,10.6622,5.7203
C0514,528,84169,2485,38,1,1,0,0,9,1478,19,403,0,19,1,7,6,6,3,0,0,0,1,1,2,0,6.81,35-44,70-90K,Married/Partner,Graduate,0,0,2,1919,0.7702,0.0099,0.21,0.0,0.0099,19,101.0,0.0526,0.3684,0.3158,0.3158,Web,2.28,1,0-30 ngày,5,4,5,4.5,14,Champions,High,11.3406,7.5601
C0515,529,54058,2549,44,1,1,0,1,56,198,18,252,32,108,2,4,6,8,3,0,0,0,0,0,0,0,6.98,35-44,50-70K,Married/Partner,Graduate,1,1,3,608,0.3257,0.0296,0.4145,0.0526,0.1776,18,33.78,0.1111,0.2222,0.3333,0.4444,Store,1.125,0,31-60 ngày,3,4,4,4.0,11,Loyal Customers,Mid,10.8978,6.4118
C0516,530,24683,2272,30,0,1,1,0,98,8,4,10,6,7,2,2,0,4,5,0,0,0,0,0,0,0,6.22,24-34,<30K,Married/Partner,Non-graduate,1,1,3,35,0.2286,0.1143,0.2857,0.1714,0.2,6,5.83,0.3333,0.3333,0.0,0.6667,Store,0.142,0,61-99 ngày,1,2,1,1.5,4,Hibernating,Low,10.1139,3.5835
C0517,531,85620,2332,56,1,0,0,0,68,416,46,925,60,107,1,3,6,4,1,0,0,0,0,0,0,0,6.39,55-64,70-90K,Single,Graduate,0,0,1,1554,0.2677,0.0296,0.5952,0.0386,0.0689,13,119.54,0.0769,0.2308,0.4615,0.3077,Catalog,1.815,0,61-99 ngày,2,3,5,4.0,10,At Risk,High,11.3577,7.3492
C0518,532,47850,2367,40,1,1,1,0,72,42,7,43,20,12,1,3,0,4,6,0,0,0,0,0,0,0,6.48,35-44,30-50K,Married/Partner,Graduate,1,1,3,124,0.3387,0.0565,0.3468,0.1613,0.0968,7,17.71,0.1429,0.4286,0.0,0.5714,Store,0.259,0,61-99 ngày,2,2,2,2.0,6,Hibernating,Low,10.7758,4.8283
C0519,533,19514,2313,52,1,1,1,1,47,14,3,21,2,1,4,3,1,2,8,0,0,1,0,0,1,0,6.34,45-54,<30K,Married/Partner,Graduate,2,1,4,41,0.3415,0.0732,0.5122,0.0488,0.0244,6,6.83,0.6667,0.5,0.1667,0.3333,Web,0.21,1,31-60 ngày,3,2,1,1.5,6,Need Attention,Low,9.8789,3.7377
C0520,534,27159,2251,47,1,1,1,1,33,17,0,3,0,0,2,1,0,3,6,0,0,0,0,0,0,0,6.17,45-54,<30K,Married/Partner,Graduate,2,1,4,20,0.85,0.0,0.15,0.0,0.0,4,5.0,0.5,0.25,0.0,0.75,Store,0.074,0,31-60 ngày,4,1,1,1.0,6,New / Promising,Low,10.2095,3.0445
C0521,535,39548,2249,57,0,0,0,0,87,15,4,10,3,4,2,1,1,3,3,0,0,0,0,0,0,0,6.16,55-64,30-50K,Single,Non-graduate,0,0,1,36,0.4167,0.1111,0.2778,0.0833,0.1111,5,7.2,0.4,0.2,0.2,0.6,Store,0.091,0,61-99 ngày,1,1,1,1.0,3,Hibernating,Low,10.5853,3.6109
C0522,536,21474,2241,31,1,0,0,0,0,6,16,24,11,0,2,3,1,2,7,0,0,1,0,0,1,0,6.14,24-34,<30K,Single,Graduate,0,0,1,57,0.1053,0.2807,0.4211,0.193,0.0,6,9.5,0.3333,0.5,0.1667,0.3333,Web,0.265,1,0-30 ngày,5,2,2,2.0,9,New / Promising,Low,9.9746,4.0604
C0523,537,60504,2301,49,1,0,0,0,73,458,0,24,6,4,2,6,2,8,6,0,0,0,0,0,0,0,6.3,45-54,50-70K,Single,Graduate,0,0,1,492,0.9309,0.0,0.0488,0.0122,0.0081,16,30.75,0.125,0.375,0.125,0.5,Store,0.813,0,61-99 ngày,2,4,3,3.5,9,At Risk,Mid,11.0105,6.2005
C0524,538,22419,2596,57,1,1,0,0,74,30,3,47,19,21,1,3,2,2,8,0,0,0,0,0,0,0,7.11,55-64,<30K,Married/Partner,Graduate,0,0,2,120,0.25,0.025,0.3917,0.1583,0.175,7,17.14,0.1429,0.4286,0.2857,0.2857,Web,0.535,0,61-99 ngày,2,2,2,2.0,6,Hibernating,Low,10.0177,4.7958
C0525,539,81698,2394,71,1,1,0,0,4,179,28,520,111,123,1,3,8,13,1,0,0,0,0,0,0,0,6.56,65+,70-90K,Married/Partner,Graduate,0,0,2,961,0.1863,0.0291,0.5411,0.1155,0.128,24,40.04,0.0417,0.125,0.3333,0.5417,Store,1.176,0,0-30 ngày,5,5,4,4.5,14,Champions,Mid,11.3108,6.869
C0526,540,43462,2814,68,1,1,1,1,50,90,17,97,15,6,6,4,1,5,8,0,0,0,0,0,0,0,7.71,65+,30-50K,Married/Partner,Graduate,2,1,4,225,0.4,0.0756,0.4311,0.0667,0.0267,10,22.5,0.6,0.4,0.1,0.5,Store,0.518,0,31-60 ngày,3,3,3,3.0,9,Loyal Customers,Low,10.6797,5.4205
C0527,541,54880,2644,42,1,0,0,0,57,308,85,137,102,45,2,6,2,11,5,0,0,0,0,0,0,0,7.24,35-44,50-70K,Single,Graduate,0,0,1,677,0.4549,0.1256,0.2024,0.1507,0.0665,19,35.63,0.1053,0.3158,0.1053,0.5789,Store,1.234,0,31-60 ngày,3,4,4,4.0,11,Loyal Customers,Mid,10.9129,6.5191
C0528,542,79908,2609,38,1,1,0,0,30,557,129,761,29,185,1,5,6,7,2,0,0,0,0,1,1,0,7.15,35-44,70-90K,Married/Partner,Graduate,0,0,2,1661,0.3353,0.0777,0.4582,0.0175,0.1114,18,92.28,0.0556,0.2778,0.3333,0.3889,Store,2.079,1,0-30 ngày,4,4,5,4.5,13,Champions,High,11.2886,7.4158
C0529,543,15315,2489,50,0,1,0,0,27,7,4,13,15,8,2,2,0,4,5,0,0,0,0,0,0,0,6.82,45-54,<30K,Married/Partner,Non-graduate,0,0,2,47,0.1489,0.0851,0.2766,0.3191,0.1702,6,7.83,0.3333,0.3333,0.0,0.6667,Store,0.307,0,0-30 ngày,4,2,2,2.0,8,New / Promising,Low,9.6367,3.8712
C0530,544,87771,2562,61,1,1,0,1,61,1492,38,287,50,57,1,5,10,4,6,1,1,0,1,1,4,0,7.02,55-64,70-90K,Married/Partner,Graduate,1,1,3,1924,0.7755,0.0198,0.1492,0.026,0.0296,19,101.26,0.0526,0.2632,0.5263,0.2105,Catalog,2.192,1,61-99 ngày,2,4,5,4.5,11,At Risk,High,11.3825,7.5627
C0531,545,33039,2452,42,1,1,1,0,4,30,8,12,8,8,1,2,0,4,5,0,0,0,0,0,0,0,6.72,35-44,30-50K,Married/Partner,Graduate,1,1,3,66,0.4545,0.1212,0.1818,0.1212,0.1212,6,11.0,0.1667,0.3333,0.0,0.6667,Store,0.2,0,0-30 ngày,5,2,2,2.0,9,New / Promising,Low,10.4055,4.2047
C0532,546,81741,2537,40,1,0,0,0,75,249,153,940,58,134,0,6,6,7,2,0,0,0,0,0,0,0,6.95,35-44,70-90K,Single,Graduate,0,0,1,1534,0.1623,0.0997,0.6128,0.0378,0.0874,19,80.74,0.0,0.3158,0.3158,0.3684,Store,1.877,0,61-99 ngày,2,4,5,4.5,11,At Risk,High,11.3113,7.3363
C0533,547,71499,2528,49,1,1,0,1,12,465,25,132,136,0,2,8,3,13,4,0,0,0,0,0,0,0,6.93,45-54,70-90K,Married/Partner,Graduate,1,1,3,758,0.6135,0.033,0.1741,0.1794,0.0,24,31.58,0.0833,0.3333,0.125,0.5417,Store,1.06,0,0-30 ngày,5,5,4,4.5,14,Champions,Mid,11.1775,6.632
C0534,548,62466,2324,50,0,1,0,1,13,129,129,259,168,121,5,6,3,12,4,0,0,0,0,0,0,0,6.37,45-54,50-70K,Married/Partner,Non-graduate,1,1,3,806,0.16,0.16,0.3213,0.2084,0.1501,21,38.38,0.2381,0.2857,0.1429,0.5714,Store,1.29,0,0-30 ngày,5,5,4,4.5,14,Champions,Mid,11.0424,6.6933
C0535,549,48799,2395,57,1,0,0,0,9,174,18,81,28,6,3,3,2,7,3,0,0,0,0,0,0,0,6.56,55-64,30-50K,Single,Graduate,0,0,1,307,0.5668,0.0586,0.2638,0.0912,0.0195,12,25.58,0.25,0.25,0.1667,0.5833,Store,0.629,0,0-30 ngày,5,3,3,3.0,11,Loyal Customers,Low,10.7955,5.7301
C0536,550,52157,2181,70,1,1,0,1,48,189,2,29,3,2,2,3,2,5,4,0,0,0,0,0,0,0,5.98,65+,50-70K,Married/Partner,Graduate,1,1,3,225,0.84,0.0089,0.1289,0.0133,0.0089,10,22.5,0.2,0.3,0.2,0.5,Store,0.431,0,31-60 ngày,3,3,3,3.0,9,Loyal Customers,Low,10.862,5.4205
C0537,551,66565,2730,58,1,0,0,0,80,747,10,161,65,40,4,4,2,9,8,0,0,0,0,0,0,0,7.48,55-64,50-70K,Single,Graduate,0,0,1,1023,0.7302,0.0098,0.1574,0.0635,0.0391,15,68.2,0.2667,0.2667,0.1333,0.6,Store,1.537,0,61-99 ngày,1,3,4,3.5,8,At Risk,Mid,11.1059,6.9315
C0538,552,29298,2454,69,1,1,1,1,60,6,0,2,2,0,1,1,0,2,5,0,0,0,0,0,0,0,6.72,65+,<30K,Married/Partner,Graduate,2,1,4,10,0.6,0.0,0.2,0.2,0.0,3,3.33,0.3333,0.3333,0.0,0.6667,Store,0.034,0,31-60 ngày,2,1,1,1.0,4,Hibernating,Low,10.2853,2.3979
C0539,553,47691,2518,41,1,0,0,0,43,14,0,3,0,0,1,1,0,2,6,0,0,0,0,0,0,0,6.9,35-44,30-50K,Single,Graduate,0,0,1,17,0.8235,0.0,0.1765,0.0,0.0,3,5.67,0.3333,0.3333,0.0,0.6667,Store,0.036,0,31-60 ngày,3,1,1,1.0,5,Need Attention,Low,10.7725,2.8904
C0540,554,38200,2728,50,1,1,1,1,19,12,0,4,0,0,1,1,0,2,7,0,0,0,0,0,0,0,7.47,45-54,30-50K,Married/Partner,Graduate,2,1,4,16,0.75,0.0,0.25,0.0,0.0,3,5.33,0.3333,0.3333,0.0,0.6667,Store,0.042,0,0-30 ngày,5,1,1,1.0,7,New / Promising,Low,10.5506,2.8332
C0541,555,44989,2814,46,1,1,0,1,26,98,0,106,49,10,5,5,1,5,6,0,0,0,0,0,0,0,7.71,45-54,30-50K,Married/Partner,Graduate,1,1,3,263,0.3726,0.0,0.403,0.1863,0.038,11,23.91,0.4545,0.4545,0.0909,0.4545,Web,0.585,0,0-30 ngày,4,3,3,3.0,10,Loyal Customers,Low,10.7142,5.5759
C0542,556,38443,2312,52,1,1,1,1,58,32,0,5,0,0,2,1,0,3,7,0,0,0,0,0,0,0,6.33,45-54,30-50K,Married/Partner,Graduate,2,1,4,37,0.8649,0.0,0.1351,0.0,0.0,4,9.25,0.5,0.25,0.0,0.75,Store,0.096,0,31-60 ngày,3,1,1,1.0,5,Need Attention,Low,10.557,3.6376
C0543,557,38593,2448,42,0,0,0,0,42,51,12,49,17,24,3,4,1,3,8,0,0,0,0,0,0,0,6.71,35-44,30-50K,Single,Non-graduate,0,0,1,153,0.3333,0.0784,0.3203,0.1111,0.1569,8,19.12,0.375,0.5,0.125,0.375,Web,0.396,0,31-60 ngày,3,2,2,2.0,7,Need Attention,Low,10.5609,5.037
C0544,558,64413,2491,50,1,1,0,1,27,200,5,44,0,10,1,5,1,5,5,0,0,0,0,0,0,0,6.82,45-54,50-70K,Married/Partner,Graduate,1,1,3,259,0.7722,0.0193,0.1699,0.0,0.0386,11,23.55,0.0909,0.4545,0.0909,0.4545,Web,0.402,0,0-30 ngày,4,3,3,3.0,10,Loyal Customers,Low,11.0731,5.5607
C0545,559,36959,2429,39,1,1,1,0,56,25,6,25,6,0,2,2,0,3,8,0,0,0,0,0,0,0,6.65,35-44,30-50K,Married/Partner,Graduate,1,1,3,62,0.4032,0.0968,0.4032,0.0968,0.0,5,12.4,0.4,0.4,0.0,0.6,Store,0.168,0,31-60 ngày,3,1,2,1.5,6,Need Attention,Low,10.5176,4.1431
C0546,560,61996,2673,43,1,1,0,1,27,1050,12,144,0,0,3,6,4,8,5,1,1,0,1,0,3,0,7.32,35-44,50-70K,Married/Partner,Graduate,1,1,3,1206,0.8706,0.01,0.1194,0.0,0.0,18,67.0,0.1667,0.3333,0.2222,0.4444,Store,1.945,1,0-30 ngày,4,4,5,4.5,13,Champions,High,11.0348,7.0959
C0547,561,51287,2248,52,1,1,1,1,10,117,0,22,13,0,3,4,1,3,7,0,0,0,0,0,0,0,6.16,45-54,50-70K,Married/Partner,Graduate,2,1,4,152,0.7697,0.0,0.1447,0.0855,0.0,8,19.0,0.375,0.5,0.125,0.375,Web,0.296,0,0-30 ngày,5,2,2,2.0,9,New / Promising,Low,10.8452,5.0304
C0548,562,13260,2469,50,1,1,1,1,48,9,4,17,10,2,4,3,0,3,8,0,0,0,0,0,0,0,6.76,45-54,<30K,Married/Partner,Graduate,2,1,4,42,0.2143,0.0952,0.4048,0.2381,0.0476,6,7.0,0.6667,0.5,0.0,0.5,Web,0.317,0,31-60 ngày,3,2,1,1.5,6,Need Attention,Low,9.4926,3.7612
C0549,563,47472,2445,54,1,1,1,1,39,56,0,11,0,0,2,2,0,4,5,0,0,0,0,0,0,0,6.7,45-54,30-50K,Married/Partner,Graduate,2,1,4,67,0.8358,0.0,0.1642,0.0,0.0,6,11.17,0.3333,0.3333,0.0,0.6667,Store,0.141,0,31-60 ngày,4,2,2,2.0,8,New / Promising,Low,10.7679,4.2195
C0550,564,54603,2514,64,1,1,1,1,85,145,13,46,17,2,6,4,2,4,7,0,0,0,0,0,0,0,6.89,55-64,50-70K,Married/Partner,Graduate,2,1,4,223,0.6502,0.0583,0.2063,0.0762,0.009,10,22.3,0.6,0.4,0.2,0.4,Web,0.408,0,61-99 ngày,1,3,3,3.0,7,At Risk,Low,10.9079,5.4116
C0551,565,45207,2755,46,1,1,1,1,64,203,0,10,0,0,5,3,1,6,6,0,0,0,1,0,1,0,7.55,45-54,30-50K,Married/Partner,Graduate,2,1,4,213,0.9531,0.0,0.0469,0.0,0.0,10,21.3,0.5,0.3,0.1,0.6,Store,0.471,1,61-99 ngày,2,3,3,3.0,8,At Risk,Low,10.719,5.366
C0552,567,47821,2411,53,0,1,1,1,54,9,0,16,6,6,1,1,0,3,8,0,0,0,0,0,0,0,6.61,45-54,30-50K,Married/Partner,Non-graduate,2,1,4,37,0.2432,0.0,0.4324,0.1622,0.1622,4,9.25,0.25,0.25,0.0,0.75,Store,0.077,0,31-60 ngày,3,1,1,1.0,5,Need Attention,Low,10.7752,3.6376
C0553,568,27450,2599,69,1,1,0,0,57,37,12,23,8,11,1,2,1,3,7,0,0,0,0,0,0,0,7.12,65+,<30K,Married/Partner,Graduate,0,0,2,91,0.4066,0.1319,0.2527,0.0879,0.1209,6,15.17,0.1667,0.3333,0.1667,0.5,Store,0.332,0,31-60 ngày,3,2,2,2.0,7,Need Attention,Low,10.2202,4.5218
C0554,569,39453,2246,37,1,1,1,0,64,46,0,7,0,0,2,2,0,3,6,0,0,0,0,0,0,0,6.15,35-44,30-50K,Married/Partner,Graduate,1,1,3,53,0.8679,0.0,0.1321,0.0,0.0,5,10.6,0.4,0.4,0.0,0.6,Store,0.134,0,61-99 ngày,2,1,2,1.5,5,Hibernating,Low,10.5829,3.989
C0555,570,26850,2231,49,0,1,1,1,10,31,1,13,7,2,4,2,1,4,4,0,0,0,0,0,0,0,6.11,45-54,<30K,Married/Partner,Non-graduate,2,1,4,54,0.5741,0.0185,0.2407,0.1296,0.037,7,7.71,0.5714,0.2857,0.1429,0.5714,Store,0.201,0,0-30 ngày,5,2,2,2.0,9,New / Promising,Low,10.1981,4.0073
C0556,571,79800,2803,65,1,0,0,0,65,1060,21,530,32,0,1,5,11,5,3,1,0,1,0,1,3,0,7.68,65+,70-90K,Single,Graduate,0,0,1,1643,0.6452,0.0128,0.3226,0.0195,0.0,21,78.24,0.0476,0.2381,0.5238,0.2381,Catalog,2.059,1,61-99 ngày,2,5,5,5.0,12,At Risk,High,11.2873,7.4049
C0557,572,61794,2447,59,1,1,0,1,74,264,47,188,54,47,2,4,4,10,2,0,0,0,0,0,0,0,6.7,55-64,50-70K,Married/Partner,Graduate,1,1,3,600,0.44,0.0783,0.3133,0.09,0.0783,18,33.33,0.1111,0.2222,0.2222,0.5556,Store,0.971,0,61-99 ngày,2,4,4,4.0,10,At Risk,Mid,11.0316,6.3986
C0558,573,53863,2202,65,1,1,0,1,4,399,4,30,6,4,3,7,1,7,7,0,0,0,1,0,1,0,6.03,65+,50-70K,Married/Partner,Graduate,1,1,3,443,0.9007,0.009,0.0677,0.0135,0.009,15,29.53,0.2,0.4667,0.0667,0.4667,Web,0.822,1,0-30 ngày,5,3,3,3.0,11,Loyal Customers,Mid,10.8942,6.0958
C0559,574,24221,2472,61,1,1,0,0,94,8,9,9,2,5,1,1,1,3,4,0,0,0,0,0,0,0,6.77,55-64,<30K,Married/Partner,Graduate,0,0,2,33,0.2424,0.2727,0.2727,0.0606,0.1515,5,6.6,0.2,0.2,0.2,0.6,Store,0.136,0,61-99 ngày,1,1,1,1.0,3,Hibernating,Low,10.095,3.5264
C0560,575,39684,2784,36,1,0,0,0,41,19,0,35,6,4,2,2,1,2,7,0,0,0,0,0,0,1,7.63,35-44,30-50K,Single,Graduate,0,0,1,64,0.2969,0.0,0.5469,0.0938,0.0625,5,12.8,0.4,0.4,0.2,0.4,Web,0.161,0,31-60 ngày,3,1,2,1.5,6,Need Attention,Low,10.5887,4.1744
C0561,576,92163,2723,45,1,1,0,0,25,817,183,797,106,163,0,5,11,5,2,1,0,0,0,1,2,0,7.46,45-54,90K+,Married/Partner,Graduate,0,0,2,2066,0.3955,0.0886,0.3858,0.0513,0.0789,21,98.38,0.0,0.2381,0.5238,0.2381,Catalog,2.242,1,0-30 ngày,4,5,5,5.0,14,Champions,High,11.4313,7.6339
C0562,577,69882,2390,55,1,0,0,0,94,292,127,635,132,127,1,3,7,9,1,0,0,0,0,0,0,0,6.55,55-64,50-70K,Single,Graduate,0,0,1,1313,0.2224,0.0967,0.4836,0.1005,0.0967,19,69.11,0.0526,0.1579,0.3684,0.4737,Store,1.879,0,61-99 ngày,1,4,5,4.5,10,At Risk,High,11.1546,7.1808
C0563,578,33178,2309,43,1,1,1,0,9,12,6,2,11,2,1,1,0,3,4,0,0,0,0,0,0,0,6.33,35-44,30-50K,Married/Partner,Graduate,1,1,3,33,0.3636,0.1818,0.0606,0.3333,0.0606,4,8.25,0.25,0.25,0.0,0.75,Store,0.099,0,0-30 ngày,5,1,1,1.0,7,New / Promising,Low,10.4097,3.5264
C0564,579,59973,2450,48,1,1,0,0,47,130,30,168,20,34,1,3,4,7,1,0,0,0,0,0,0,0,6.71,45-54,50-70K,Married/Partner,Graduate,0,0,2,382,0.3403,0.0785,0.4398,0.0524,0.089,14,27.29,0.0714,0.2143,0.2857,0.5,Store,0.637,0,31-60 ngày,3,3,3,3.0,9,Loyal Customers,Mid,11.0017,5.948
C0565,580,17459,2442,45,1,1,1,0,12,6,4,16,3,10,3,3,1,2,7,0,0,0,0,0,0,0,6.69,45-54,<30K,Married/Partner,Graduate,1,1,3,39,0.1538,0.1026,0.4103,0.0769,0.2564,6,6.5,0.5,0.5,0.1667,0.3333,Web,0.223,0,0-30 ngày,5,2,1,1.5,8,New / Promising,Low,9.7677,3.6889
C0566,581,23910,2770,51,1,0,0,0,80,16,12,18,7,1,1,2,0,3,7,0,0,0,0,0,0,0,7.59,45-54,<30K,Single,Graduate,0,0,1,54,0.2963,0.2222,0.3333,0.1296,0.0185,5,10.8,0.2,0.4,0.0,0.6,Store,0.226,0,61-99 ngày,1,1,2,1.5,4,Hibernating,Low,10.0821,4.0073
C0567,582,42169,2412,51,1,1,1,1,20,19,0,9,0,0,2,1,0,3,8,0,0,0,0,0,0,0,6.61,45-54,30-50K,Married/Partner,Graduate,2,1,4,28,0.6786,0.0,0.3214,0.0,0.0,4,7.0,0.5,0.25,0.0,0.75,Store,0.066,0,0-30 ngày,4,1,1,1.0,6,New / Promising,Low,10.6495,3.3673
C0568,583,26224,2549,42,0,1,1,0,39,4,7,15,13,9,3,2,1,3,6,0,0,0,0,0,0,0,6.98,35-44,<30K,Married/Partner,Non-graduate,1,1,3,48,0.0833,0.1458,0.3125,0.2708,0.1875,6,8.0,0.5,0.3333,0.1667,0.5,Store,0.183,0,31-60 ngày,4,2,2,2.0,8,New / Promising,Low,10.1745,3.8918
C0569,584,31089,2840,39,1,1,1,0,57,31,3,31,2,8,3,3,0,4,8,0,0,0,0,0,0,0,7.78,35-44,30-50K,Married/Partner,Graduate,1,1,3,75,0.4133,0.04,0.4133,0.0267,0.1067,7,10.71,0.4286,0.4286,0.0,0.5714,Store,0.241,0,31-60 ngày,3,2,2,2.0,7,Need Attention,Low,10.3446,4.3307
C0570,585,30081,2652,59,1,0,0,0,27,36,0,2,0,0,1,1,0,3,7,0,0,0,0,0,0,0,7.27,55-64,30-50K,Single,Graduate,0,0,1,38,0.9474,0.0,0.0526,0.0,0.0,4,9.5,0.25,0.25,0.0,0.75,Store,0.126,0,0-30 ngày,4,1,1,1.0,6,New / Promising,Low,10.3117,3.6636
C0571,586,62807,2826,60,1,1,0,1,83,526,28,135,10,21,3,5,3,12,5,0,0,0,0,0,0,0,7.74,55-64,50-70K,Married/Partner,Graduate,1,1,3,720,0.7306,0.0389,0.1875,0.0139,0.0292,20,36.0,0.15,0.25,0.15,0.6,Store,1.146,0,61-99 ngày,1,5,4,4.5,10,At Risk,Mid,11.0478,6.5806
C0572,587,72906,2444,65,1,0,0,0,79,400,32,519,71,75,1,3,4,9,1,0,0,0,0,0,0,0,6.7,65+,70-90K,Single,Graduate,0,0,1,1097,0.3646,0.0292,0.4731,0.0647,0.0684,16,68.56,0.0625,0.1875,0.25,0.5625,Store,1.505,0,61-99 ngày,2,4,4,4.0,10,At Risk,Mid,11.1969,7.0012
C0573,588,61467,2726,72,1,1,0,2,69,410,16,114,0,5,3,5,2,10,5,0,0,0,0,0,0,0,7.47,65+,50-70K,Married/Partner,Graduate,2,1,4,545,0.7523,0.0294,0.2092,0.0,0.0092,17,32.06,0.1765,0.2941,0.1176,0.5882,Store,0.887,0,61-99 ngày,2,4,3,3.5,9,At Risk,Mid,11.0263,6.3026
C0574,589,49618,2678,54,1,1,1,1,77,80,3,26,4,2,4,3,1,3,7,0,0,0,0,0,0,0,7.34,45-54,30-50K,Married/Partner,Graduate,2,1,4,115,0.6957,0.0261,0.2261,0.0348,0.0174,7,16.43,0.5714,0.4286,0.1429,0.4286,Web,0.232,0,61-99 ngày,2,2,2,2.0,6,Hibernating,Low,10.8121,4.7536
C0575,590,21888,2706,34,1,0,0,0,15,88,10,46,2,3,4,5,1,2,10,0,0,0,0,0,0,0,7.41,24-34,<30K,Single,Graduate,0,0,1,149,0.5906,0.0671,0.3087,0.0134,0.0201,8,18.62,0.5,0.625,0.125,0.25,Web,0.681,0,0-30 ngày,5,2,2,2.0,9,New / Promising,Low,9.9937,5.0106
C0576,592,26150,2634,64,1,0,0,0,61,5,1,13,3,5,1,1,0,3,7,0,0,0,0,0,0,0,7.22,55-64,<30K,Single,Graduate,0,0,1,27,0.1852,0.037,0.4815,0.1111,0.1852,4,6.75,0.25,0.25,0.0,0.75,Store,0.103,0,61-99 ngày,2,1,1,1.0,4,Hibernating,Low,10.1716,3.3322
C0577,593,30801,2770,45,0,1,0,1,23,8,4,5,15,2,2,1,0,3,7,0,0,0,0,0,0,0,7.59,45-54,30-50K,Married/Partner,Non-graduate,1,1,3,34,0.2353,0.1176,0.1471,0.4412,0.0588,4,8.5,0.5,0.25,0.0,0.75,Store,0.11,0,0-30 ngày,4,1,1,1.0,6,New / Promising,Low,10.3353,3.5553
C0578,594,81168,2212,55,1,1,0,0,84,410,0,592,147,22,1,6,4,7,3,1,0,0,0,0,1,0,6.06,55-64,70-90K,Married/Partner,Graduate,0,0,2,1171,0.3501,0.0,0.5056,0.1255,0.0188,17,68.88,0.0588,0.3529,0.2353,0.4118,Store,1.443,1,61-99 ngày,1,4,5,4.5,10,At Risk,High,11.3043,7.0665
C0579,595,26877,2473,51,1,0,0,0,74,101,13,76,20,18,2,3,1,6,6,0,0,0,0,0,0,0,6.78,45-54,<30K,Single,Graduate,0,0,1,228,0.443,0.057,0.3333,0.0877,0.0789,10,22.8,0.2,0.3,0.1,0.6,Store,0.848,0,61-99 ngày,2,3,3,3.0,8,At Risk,Low,10.1991,5.4337
C0580,596,45006,2505,76,1,0,0,0,90,162,25,53,16,0,1,3,1,7,3,0,0,0,0,0,0,0,6.86,65+,30-50K,Single,Graduate,0,0,1,256,0.6328,0.0977,0.207,0.0625,0.0,11,23.27,0.0909,0.2727,0.0909,0.6364,Store,0.569,0,61-99 ngày,1,3,3,3.0,7,At Risk,Low,10.7146,5.5491
C0581,597,18978,2724,47,0,1,1,0,41,2,8,1,4,7,1,1,0,3,8,0,0,0,0,0,0,0,7.46,45-54,<30K,Married/Partner,Non-graduate,1,1,3,22,0.0909,0.3636,0.0455,0.1818,0.3182,4,5.5,0.25,0.25,0.0,0.75,Store,0.116,0,31-60 ngày,3,1,1,1.0,5,Need Attention,Low,9.8511,3.1355
C0582,599,48240,2756,51,1,0,0,0,73,389,91,248,64,49,3,6,3,13,5,0,0,0,0,0,0,0,7.55,45-54,30-50K,Single,Graduate,0,0,1,841,0.4625,0.1082,0.2949,0.0761,0.0583,22,38.23,0.1364,0.2727,0.1364,0.5909,Store,1.743,0,61-99 ngày,2,5,4,4.5,11,At Risk,Mid,10.784,6.7358
C0583,600,45837,2497,46,1,1,1,1,88,215,13,87,17,17,5,6,2,5,7,0,0,0,0,0,0,0,6.84,45-54,30-50K,Married/Partner,Graduate,2,1,4,349,0.616,0.0372,0.2493,0.0487,0.0487,13,26.85,0.3846,0.4615,0.1538,0.3846,Web,0.761,0,61-99 ngày,1,3,3,3.0,7,At Risk,Mid,10.7329,5.8579
C0584,601,35791,2578,55,1,0,0,0,94,27,0,5,0,0,2,1,0,3,8,0,0,0,0,0,0,0,7.06,55-64,30-50K,Single,Graduate,0,0,1,32,0.8438,0.0,0.1562,0.0,0.0,4,8.0,0.5,0.25,0.0,0.75,Store,0.089,0,61-99 ngày,1,1,1,1.0,3,Hibernating,Low,10.4855,3.4965
C0585,602,54162,2627,42,1,0,0,0,31,5,6,10,6,5,1,1,0,3,4,0,0,0,0,0,0,0,7.2,35-44,50-70K,Single,Graduate,0,0,1,32,0.1562,0.1875,0.3125,0.1875,0.1562,4,8.0,0.25,0.25,0.0,0.75,Store,0.059,0,31-60 ngày,4,1,1,1.0,6,New / Promising,Low,10.8998,3.4965
C0586,603,30522,2840,60,1,1,0,1,6,179,8,83,19,11,5,1,2,9,2,0,0,0,0,0,0,0,7.78,55-64,30-50K,Married/Partner,Graduate,1,1,3,300,0.5967,0.0267,0.2767,0.0633,0.0367,12,25.0,0.4167,0.0833,0.1667,0.75,Store,0.983,0,0-30 ngày,5,3,3,3.0,11,Loyal Customers,Low,10.3262,5.7071
C0587,604,54456,2512,59,1,1,0,1,23,352,0,27,10,0,3,6,1,7,6,0,0,0,0,0,0,0,6.88,55-64,50-70K,Married/Partner,Graduate,1,1,3,389,0.9049,0.0,0.0694,0.0257,0.0,14,27.79,0.2143,0.4286,0.0714,0.5,Store,0.714,0,0-30 ngày,4,3,3,3.0,10,Loyal Customers,Mid,10.9052,5.9661
C0588,605,31632,2509,49,1,0,0,0,92,17,8,12,11,15,1,2,1,2,7,0,0,0,0,0,0,0,6.87,45-54,30-50K,Single,Graduate,0,0,1,63,0.2698,0.127,0.1905,0.1746,0.2381,5,12.6,0.2,0.4,0.2,0.4,Web,0.199,0,61-99 ngày,1,1,2,1.5,4,Hibernating,Low,10.362,4.1589
C0589,606,72298,2270,71,1,0,0,0,52,625,35,169,58,17,1,4,3,6,1,0,0,0,1,1,2,0,6.22,65+,70-90K,Single,Graduate,0,0,1,904,0.6914,0.0387,0.1869,0.0642,0.0188,13,69.54,0.0769,0.3077,0.2308,0.4615,Store,1.25,1,31-60 ngày,3,3,4,3.5,10,Loyal Customers,Mid,11.1886,6.8079
C0590,607,36975,2342,42,0,0,0,0,50,10,6,11,0,4,1,1,0,3,7,0,0,0,0,0,0,0,6.42,35-44,30-50K,Single,Non-graduate,0,0,1,31,0.3226,0.1935,0.3548,0.0,0.129,4,7.75,0.25,0.25,0.0,0.75,Store,0.084,0,31-60 ngày,3,1,1,1.0,5,Need Attention,Low,10.518,3.4657
C0591,608,72635,2550,65,0,1,0,0,54,390,22,323,104,35,1,6,8,6,3,1,0,0,0,0,1,0,6.99,65+,70-90K,Married/Partner,Non-graduate,0,0,2,874,0.4462,0.0252,0.3696,0.119,0.04,20,43.7,0.05,0.3,0.4,0.3,Catalog,1.203,1,31-60 ngày,3,5,4,4.5,12,Loyal Customers,Mid,11.1932,6.7742
C0592,609,13624,2684,44,1,1,1,0,93,10,2,15,2,1,2,2,0,3,6,0,0,0,0,0,0,0,7.35,35-44,<30K,Married/Partner,Graduate,1,1,3,30,0.3333,0.0667,0.5,0.0667,0.0333,5,6.0,0.4,0.4,0.0,0.6,Store,0.22,0,61-99 ngày,1,1,1,1.0,3,Hibernating,Low,9.5197,3.434
C0593,610,84196,2550,45,1,0,0,0,56,215,63,507,231,31,1,8,4,7,3,0,0,0,0,0,0,0,6.99,45-54,70-90K,Single,Graduate,0,0,1,1047,0.2053,0.0602,0.4842,0.2206,0.0296,19,55.11,0.0526,0.4211,0.2105,0.3684,Web,1.244,0,31-60 ngày,3,4,4,4.0,11,Loyal Customers,Mid,11.3409,6.9546
C0594,611,70971,2805,60,1,1,0,1,28,1001,17,572,93,125,7,11,11,5,7,0,0,0,0,0,0,0,7.68,55-64,70-90K,Married/Partner,Graduate,1,1,3,1808,0.5537,0.0094,0.3164,0.0514,0.0691,27,66.96,0.2593,0.4074,0.4074,0.1852,Web,2.548,0,0-30 ngày,4,5,5,5.0,14,Champions,High,11.17,7.5005
C0595,612,34487,2820,43,1,0,0,0,94,19,18,33,24,1,3,3,0,3,9,0,0,0,0,0,0,0,7.73,35-44,30-50K,Single,Graduate,0,0,1,95,0.2,0.1895,0.3474,0.2526,0.0105,6,15.83,0.5,0.5,0.0,0.5,Web,0.275,0,61-99 ngày,1,2,2,2.0,5,Hibernating,Low,10.4484,4.5643
C0596,613,28769,2717,43,1,0,0,0,76,41,5,129,10,3,3,4,1,4,9,0,0,0,0,0,0,0,7.44,35-44,<30K,Single,Graduate,0,0,1,188,0.2181,0.0266,0.6862,0.0532,0.016,9,20.89,0.3333,0.4444,0.1111,0.4444,Web,0.653,0,61-99 ngày,2,3,3,3.0,8,At Risk,Low,10.2671,5.2417
C0597,614,69084,2381,50,1,1,1,0,43,1181,107,199,39,30,2,7,3,13,8,0,0,0,0,0,0,0,6.52,45-54,50-70K,Married/Partner,Graduate,1,1,3,1556,0.759,0.0688,0.1279,0.0251,0.0193,23,67.65,0.087,0.3043,0.1304,0.5652,Store,2.252,0,31-60 ngày,3,5,5,5.0,13,Loyal Customers,High,11.1431,7.3505
C0598,615,65488,2175,62,1,1,0,0,46,603,45,207,36,18,1,3,4,6,1,0,0,0,0,0,0,0,5.96,55-64,50-70K,Married/Partner,Graduate,0,0,2,909,0.6634,0.0495,0.2277,0.0396,0.0198,13,69.92,0.0769,0.2308,0.3077,0.4615,Store,1.388,0,31-60 ngày,3,3,4,3.5,10,Loyal Customers,Mid,11.0896,6.8134
C0599,617,32218,2293,60,0,0,0,0,27,10,24,15,13,1,1,2,1,3,7,0,0,1,0,0,1,0,6.28,55-64,30-50K,Single,Non-graduate,0,0,1,63,0.1587,0.381,0.2381,0.2063,0.0159,6,10.5,0.1667,0.3333,0.1667,0.5,Store,0.196,1,0-30 ngày,4,2,2,2.0,8,New / Promising,Low,10.3803,4.1589
C0600,618,83917,2596,47,1,0,0,0,12,514,22,732,42,198,1,6,7,7,3,0,0,0,0,0,0,0,7.11,45-54,70-90K,Single,Graduate,0,0,1,1508,0.3408,0.0146,0.4854,0.0279,0.1313,20,75.4,0.05,0.3,0.35,0.35,Catalog,1.797,0,0-30 ngày,5,5,5,5.0,15,Champions,High,11.3376,7.3192
C0601,619,46102,2270,58,1,0,0,0,3,14,0,1,0,0,1,1,0,2,7,0,0,0,0,0,0,0,6.22,55-64,30-50K,Single,Graduate,0,0,1,15,0.9333,0.0,0.0667,0.0,0.0,3,5.0,0.3333,0.3333,0.0,0.6667,Store,0.033,0,0-30 ngày,5,1,1,1.0,7,New / Promising,Low,10.7386,2.7726
C0602,620,84574,2549,68,1,0,0,0,72,387,20,713,38,54,1,9,11,11,5,0,0,0,0,0,0,0,6.98,65+,70-90K,Single,Graduate,0,0,1,1212,0.3193,0.0165,0.5883,0.0314,0.0446,31,39.1,0.0323,0.2903,0.3548,0.3548,Catalog,1.433,0,61-99 ngày,2,5,5,5.0,12,At Risk,High,11.3454,7.1009
C0603,621,56181,2696,58,1,1,0,1,6,121,103,69,8,44,1,4,2,7,4,0,0,0,0,0,0,0,7.39,55-64,50-70K,Married/Partner,Graduate,1,1,3,345,0.3507,0.2986,0.2,0.0232,0.1275,13,26.54,0.0769,0.3077,0.1538,0.5385,Store,0.614,0,0-30 ngày,5,3,3,3.0,11,Loyal Customers,Low,10.9364,5.8464
C0604,622,63120,2798,70,1,0,0,0,53,965,69,279,54,41,5,8,4,9,7,0,0,0,0,0,0,0,7.67,65+,50-70K,Single,Graduate,0,0,1,1408,0.6854,0.049,0.1982,0.0384,0.0291,21,67.05,0.2381,0.381,0.1905,0.4286,Store,2.231,0,31-60 ngày,3,5,5,5.0,13,Loyal Customers,High,11.0528,7.2506
C0605,623,73691,2394,49,1,1,0,1,58,707,21,250,85,43,2,6,2,8,2,0,0,1,0,0,1,0,6.56,45-54,70-90K,Married/Partner,Graduate,1,1,3,1106,0.6392,0.019,0.226,0.0769,0.0389,16,69.12,0.125,0.375,0.125,0.5,Store,1.501,1,31-60 ngày,3,4,5,4.5,12,Loyal Customers,High,11.2076,7.0094
C0606,625,76140,2206,72,1,1,0,0,57,586,66,653,17,0,1,5,9,6,2,0,0,0,0,0,0,0,6.04,65+,70-90K,Married/Partner,Graduate,0,0,2,1322,0.4433,0.0499,0.4939,0.0129,0.0,20,66.1,0.05,0.25,0.45,0.3,Catalog,1.736,0,31-60 ngày,3,5,5,5.0,13,Loyal Customers,High,11.2403,7.1877
C0607,626,62859,2705,61,1,0,0,0,37,1063,89,102,16,12,4,9,4,6,6,0,0,0,0,0,0,0,7.41,55-64,50-70K,Single,Graduate,0,0,1,1282,0.8292,0.0694,0.0796,0.0125,0.0094,19,67.47,0.2105,0.4737,0.2105,0.3158,Web,2.039,0,31-60 ngày,4,4,5,4.5,13,Champions,High,11.0487,7.157
C0608,627,45906,2577,56,1,0,0,0,20,305,3,27,4,3,2,5,4,4,5,0,0,1,0,0,1,0,7.06,55-64,30-50K,Single,Graduate,0,0,1,342,0.8918,0.0088,0.0789,0.0117,0.0088,13,26.31,0.1538,0.3846,0.3077,0.3077,Web,0.745,1,0-30 ngày,4,3,3,3.0,10,Loyal Customers,Low,10.7344,5.8377
C0609,628,77632,2635,73,1,1,0,0,73,1200,105,758,0,42,1,4,2,6,2,0,0,0,1,1,2,0,7.22,65+,70-90K,Married/Partner,Graduate,0,0,2,2105,0.5701,0.0499,0.3601,0.0,0.02,12,175.42,0.0833,0.3333,0.1667,0.5,Store,2.712,1,61-99 ngày,2,3,5,4.0,10,At Risk,High,11.2597,7.6525
C0610,629,46463,2474,49,1,1,1,1,56,163,2,40,8,11,7,3,1,6,6,0,0,0,0,0,0,0,6.78,45-54,30-50K,Married/Partner,Graduate,2,1,4,224,0.7277,0.0089,0.1786,0.0357,0.0491,10,22.4,0.7,0.3,0.1,0.6,Store,0.482,0,31-60 ngày,3,3,3,3.0,9,Loyal Customers,Low,10.7464,5.4161
C0611,630,105471,2683,50,1,1,0,0,36,1009,181,104,202,21,0,9,8,13,3,1,0,0,0,1,2,0,7.35,45-54,90K+,Married/Partner,Graduate,0,0,2,1517,0.6651,0.1193,0.0686,0.1332,0.0138,30,50.57,0.0,0.3,0.2667,0.4333,Store,1.438,1,31-60 ngày,4,5,5,5.0,14,Champions,High,11.5662,7.3251
C0612,631,55282,2357,50,1,0,0,0,9,125,6,73,8,4,1,3,1,6,4,0,0,0,0,0,0,0,6.46,45-54,50-70K,Single,Graduate,0,0,1,216,0.5787,0.0278,0.338,0.037,0.0185,10,21.6,0.1,0.3,0.1,0.6,Store,0.391,0,0-30 ngày,5,3,3,3.0,11,Loyal Customers,Low,10.9202,5.3799
C0613,632,78710,2196,43,1,1,0,1,42,721,0,152,119,50,3,7,6,12,4,0,0,0,0,0,0,0,6.02,35-44,70-90K,Married/Partner,Graduate,1,1,3,1042,0.6919,0.0,0.1459,0.1142,0.048,25,41.68,0.12,0.28,0.24,0.48,Store,1.324,0,31-60 ngày,3,5,4,4.5,12,Loyal Customers,Mid,11.2735,6.9499
C0614,633,66886,2445,62,1,1,0,1,28,315,4,62,41,31,2,7,1,7,5,0,0,0,0,0,0,0,6.7,55-64,50-70K,Married/Partner,Graduate,1,1,3,453,0.6954,0.0088,0.1369,0.0905,0.0684,15,30.2,0.1333,0.4667,0.0667,0.4667,Web,0.677,0,0-30 ngày,4,3,3,3.0,10,Loyal Customers,Mid,11.1108,6.1181
C0615,634,98777,2291,60,1,0,0,0,23,1000,19,711,125,115,0,4,6,9,1,0,0,0,1,0,1,0,6.28,55-64,90K+,Single,Graduate,0,0,1,1970,0.5076,0.0096,0.3609,0.0635,0.0584,19,103.68,0.0,0.2105,0.3158,0.4737,Store,1.994,1,0-30 ngày,4,4,5,4.5,13,Champions,High,11.5006,7.5863
C0616,635,29103,2830,35,1,1,1,0,38,16,0,17,6,3,2,1,0,3,9,0,0,0,0,0,0,0,7.75,35-44,<30K,Married/Partner,Graduate,1,1,3,42,0.381,0.0,0.4048,0.1429,0.0714,4,10.5,0.5,0.25,0.0,0.75,Store,0.144,0,31-60 ngày,4,1,1,1.0,6,New / Promising,Low,10.2786,3.7612
C0617,636,67445,2845,46,1,1,0,1,63,757,80,217,29,80,5,9,6,12,6,0,0,0,0,0,0,0,7.79,45-54,50-70K,Married/Partner,Graduate,1,1,3,1163,0.6509,0.0688,0.1866,0.0249,0.0688,27,43.07,0.1852,0.3333,0.2222,0.4444,Store,1.724,0,61-99 ngày,2,5,5,5.0,12,At Risk,High,11.1191,7.0596
C0618,637,50616,2236,70,1,1,0,1,71,30,2,25,0,1,1,1,1,4,2,0,0,0,0,0,0,0,6.13,65+,50-70K,Married/Partner,Graduate,1,1,3,58,0.5172,0.0345,0.431,0.0,0.0172,6,9.67,0.1667,0.1667,0.1667,0.6667,Store,0.115,0,61-99 ngày,2,2,2,2.0,6,Hibernating,Low,10.832,4.0775
C0619,638,49431,2854,65,1,0,0,0,9,219,3,100,26,0,2,7,1,5,8,0,0,0,0,0,0,0,7.82,65+,30-50K,Single,Graduate,0,0,1,348,0.6293,0.0086,0.2874,0.0747,0.0,13,26.77,0.1538,0.5385,0.0769,0.3846,Web,0.704,0,0-30 ngày,5,3,3,3.0,11,Loyal Customers,Mid,10.8084,5.8551
C0620,639,61278,2335,67,1,1,0,1,87,111,3,28,2,6,2,3,1,4,6,0,0,0,0,0,0,0,6.4,65+,50-70K,Married/Partner,Graduate,1,1,3,150,0.74,0.02,0.1867,0.0133,0.04,8,18.75,0.25,0.375,0.125,0.5,Store,0.245,0,61-99 ngày,1,2,2,2.0,5,Hibernating,Low,11.0232,5.0173
C0621,641,73059,2461,73,1,1,0,1,36,410,112,420,0,82,1,9,3,13,4,0,0,0,0,0,0,0,6.74,65+,70-90K,Married/Partner,Graduate,1,1,3,1024,0.4004,0.1094,0.4102,0.0,0.0801,25,40.96,0.04,0.36,0.12,0.52,Store,1.402,0,31-60 ngày,4,5,4,4.5,13,Champions,Mid,11.199,6.9324
C0622,642,46734,2410,54,1,0,0,0,86,100,1,39,6,1,4,3,2,3,6,0,0,1,0,0,1,0,6.6,45-54,30-50K,Single,Graduate,0,0,1,147,0.6803,0.0068,0.2653,0.0408,0.0068,8,18.38,0.5,0.375,0.25,0.375,Web,0.315,1,61-99 ngày,1,2,2,2.0,5,Hibernating,Low,10.7522,4.9972
C0623,643,56253,2728,57,1,1,0,1,83,509,0,65,7,11,4,7,2,9,6,0,0,0,0,0,0,0,7.47,55-64,50-70K,Married/Partner,Graduate,1,1,3,592,0.8598,0.0,0.1098,0.0118,0.0186,18,32.89,0.2222,0.3889,0.1111,0.5,Store,1.052,0,61-99 ngày,1,4,4,4.0,9,At Risk,Mid,10.9376,6.3852
C0624,645,58330,2345,45,1,0,0,0,87,445,53,213,104,98,1,6,4,13,4,0,0,0,0,0,0,0,6.42,45-54,50-70K,Single,Graduate,0,0,1,913,0.4874,0.0581,0.2333,0.1139,0.1073,23,39.7,0.0435,0.2609,0.1739,0.5652,Store,1.565,0,61-99 ngày,1,5,4,4.5,10,At Risk,Mid,10.9739,6.8178
C0625,646,25965,2819,40,0,1,0,0,29,2,2,11,41,7,1,2,0,3,8,0,0,0,0,0,0,0,7.72,35-44,<30K,Married/Partner,Non-graduate,0,0,2,63,0.0317,0.0317,0.1746,0.6508,0.1111,5,12.6,0.2,0.4,0.0,0.6,Store,0.243,0,0-30 ngày,4,1,2,1.5,7,New / Promising,Low,10.1645,4.1589
C0626,647,14661,2703,64,1,1,0,0,88,4,1,11,6,2,1,1,0,3,6,0,0,0,0,0,0,0,7.41,55-64,<30K,Married/Partner,Graduate,0,0,2,24,0.1667,0.0417,0.4583,0.25,0.0833,4,6.0,0.25,0.25,0.0,0.75,Store,0.164,0,61-99 ngày,1,1,1,1.0,3,Hibernating,Low,9.593,3.2189
C0627,648,18690,2707,61,1,1,0,0,77,6,1,7,23,4,1,1,1,2,8,0,0,0,0,0,0,0,7.42,55-64,<30K,Married/Partner,Graduate,0,0,2,41,0.1463,0.0244,0.1707,0.561,0.0976,4,10.25,0.25,0.25,0.25,0.5,Store,0.219,0,61-99 ngày,2,1,1,1.0,4,Hibernating,Low,9.8358,3.7377
C0628,649,45068,2568,46,1,1,0,1,25,14,0,3,0,0,1,1,0,2,7,0,0,0,0,0,0,0,7.04,45-54,30-50K,Married/Partner,Graduate,1,1,3,17,0.8235,0.0,0.1765,0.0,0.0,3,5.67,0.3333,0.3333,0.0,0.6667,Store,0.038,0,0-30 ngày,4,1,1,1.0,6,New / Promising,Low,10.7159,2.8904
C0629,650,21063,2436,33,0,0,0,0,34,1,10,11,19,3,2,2,0,3,6,0,0,0,0,0,0,0,6.67,24-34,<30K,Single,Non-graduate,0,0,1,44,0.0227,0.2273,0.25,0.4318,0.0682,5,8.8,0.4,0.4,0.0,0.6,Store,0.209,0,31-60 ngày,4,1,2,1.5,7,New / Promising,Low,9.9553,3.8067
C0630,651,29187,2575,52,1,1,1,0,43,26,0,6,0,0,1,1,0,3,8,0,0,0,0,0,0,0,7.05,45-54,<30K,Married/Partner,Graduate,1,1,3,32,0.8125,0.0,0.1875,0.0,0.0,4,8.0,0.25,0.25,0.0,0.75,Store,0.11,0,31-60 ngày,3,1,1,1.0,5,Need Attention,Low,10.2815,3.4965
C0631,652,54690,2393,49,0,1,1,1,76,111,16,37,7,9,3,3,1,5,3,0,0,0,0,0,0,0,6.56,45-54,50-70K,Married/Partner,Non-graduate,2,1,4,180,0.6167,0.0889,0.2056,0.0389,0.05,9,20.0,0.3333,0.3333,0.1111,0.5556,Store,0.329,0,61-99 ngày,2,3,2,2.5,7,Hibernating,Low,10.9095,5.1985
C0632,653,59304,2494,56,1,1,0,1,81,418,61,428,80,51,3,7,8,10,5,0,0,0,0,0,0,0,6.83,55-64,50-70K,Married/Partner,Graduate,1,1,3,1038,0.4027,0.0588,0.4123,0.0771,0.0491,25,41.52,0.12,0.28,0.32,0.4,Store,1.75,0,61-99 ngày,1,5,4,4.5,10,At Risk,Mid,10.9904,6.946
C0633,654,59247,2392,58,1,0,0,0,87,327,9,122,19,14,5,5,2,9,6,0,0,0,0,0,0,0,6.55,55-64,50-70K,Single,Graduate,0,0,1,491,0.666,0.0183,0.2485,0.0387,0.0285,16,30.69,0.3125,0.3125,0.125,0.5625,Store,0.829,0,61-99 ngày,1,4,3,3.5,8,At Risk,Mid,10.9895,6.1985
C0634,655,66731,2814,50,1,0,0,0,33,371,159,194,58,106,4,4,3,6,3,0,0,0,0,0,0,0,7.71,45-54,50-70K,Single,Graduate,0,0,1,888,0.4178,0.1791,0.2185,0.0653,0.1194,13,68.31,0.3077,0.3077,0.2308,0.4615,Store,1.331,0,31-60 ngày,4,3,4,3.5,11,Loyal Customers,Mid,11.1084,6.7901
C0635,656,77353,2354,40,1,1,0,1,38,275,59,107,69,101,2,6,4,8,4,0,0,0,0,0,0,0,6.45,35-44,70-90K,Married/Partner,Graduate,1,1,3,611,0.4501,0.0966,0.1751,0.1129,0.1653,18,33.94,0.1111,0.3333,0.2222,0.4444,Store,0.79,0,31-60 ngày,4,4,4,4.0,12,Champions,Mid,11.2561,6.4167
C0636,658,26751,2197,46,1,1,2,0,26,1,1,5,0,3,1,1,0,2,8,0,0,0,0,0,0,0,6.02,45-54,<30K,Married/Partner,Graduate,2,1,4,10,0.1,0.1,0.5,0.0,0.3,3,3.33,0.3333,0.3333,0.0,0.6667,Store,0.037,0,0-30 ngày,4,1,1,1.0,6,New / Promising,Low,10.1944,2.3979
C0637,659,81300,2766,57,1,1,0,1,17,1004,12,145,32,12,3,10,3,5,5,1,0,0,0,0,1,0,7.58,55-64,70-90K,Married/Partner,Graduate,1,1,3,1205,0.8332,0.01,0.1203,0.0266,0.01,18,66.94,0.1667,0.5556,0.1667,0.2778,Web,1.482,1,0-30 ngày,5,4,5,4.5,14,Champions,High,11.3059,7.0951
C0638,660,70337,2337,41,1,0,0,0,75,187,81,149,25,43,1,2,2,12,1,0,0,0,0,0,0,0,6.4,35-44,70-90K,Single,Graduate,0,0,1,485,0.3856,0.167,0.3072,0.0515,0.0887,16,30.31,0.0625,0.125,0.125,0.75,Store,0.69,0,61-99 ngày,2,4,3,3.5,9,At Risk,Mid,11.1611,6.1862
C0639,661,36145,2537,35,0,1,1,0,13,56,4,76,17,1,4,4,1,3,9,0,0,1,0,0,1,0,6.95,35-44,30-50K,Married/Partner,Non-graduate,1,1,3,154,0.3636,0.026,0.4935,0.1104,0.0065,8,19.25,0.5,0.5,0.125,0.375,Web,0.426,1,0-30 ngày,5,2,2,2.0,9,New / Promising,Low,10.4953,5.0434
C0640,662,65295,2347,40,1,0,0,0,19,365,32,117,34,110,1,3,3,13,2,0,0,0,0,0,0,0,6.43,35-44,50-70K,Single,Graduate,0,0,1,658,0.5547,0.0486,0.1778,0.0517,0.1672,19,34.63,0.0526,0.1579,0.1579,0.6842,Store,1.008,0,0-30 ngày,5,4,4,4.0,13,Champions,Mid,11.0867,6.4907
C0641,663,68118,2413,57,1,0,0,0,51,595,23,123,10,23,2,8,9,4,6,0,0,0,0,0,0,0,6.61,55-64,50-70K,Single,Graduate,0,0,1,774,0.7687,0.0297,0.1589,0.0129,0.0297,21,36.86,0.0952,0.381,0.4286,0.1905,Catalog,1.136,0,31-60 ngày,3,5,4,4.5,12,Loyal Customers,Mid,11.129,6.6529
C0642,664,68743,2827,53,1,0,0,0,81,1132,134,384,175,134,1,11,5,13,7,0,0,0,0,0,0,0,7.75,45-54,50-70K,Single,Graduate,0,0,1,1959,0.5778,0.0684,0.196,0.0893,0.0684,29,67.55,0.0345,0.3793,0.1724,0.4483,Store,2.85,0,61-99 ngày,1,5,5,5.0,11,At Risk,High,11.1381,7.5807
C0643,665,41039,2498,38,0,1,0,0,32,34,11,137,179,61,1,8,1,5,8,0,0,0,0,0,0,0,6.84,35-44,30-50K,Married/Partner,Non-graduate,0,0,2,422,0.0806,0.0261,0.3246,0.4242,0.1445,14,30.14,0.0714,0.5714,0.0714,0.3571,Web,1.028,0,31-60 ngày,4,3,3,3.0,10,Loyal Customers,Mid,10.6223,6.0474
C0644,666,38946,2407,65,1,1,0,1,84,116,6,82,6,6,2,3,1,6,5,0,0,0,0,0,0,0,6.59,65+,30-50K,Married/Partner,Graduate,1,1,3,216,0.537,0.0278,0.3796,0.0278,0.0278,10,21.6,0.2,0.3,0.1,0.6,Store,0.555,0,61-99 ngày,1,3,3,3.0,7,At Risk,Low,10.57,5.3799
C0645,667,65777,2351,53,1,1,0,0,87,565,32,435,28,32,1,2,8,6,1,0,0,0,0,0,0,0,6.44,45-54,50-70K,Married/Partner,Graduate,0,0,2,1092,0.5174,0.0293,0.3984,0.0256,0.0293,16,68.25,0.0625,0.125,0.5,0.375,Catalog,1.66,0,61-99 ngày,1,4,4,4.0,9,At Risk,Mid,11.094,6.9967
C0646,668,66476,2638,44,1,0,0,0,99,372,18,126,47,48,2,5,2,11,4,0,0,0,0,0,0,0,7.23,35-44,50-70K,Single,Graduate,0,0,1,611,0.6088,0.0295,0.2062,0.0769,0.0786,18,33.94,0.1111,0.2778,0.1111,0.6111,Store,0.919,0,61-99 ngày,1,4,4,4.0,9,At Risk,Mid,11.1046,6.4167
C0647,669,86857,2814,48,1,0,0,0,96,899,102,838,133,102,1,5,6,10,2,0,0,0,0,0,0,0,7.71,45-54,70-90K,Single,Graduate,0,0,1,2074,0.4335,0.0492,0.4041,0.0641,0.0492,21,98.76,0.0476,0.2381,0.2857,0.4762,Store,2.388,0,61-99 ngày,1,5,5,5.0,11,At Risk,High,11.372,7.6377
C0648,670,77845,2203,31,1,1,0,0,40,760,40,480,0,40,1,3,5,12,1,1,0,0,0,1,2,0,6.04,24-34,70-90K,Married/Partner,Graduate,0,0,2,1320,0.5758,0.0303,0.3636,0.0,0.0303,20,66.0,0.05,0.15,0.25,0.6,Store,1.696,1,31-60 ngày,3,5,5,5.0,13,Loyal Customers,High,11.2625,7.1861
C0649,671,69476,2431,51,1,1,0,0,3,260,86,559,63,9,1,4,6,4,2,0,0,0,0,0,0,0,6.66,45-54,50-70K,Married/Partner,Graduate,0,0,2,977,0.2661,0.088,0.5722,0.0645,0.0092,14,69.79,0.0714,0.2857,0.4286,0.2857,Catalog,1.406,0,0-30 ngày,5,3,4,3.5,12,Loyal Customers,Mid,11.1488,6.8855
C0650,672,50611,2792,60,1,0,0,0,98,459,0,24,6,0,6,4,5,7,6,0,0,0,1,0,1,0,7.65,55-64,50-70K,Single,Graduate,0,0,1,489,0.9387,0.0,0.0491,0.0123,0.0,16,30.56,0.375,0.25,0.3125,0.4375,Store,0.966,1,61-99 ngày,1,4,3,3.5,8,At Risk,Mid,10.8319,6.1944
C0651,673,61209,2467,50,1,0,0,0,73,466,0,224,119,49,1,5,3,4,2,0,0,0,0,0,0,0,6.76,45-54,50-70K,Single,Graduate,0,0,1,858,0.5431,0.0,0.2611,0.1387,0.0571,12,71.5,0.0833,0.4167,0.25,0.3333,Web,1.402,0,61-99 ngày,2,3,4,3.5,9,At Risk,Mid,11.0221,6.7558
C0652,674,42315,2511,62,1,1,0,1,90,67,15,80,17,11,3,1,4,4,3,0,0,0,0,0,0,0,6.88,55-64,30-50K,Married/Partner,Graduate,1,1,3,190,0.3526,0.0789,0.4211,0.0895,0.0579,9,21.11,0.3333,0.1111,0.4444,0.4444,Catalog,0.449,0,61-99 ngày,1,3,3,3.0,7,At Risk,Low,10.6529,5.2523
C0653,675,13084,2398,68,0,1,0,0,29,2,0,7,3,7,1,1,0,3,6,0,0,0,0,0,0,0,6.57,65+,<30K,Married/Partner,Non-graduate,0,0,2,19,0.1053,0.0,0.3684,0.1579,0.3684,4,4.75,0.25,0.25,0.0,0.75,Store,0.145,0,0-30 ngày,4,1,1,1.0,6,New / Promising,Low,9.4792,2.9957
C0654,676,47570,2555,71,1,0,0,0,3,67,1,20,0,2,3,2,2,2,7,0,0,0,0,0,0,0,7.0,65+,30-50K,Single,Graduate,0,0,1,90,0.7444,0.0111,0.2222,0.0,0.0222,6,15.0,0.5,0.3333,0.3333,0.3333,Web,0.189,0,0-30 ngày,5,2,2,2.0,9,New / Promising,Low,10.77,4.5109
C0655,677,61923,2497,59,1,1,0,2,94,92,4,18,3,3,1,2,1,4,3,0,0,0,0,0,0,0,6.84,55-64,50-70K,Married/Partner,Graduate,2,1,4,120,0.7667,0.0333,0.15,0.025,0.025,7,17.14,0.1429,0.2857,0.1429,0.5714,Store,0.194,0,61-99 ngày,1,2,2,2.0,5,Hibernating,Low,11.0337,4.7958
C0656,678,34824,2254,25,1,0,0,0,65,4,2,11,2,0,1,1,0,2,6,0,0,0,0,0,0,0,6.18,24-34,30-50K,Single,Graduate,0,0,1,19,0.2105,0.1053,0.5789,0.1053,0.0,3,6.33,0.3333,0.3333,0.0,0.6667,Store,0.055,0,61-99 ngày,2,1,1,1.0,4,Hibernating,Low,10.4581,2.9957
C0657,679,26518,2606,71,1,0,0,0,33,20,1,28,3,3,3,2,0,3,8,0,0,0,0,0,0,0,7.14,65+,<30K,Single,Graduate,0,0,1,55,0.3636,0.0182,0.5091,0.0545,0.0545,5,11.0,0.6,0.4,0.0,0.6,Store,0.207,0,31-60 ngày,4,1,2,1.5,7,New / Promising,Low,10.1856,4.0254
C0658,680,45938,2397,59,1,0,0,0,46,273,11,178,62,83,2,8,4,6,6,0,0,0,0,0,0,0,6.57,55-64,30-50K,Single,Graduate,0,0,1,607,0.4498,0.0181,0.2932,0.1021,0.1367,18,33.72,0.1111,0.4444,0.2222,0.3333,Web,1.321,0,31-60 ngày,3,4,4,4.0,11,Loyal Customers,Mid,10.7351,6.4102
C0659,681,78468,2240,60,1,1,0,0,29,434,22,388,104,22,1,10,7,10,4,1,0,0,0,0,1,0,6.14,55-64,70-90K,Married/Partner,Graduate,0,0,2,970,0.4474,0.0227,0.4,0.1072,0.0227,27,35.93,0.037,0.3704,0.2593,0.3704,Web,1.236,1,0-30 ngày,4,5,4,4.5,13,Champions,Mid,11.2705,6.8783
C0660,682,78901,2444,47,1,0,0,0,99,321,11,309,33,26,3,9,3,5,4,0,0,0,0,0,0,0,6.7,45-54,70-90K,Single,Graduate,0,0,1,700,0.4586,0.0157,0.4414,0.0471,0.0371,17,41.18,0.1765,0.5294,0.1765,0.2941,Web,0.887,0,61-99 ngày,1,4,4,4.0,9,At Risk,Mid,11.276,6.5525
C0661,683,71427,2268,42,1,1,2,0,26,212,123,177,15,64,2,8,2,8,4,0,0,0,0,0,0,0,6.21,35-44,70-90K,Married/Partner,Graduate,2,1,4,591,0.3587,0.2081,0.2995,0.0254,0.1083,18,32.83,0.1111,0.4444,0.1111,0.4444,Web,0.827,0,0-30 ngày,4,4,4,4.0,12,Champions,Mid,11.1764,6.3835
C0662,684,71022,2297,42,1,0,0,0,30,909,12,278,0,12,3,5,2,11,8,0,0,1,0,0,1,0,6.29,35-44,70-90K,Single,Graduate,0,0,1,1211,0.7506,0.0099,0.2296,0.0,0.0099,18,67.28,0.1667,0.2778,0.1111,0.6111,Store,1.705,1,0-30 ngày,4,4,5,4.5,13,Champions,High,11.1708,7.1
C0663,685,90247,2220,32,1,0,0,0,27,1184,32,352,21,16,1,3,4,7,1,1,0,0,1,1,3,0,6.08,24-34,90K+,Single,Graduate,0,0,1,1605,0.7377,0.0199,0.2193,0.0131,0.01,14,114.64,0.0714,0.2143,0.2857,0.5,Store,1.778,1,0-30 ngày,4,3,5,4.0,12,Champions,High,11.4103,7.3815
C0664,686,41335,2344,52,1,0,0,0,24,112,19,21,16,14,3,4,1,4,7,0,0,0,0,0,0,0,6.42,45-54,30-50K,Single,Graduate,0,0,1,182,0.6154,0.1044,0.1154,0.0879,0.0769,9,20.22,0.3333,0.4444,0.1111,0.4444,Web,0.44,0,0-30 ngày,4,3,3,3.0,10,Loyal Customers,Low,10.6295,5.2095
C0665,688,35682,2161,50,1,0,0,0,34,23,0,8,6,2,1,1,1,3,2,0,0,0,0,0,0,0,5.92,45-54,30-50K,Single,Graduate,0,0,1,39,0.5897,0.0,0.2051,0.1538,0.0513,5,7.8,0.2,0.2,0.2,0.6,Store,0.109,0,31-60 ngày,4,1,1,1.0,6,New / Promising,Low,10.4824,3.6889
C0666,689,43185,2604,69,1,0,0,0,88,537,6,42,16,6,2,9,3,6,8,0,0,0,0,0,0,0,7.13,65+,30-50K,Single,Graduate,0,0,1,607,0.8847,0.0099,0.0692,0.0264,0.0099,18,33.72,0.1111,0.5,0.1667,0.3333,Web,1.406,0,61-99 ngày,1,4,4,4.0,9,At Risk,Mid,10.6733,6.4102
C0667,690,66375,2379,72,1,1,0,1,96,712,0,45,0,0,3,2,4,5,7,0,0,1,0,0,1,0,6.52,65+,50-70K,Married/Partner,Graduate,1,1,3,757,0.9406,0.0,0.0594,0.0,0.0,11,68.82,0.2727,0.1818,0.3636,0.4545,Store,1.14,1,61-99 ngày,1,3,4,3.5,8,At Risk,Mid,11.1031,6.6307
C0668,692,25252,2511,34,1,1,1,0,26,1,3,4,2,2,1,1,0,2,8,0,0,0,0,0,0,0,6.88,24-34,<30K,Married/Partner,Graduate,1,1,3,12,0.0833,0.25,0.3333,0.1667,0.1667,3,4.0,0.3333,0.3333,0.0,0.6667,Store,0.048,0,0-30 ngày,4,1,1,1.0,6,New / Promising,Low,10.1367,2.5649
C0669,693,55250,2775,55,1,0,0,0,49,664,58,83,32,0,4,7,5,10,5,0,0,0,0,0,0,0,7.6,55-64,50-70K,Single,Graduate,0,0,1,837,0.7933,0.0693,0.0992,0.0382,0.0,22,38.05,0.1818,0.3182,0.2273,0.4545,Store,1.515,0,31-60 ngày,3,5,4,4.5,12,Loyal Customers,Mid,10.9196,6.731
C0670,694,33249,2653,45,1,0,0,0,11,6,10,21,19,14,2,2,1,3,6,0,0,0,0,0,0,0,7.27,45-54,30-50K,Single,Graduate,0,0,1,70,0.0857,0.1429,0.3,0.2714,0.2,6,11.67,0.3333,0.3333,0.1667,0.5,Store,0.211,0,0-30 ngày,5,2,2,2.0,9,New / Promising,Low,10.4118,4.2627
C0671,695,58398,2570,67,1,1,0,0,44,299,5,201,21,21,3,5,4,8,4,0,0,0,0,0,0,0,7.04,65+,50-70K,Married/Partner,Graduate,0,0,2,547,0.5466,0.0091,0.3675,0.0384,0.0384,17,32.18,0.1765,0.2941,0.2353,0.4706,Store,0.937,0,31-60 ngày,3,4,3,3.5,10,Loyal Customers,Mid,10.9751,6.3063
C0672,696,50272,2485,38,1,1,1,0,75,99,13,66,43,8,3,4,1,5,7,0,0,0,0,0,0,0,6.81,35-44,50-70K,Married/Partner,Graduate,1,1,3,229,0.4323,0.0568,0.2882,0.1878,0.0349,10,22.9,0.3,0.4,0.1,0.5,Store,0.456,0,61-99 ngày,2,3,3,3.0,8,At Risk,Low,10.8252,5.4381
C0673,697,76618,2728,45,1,1,0,0,64,749,40,294,121,160,1,3,2,5,1,0,0,0,0,0,0,0,7.47,45-54,70-90K,Married/Partner,Graduate,0,0,2,1364,0.5491,0.0293,0.2155,0.0887,0.1173,10,136.4,0.1,0.3,0.2,0.5,Store,1.78,0,61-99 ngày,2,3,5,4.0,10,At Risk,High,11.2466,7.2189
C0674,698,87305,2803,60,0,0,0,0,19,345,25,501,63,138,1,5,3,8,2,0,0,0,0,1,1,0,7.68,55-64,70-90K,Single,Non-graduate,0,0,1,1072,0.3218,0.0233,0.4674,0.0588,0.1287,16,67.0,0.0625,0.3125,0.1875,0.5,Store,1.228,1,0-30 ngày,4,4,4,4.0,12,Champions,Mid,11.3772,6.9782
C0675,699,25851,2662,42,1,1,1,0,45,9,4,18,7,5,2,2,0,3,7,0,0,0,0,0,0,0,7.29,35-44,<30K,Married/Partner,Graduate,1,1,3,43,0.2093,0.093,0.4186,0.1628,0.1163,5,8.6,0.4,0.4,0.0,0.6,Store,0.166,0,31-60 ngày,3,1,1,1.0,5,Need Attention,Low,10.1601,3.7842
C0676,700,58710,2614,50,1,0,0,0,77,440,81,368,0,122,6,11,5,9,6,0,0,0,0,0,0,0,7.16,45-54,50-70K,Single,Graduate,0,0,1,1011,0.4352,0.0801,0.364,0.0,0.1207,25,40.44,0.24,0.44,0.2,0.36,Web,1.722,0,61-99 ngày,2,5,4,4.5,11,At Risk,Mid,10.9804,6.9197
C0677,701,45160,2251,62,1,0,0,0,9,8,2,5,3,0,1,1,0,2,7,0,0,0,0,0,0,0,6.17,55-64,30-50K,Single,Graduate,0,0,1,18,0.4444,0.1111,0.2778,0.1667,0.0,3,6.0,0.3333,0.3333,0.0,0.6667,Store,0.04,0,0-30 ngày,5,1,1,1.0,7,New / Promising,Low,10.718,2.9444
C0678,702,74806,2716,55,1,1,0,1,1,670,9,249,0,28,2,5,4,5,4,0,0,0,0,0,0,0,7.44,55-64,70-90K,Married/Partner,Graduate,1,1,3,956,0.7008,0.0094,0.2605,0.0,0.0293,14,68.29,0.1429,0.3571,0.2857,0.3571,Web,1.278,0,0-30 ngày,5,3,4,3.5,12,Loyal Customers,Mid,11.2227,6.8638
C0679,703,59111,2582,66,1,1,0,0,90,524,0,134,28,28,1,11,1,8,7,0,0,0,0,0,0,0,7.07,65+,50-70K,Married/Partner,Graduate,0,0,2,714,0.7339,0.0,0.1877,0.0392,0.0392,20,35.7,0.05,0.55,0.05,0.4,Web,1.208,0,61-99 ngày,1,5,4,4.5,10,At Risk,Mid,10.9872,6.5723
C0680,704,18988,2196,36,1,1,1,0,43,6,0,6,2,1,2,1,0,3,7,0,0,0,0,0,0,0,6.02,35-44,<30K,Married/Partner,Graduate,1,1,3,15,0.4,0.0,0.4,0.1333,0.0667,4,3.75,0.5,0.25,0.0,0.75,Store,0.079,0,31-60 ngày,3,1,1,1.0,5,Need Attention,Low,9.8516,2.7726
C0681,705,72190,2660,55,1,1,0,0,79,597,166,597,172,166,1,5,6,4,3,0,0,0,0,0,0,0,7.29,55-64,70-90K,Married/Partner,Graduate,0,0,2,1698,0.3516,0.0978,0.3516,0.1013,0.0978,15,113.2,0.0667,0.3333,0.4,0.2667,Catalog,2.352,0,61-99 ngày,2,3,5,4.0,10,At Risk,High,11.1871,7.4378
C0682,706,7500,2856,44,1,1,1,0,19,7,0,12,13,7,5,4,1,2,9,0,0,1,0,0,1,0,7.82,35-44,<30K,Married/Partner,Graduate,1,1,3,39,0.1795,0.0,0.3077,0.3333,0.1795,7,5.57,0.7143,0.5714,0.1429,0.2857,Web,0.52,1,0-30 ngày,4,2,1,1.5,7,New / Promising,Low,8.9228,3.6889
C0683,708,80395,2377,65,1,1,0,0,62,445,25,706,80,76,1,6,5,12,2,1,0,0,0,0,1,0,6.51,65+,70-90K,Married/Partner,Graduate,0,0,2,1332,0.3341,0.0188,0.53,0.0601,0.0571,23,57.91,0.0435,0.2609,0.2174,0.5217,Store,1.657,1,61-99 ngày,2,5,5,5.0,12,At Risk,High,11.2947,7.1952
C0684,709,75012,2314,44,1,0,0,0,41,294,142,218,164,58,1,3,8,11,1,0,0,0,0,0,0,0,6.34,35-44,70-90K,Single,Graduate,0,0,1,876,0.3356,0.1621,0.2489,0.1872,0.0662,22,39.82,0.0455,0.1364,0.3636,0.5,Store,1.168,0,31-60 ngày,3,5,4,4.5,12,Loyal Customers,Mid,11.2254,6.7765
C0685,710,56962,2420,55,1,1,2,1,60,292,3,77,10,3,7,6,3,5,7,0,0,0,0,0,0,0,6.63,55-64,50-70K,Married/Partner,Graduate,3,1,5,385,0.7584,0.0078,0.2,0.026,0.0078,14,27.5,0.5,0.4286,0.2143,0.3571,Web,0.676,0,31-60 ngày,2,3,3,3.0,8,At Risk,Mid,10.9502,5.9558
C0686,711,89891,2599,29,1,1,0,0,17,412,22,132,59,28,1,11,6,8,4,0,0,0,0,1,1,0,7.12,24-34,70-90K,Married/Partner,Graduate,0,0,2,653,0.6309,0.0337,0.2021,0.0904,0.0429,25,26.12,0.04,0.44,0.24,0.32,Web,0.726,1,0-30 ngày,5,5,4,4.5,14,Champions,Mid,11.4064,6.4831
C0687,712,35946,2434,71,1,0,0,0,24,8,0,3,0,0,1,0,0,3,5,0,0,0,0,0,0,0,6.67,65+,30-50K,Single,Graduate,0,0,1,11,0.7273,0.0,0.2727,0.0,0.0,3,3.67,0.3333,0.0,0.0,1.0,Store,0.031,0,0-30 ngày,4,1,1,1.0,6,New / Promising,Low,10.4898,2.4849
C0688,713,53593,2850,67,1,1,1,1,60,349,4,78,6,0,8,7,2,6,8,0,0,0,0,0,0,0,7.81,65+,50-70K,Married/Partner,Graduate,2,1,4,437,0.7986,0.0092,0.1785,0.0137,0.0,15,29.13,0.5333,0.4667,0.1333,0.4,Web,0.815,0,31-60 ngày,2,3,3,3.0,8,At Risk,Mid,10.8892,6.0822
C0689,715,45072,2415,72,1,0,0,0,74,144,2,99,7,2,5,6,1,4,8,0,0,0,0,0,0,0,6.62,65+,30-50K,Single,Graduate,0,0,1,254,0.5669,0.0079,0.3898,0.0276,0.0079,11,23.09,0.4545,0.5455,0.0909,0.3636,Web,0.564,0,61-99 ngày,2,3,3,3.0,8,At Risk,Low,10.716,5.5413
C0690,716,89694,2422,47,1,0,0,0,22,1126,28,211,37,28,3,4,3,4,5,1,0,0,1,1,3,0,6.64,45-54,70-90K,Single,Graduate,0,0,1,1430,0.7874,0.0196,0.1476,0.0259,0.0196,11,130.0,0.2727,0.3636,0.2727,0.3636,Web,1.594,1,0-30 ngày,4,3,5,4.0,12,Champions,High,11.4042,7.2661
C0691,717,72025,2220,71,1,1,0,0,46,967,0,617,43,50,1,4,8,13,2,1,0,0,1,1,3,0,6.08,65+,70-90K,Married/Partner,Graduate,0,0,2,1677,0.5766,0.0,0.3679,0.0256,0.0298,25,67.08,0.04,0.16,0.32,0.52,Store,2.328,1,31-60 ngày,3,5,5,5.0,13,Loyal Customers,High,11.1848,7.4254
C0692,718,67432,2616,47,1,1,0,1,69,432,79,341,177,136,2,8,5,4,4,0,0,0,0,0,0,0,7.17,45-54,50-70K,Married/Partner,Graduate,1,1,3,1165,0.3708,0.0678,0.2927,0.1519,0.1167,17,68.53,0.1176,0.4706,0.2941,0.2353,Web,1.728,0,61-99 ngày,2,4,5,4.5,11,At Risk,High,11.1189,7.0613
C0693,719,70545,2185,68,1,1,0,1,29,138,39,63,55,18,1,4,1,7,2,0,0,0,0,0,0,0,5.99,65+,70-90K,Married/Partner,Graduate,1,1,3,313,0.4409,0.1246,0.2013,0.1757,0.0575,12,26.08,0.0833,0.3333,0.0833,0.5833,Store,0.444,0,0-30 ngày,4,3,3,3.0,10,Loyal Customers,Low,11.164,5.7494
C0694,720,17487,2627,31,0,1,1,0,37,0,0,1,7,4,1,1,0,2,7,0,0,0,0,0,0,0,7.2,24-34,<30K,Married/Partner,Non-graduate,1,1,3,12,0.0,0.0,0.0833,0.5833,0.3333,3,4.0,0.3333,0.3333,0.0,0.6667,Store,0.069,0,31-60 ngày,4,1,1,1.0,6,New / Promising,Low,9.7693,2.5649
C0695,721,62882,2848,51,1,1,0,1,26,509,133,497,78,24,2,7,5,6,4,0,0,0,0,0,0,0,7.8,45-54,50-70K,Married/Partner,Graduate,1,1,3,1241,0.4102,0.1072,0.4005,0.0629,0.0193,18,68.94,0.1111,0.3889,0.2778,0.3333,Web,1.974,0,0-30 ngày,4,4,5,4.5,13,Champions,High,11.049,7.1245
C0696,722,64108,2622,67,1,0,0,0,8,948,10,86,13,21,4,6,9,11,5,0,0,0,0,0,0,0,7.18,65+,50-70K,Single,Graduate,0,0,1,1078,0.8794,0.0093,0.0798,0.0121,0.0195,26,41.46,0.1538,0.2308,0.3462,0.4231,Store,1.682,0,0-30 ngày,5,5,4,4.5,14,Champions,Mid,11.0683,6.9838
C0697,723,34941,2639,64,1,1,1,1,26,39,2,25,4,3,2,3,0,3,8,0,0,0,0,0,0,0,7.23,55-64,30-50K,Married/Partner,Graduate,2,1,4,73,0.5342,0.0274,0.3425,0.0548,0.0411,6,12.17,0.3333,0.5,0.0,0.5,Web,0.209,0,0-30 ngày,4,2,2,2.0,8,New / Promising,Low,10.4614,4.3041
C0698,724,48767,2338,70,1,0,0,0,79,28,1,21,3,0,3,2,1,3,5,0,0,0,0,0,0,0,6.41,65+,30-50K,Single,Graduate,0,0,1,53,0.5283,0.0189,0.3962,0.0566,0.0,6,8.83,0.5,0.3333,0.1667,0.5,Store,0.109,0,61-99 ngày,2,2,2,2.0,6,Hibernating,Low,10.7948,3.989
C0699,725,38702,2491,42,0,1,1,0,71,13,11,24,13,8,2,3,0,4,6,0,0,0,0,0,0,0,6.82,35-44,30-50K,Married/Partner,Non-graduate,1,1,3,69,0.1884,0.1594,0.3478,0.1884,0.1159,7,9.86,0.2857,0.4286,0.0,0.5714,Store,0.178,0,61-99 ngày,2,2,2,2.0,6,Hibernating,Low,10.5637,4.2485
C0700,726,82224,2314,56,1,1,0,0,83,307,26,360,138,31,1,6,9,5,3,1,0,0,0,0,1,0,6.34,55-64,70-90K,Married/Partner,Graduate,0,0,2,862,0.3561,0.0302,0.4176,0.1601,0.036,20,43.1,0.05,0.3,0.45,0.25,Catalog,1.048,1,61-99 ngày,1,5,4,4.5,10,At Risk,Mid,11.3172,6.7604
C0701,727,83844,2572,68,1,1,0,0,57,901,31,345,75,31,1,4,4,11,1,0,0,0,0,1,1,0,7.05,65+,70-90K,Married/Partner,Graduate,0,0,2,1383,0.6515,0.0224,0.2495,0.0542,0.0224,19,72.79,0.0526,0.2105,0.2105,0.5789,Store,1.649,1,31-60 ngày,3,4,5,4.5,12,Loyal Customers,High,11.3367,7.2327
C0702,728,17003,2361,45,0,1,1,0,37,2,5,12,4,8,3,2,0,4,5,0,0,0,0,0,0,0,6.47,45-54,<30K,Married/Partner,Non-graduate,1,1,3,31,0.0645,0.1613,0.3871,0.129,0.2581,6,5.17,0.5,0.3333,0.0,0.6667,Store,0.182,0,31-60 ngày,4,2,1,1.5,7,New / Promising,Low,9.7412,3.4657
C0703,729,71163,2271,25,1,0,0,0,30,283,17,372,138,106,1,3,8,12,1,0,0,0,0,0,0,0,6.22,24-34,70-90K,Single,Graduate,0,0,1,916,0.309,0.0186,0.4061,0.1507,0.1157,23,39.83,0.0435,0.1304,0.3478,0.5217,Store,1.287,0,0-30 ngày,4,5,4,4.5,13,Champions,Mid,11.1727,6.8211
C0704,730,33697,2446,50,1,0,0,0,34,4,3,7,0,3,1,1,0,2,7,0,0,1,0,0,1,0,6.7,45-54,30-50K,Single,Graduate,0,0,1,17,0.2353,0.1765,0.4118,0.0,0.1765,3,5.67,0.3333,0.3333,0.0,0.6667,Store,0.05,1,31-60 ngày,4,1,1,1.0,6,New / Promising,Low,10.4252,2.8904
C0705,731,63564,2310,66,0,1,0,0,0,769,80,252,15,34,1,10,10,7,6,0,0,1,0,0,1,0,6.33,65+,50-70K,Married/Partner,Non-graduate,0,0,2,1150,0.6687,0.0696,0.2191,0.013,0.0296,27,42.59,0.037,0.3704,0.3704,0.2593,Web,1.809,1,0-30 ngày,5,5,5,5.0,15,Champions,High,11.0598,7.0484
C0706,732,83443,2339,48,1,1,0,0,89,518,42,742,55,56,1,6,10,5,2,0,0,0,0,0,0,0,6.41,45-54,70-90K,Married/Partner,Graduate,0,0,2,1413,0.3666,0.0297,0.5251,0.0389,0.0396,21,67.29,0.0476,0.2857,0.4762,0.2381,Catalog,1.693,0,61-99 ngày,1,5,5,5.0,11,At Risk,High,11.3319,7.2542
C0707,733,51518,2428,62,1,1,0,1,92,350,8,66,17,4,2,3,2,10,3,0,0,0,0,0,0,0,6.65,55-64,50-70K,Married/Partner,Graduate,1,1,3,445,0.7865,0.018,0.1483,0.0382,0.009,15,29.67,0.1333,0.2,0.1333,0.6667,Store,0.864,0,61-99 ngày,1,3,3,3.0,7,At Risk,Mid,10.8497,6.1003
C0708,735,80952,2645,51,1,1,0,0,20,778,178,689,41,27,1,8,5,11,8,1,0,0,1,1,3,0,7.25,45-54,70-90K,Married/Partner,Graduate,0,0,2,1713,0.4542,0.1039,0.4022,0.0239,0.0158,24,71.38,0.0417,0.3333,0.2083,0.4583,Store,2.116,1,0-30 ngày,4,5,5,5.0,14,Champions,High,11.3016,7.4466
C0709,736,75507,2217,41,1,1,0,0,56,709,93,374,104,80,1,8,6,6,3,0,0,0,0,0,0,0,6.07,35-44,70-90K,Married/Partner,Graduate,0,0,2,1360,0.5213,0.0684,0.275,0.0765,0.0588,20,68.0,0.05,0.4,0.3,0.3,Web,1.801,0,31-60 ngày,3,5,5,5.0,13,Loyal Customers,High,11.232,7.216
C0710,737,63855,2664,42,0,1,0,0,28,359,35,314,93,116,1,7,3,13,4,0,0,0,0,0,0,0,7.3,35-44,50-70K,Married/Partner,Non-graduate,0,0,2,917,0.3915,0.0382,0.3424,0.1014,0.1265,23,39.87,0.0435,0.3043,0.1304,0.5652,Store,1.436,0,0-30 ngày,4,5,4,4.5,13,Champions,Mid,11.0644,6.8222
C0711,738,62220,2846,48,1,1,0,1,55,799,12,375,16,12,5,7,6,5,6,0,0,0,0,0,0,0,7.8,45-54,50-70K,Married/Partner,Graduate,1,1,3,1214,0.6582,0.0099,0.3089,0.0132,0.0099,18,67.44,0.2778,0.3889,0.3333,0.2778,Web,1.951,0,31-60 ngày,3,4,5,4.5,12,Loyal Customers,High,11.0384,7.1025
C0712,739,58512,2442,56,1,1,0,1,25,895,10,101,13,0,5,3,4,8,8,0,0,0,0,0,0,0,6.69,55-64,50-70K,Married/Partner,Graduate,1,1,3,1019,0.8783,0.0098,0.0991,0.0128,0.0,15,67.93,0.3333,0.2,0.2667,0.5333,Store,1.742,0,0-30 ngày,4,3,4,3.5,11,Loyal Customers,Mid,10.977,6.9276
C0713,740,40662,2630,41,1,1,1,0,0,40,2,23,0,4,2,2,1,3,4,0,0,0,0,0,0,0,7.21,35-44,30-50K,Married/Partner,Graduate,1,1,3,69,0.5797,0.029,0.3333,0.0,0.058,6,11.5,0.3333,0.3333,0.1667,0.5,Store,0.17,0,0-30 ngày,5,2,2,2.0,9,New / Promising,Low,10.6131,4.2485
C0714,741,38829,2243,61,1,1,0,1,86,76,0,7,0,0,1,3,2,2,5,0,0,0,0,0,0,0,6.15,55-64,30-50K,Married/Partner,Graduate,1,1,3,83,0.9157,0.0,0.0843,0.0,0.0,7,11.86,0.1429,0.4286,0.2857,0.2857,Web,0.214,0,61-99 ngày,1,2,2,2.0,5,Hibernating,Low,10.5669,4.4308
C0715,742,35523,2428,39,0,1,1,0,8,11,5,22,12,5,2,3,0,3,7,0,0,0,0,0,0,0,6.65,35-44,30-50K,Married/Partner,Non-graduate,1,1,3,55,0.2,0.0909,0.4,0.2182,0.0909,6,9.17,0.3333,0.5,0.0,0.5,Web,0.155,0,0-30 ngày,5,2,2,2.0,9,New / Promising,Low,10.478,4.0254
C0716,743,79146,2225,53,1,0,0,0,33,245,16,223,21,43,2,8,1,8,6,0,0,0,0,0,0,0,6.1,45-54,70-90K,Single,Graduate,0,0,1,548,0.4471,0.0292,0.4069,0.0383,0.0785,17,32.24,0.1176,0.4706,0.0588,0.4706,Web,0.692,0,31-60 ngày,4,4,3,3.5,11,Loyal Customers,Mid,11.2791,6.3081
C0717,744,78285,2403,32,1,1,0,0,13,647,107,391,175,67,1,6,4,10,3,0,0,0,0,0,0,0,6.58,24-34,70-90K,Married/Partner,Graduate,0,0,2,1387,0.4665,0.0771,0.2819,0.1262,0.0483,20,69.35,0.05,0.3,0.2,0.5,Store,1.772,0,0-30 ngày,5,5,5,5.0,15,Champions,High,11.2681,7.2356
C0718,745,31626,2574,42,1,0,0,0,12,39,1,9,2,1,1,2,1,2,7,0,0,1,0,0,1,0,7.05,35-44,30-50K,Single,Graduate,0,0,1,52,0.75,0.0192,0.1731,0.0385,0.0192,5,10.4,0.2,0.4,0.2,0.4,Web,0.164,1,0-30 ngày,5,1,2,1.5,8,New / Promising,Low,10.3618,3.9703
C0719,746,75127,2197,68,1,0,0,0,92,203,35,305,46,17,1,2,11,5,1,0,0,0,0,0,0,0,6.02,65+,70-90K,Single,Graduate,0,0,1,606,0.335,0.0578,0.5033,0.0759,0.0281,18,33.67,0.0556,0.1111,0.6111,0.2778,Catalog,0.807,0,61-99 ngày,1,4,4,4.0,9,At Risk,Mid,11.2269,6.4085
C0720,747,48726,2587,65,1,1,0,1,90,138,3,38,4,0,3,3,2,4,6,0,0,0,0,0,0,0,7.09,65+,30-50K,Married/Partner,Graduate,1,1,3,183,0.7541,0.0164,0.2077,0.0219,0.0,9,20.33,0.3333,0.3333,0.2222,0.4444,Store,0.376,0,61-99 ngày,1,3,3,3.0,7,At Risk,Low,10.794,5.2149
C0721,748,74985,2815,43,1,1,0,0,8,587,51,898,247,0,1,3,6,7,2,0,0,0,0,0,0,0,7.71,35-44,70-90K,Married/Partner,Graduate,0,0,2,1783,0.3292,0.0286,0.5036,0.1385,0.0,16,111.44,0.0625,0.1875,0.375,0.4375,Store,2.378,0,0-30 ngày,5,4,5,4.5,14,Champions,High,11.2251,7.4866
C0722,749,67430,2821,33,1,1,0,0,6,595,97,291,127,133,1,11,5,12,6,0,0,0,0,0,0,0,7.73,24-34,50-70K,Married/Partner,Graduate,0,0,2,1243,0.4787,0.078,0.2341,0.1022,0.107,28,44.39,0.0357,0.3929,0.1786,0.4286,Store,1.843,0,0-30 ngày,5,5,5,5.0,15,Champions,High,11.1189,7.1261
C0723,750,46891,2460,55,0,1,0,1,91,43,12,23,29,15,1,2,1,4,4,0,0,0,0,0,0,0,6.74,55-64,30-50K,Married/Partner,Non-graduate,1,1,3,122,0.3525,0.0984,0.1885,0.2377,0.123,7,17.43,0.1429,0.2857,0.1429,0.5714,Store,0.26,0,61-99 ngày,1,2,2,2.0,5,Hibernating,Low,10.7556,4.8122
C0724,751,62058,2558,64,1,1,0,1,52,301,7,74,10,0,4,6,1,7,6,0,0,0,0,0,0,0,7.01,55-64,50-70K,Married/Partner,Graduate,1,1,3,392,0.7679,0.0179,0.1888,0.0255,0.0,14,28.0,0.2857,0.4286,0.0714,0.5,Store,0.632,0,31-60 ngày,3,3,3,3.0,9,Loyal Customers,Mid,11.0358,5.9738
C0725,752,72063,2520,41,1,1,0,1,3,180,32,348,76,32,2,5,2,12,2,0,0,0,0,0,0,0,6.9,35-44,70-90K,Married/Partner,Graduate,1,1,3,668,0.2695,0.0479,0.521,0.1138,0.0479,19,35.16,0.1053,0.2632,0.1053,0.6316,Store,0.927,0,0-30 ngày,5,4,4,4.0,13,Champions,Mid,11.1853,6.5058
C0726,753,78939,2358,69,1,1,0,0,57,794,115,243,150,0,1,8,5,6,3,0,0,0,0,0,0,0,6.46,65+,70-90K,Married/Partner,Graduate,0,0,2,1302,0.6098,0.0883,0.1866,0.1152,0.0,19,68.53,0.0526,0.4211,0.2632,0.3158,Web,1.649,0,31-60 ngày,3,4,5,4.5,12,Loyal Customers,High,11.2764,7.1724
C0727,754,42720,2590,55,1,0,0,0,9,392,5,91,28,26,8,7,3,7,8,0,0,0,0,0,0,0,7.1,55-64,30-50K,Single,Graduate,0,0,1,542,0.7232,0.0092,0.1679,0.0517,0.048,17,31.88,0.4706,0.4118,0.1765,0.4118,Web,1.269,0,0-30 ngày,5,4,3,3.5,12,Loyal Customers,Mid,10.6624,6.2971
C0728,755,33622,2601,48,1,1,1,1,22,39,1,22,3,4,3,2,0,4,7,0,0,0,0,0,0,0,7.13,45-54,30-50K,Married/Partner,Graduate,2,1,4,69,0.5652,0.0145,0.3188,0.0435,0.058,6,11.5,0.5,0.3333,0.0,0.6667,Store,0.205,0,0-30 ngày,4,2,2,2.0,8,New / Promising,Low,10.423,4.2485
C0729,756,6835,2727,63,1,1,0,1,76,107,2,12,2,2,0,0,0,1,20,0,0,0,0,0,0,0,7.47,55-64,<30K,Married/Partner,Graduate,1,1,3,125,0.856,0.016,0.096,0.016,0.016,1,125.0,0.0,0.0,0.0,1.0,Store,1.829,0,61-99 ngày,2,1,2,1.5,5,Hibernating,Low,8.83,4.8363
C0730,757,41452,2639,67,1,1,1,1,86,13,0,3,0,0,1,1,0,2,7,0,0,0,0,0,0,0,7.23,65+,30-50K,Married/Partner,Graduate,2,1,4,16,0.8125,0.0,0.1875,0.0,0.0,3,5.33,0.3333,0.3333,0.0,0.6667,Store,0.039,0,61-99 ngày,1,1,1,1.0,3,Hibernating,Low,10.6323,2.8332
C0731,758,40760,2462,55,1,0,0,0,64,70,0,17,0,0,2,2,1,3,6,0,0,0,0,0,0,0,6.75,55-64,30-50K,Single,Graduate,0,0,1,87,0.8046,0.0,0.1954,0.0,0.0,6,14.5,0.3333,0.3333,0.1667,0.5,Store,0.213,0,61-99 ngày,2,2,2,2.0,6,Hibernating,Low,10.6155,4.4773
C0732,759,74250,2313,62,1,1,0,0,90,680,11,392,75,0,1,2,11,4,1,0,0,0,0,0,0,0,6.34,55-64,70-90K,Married/Partner,Graduate,0,0,2,1158,0.5872,0.0095,0.3385,0.0648,0.0,17,68.12,0.0588,0.1176,0.6471,0.2353,Catalog,1.56,0,61-99 ngày,1,4,5,4.5,10,At Risk,High,11.2152,7.0553
C0733,760,51124,2352,65,1,0,0,0,79,26,1,11,0,1,2,1,0,3,3,0,0,0,0,0,0,0,6.44,65+,50-70K,Single,Graduate,0,0,1,39,0.6667,0.0256,0.2821,0.0,0.0256,4,9.75,0.5,0.25,0.0,0.75,Store,0.076,0,61-99 ngày,2,1,1,1.0,4,Hibernating,Low,10.842,3.6889
C0734,761,72258,2449,49,1,0,0,0,28,522,0,522,227,120,2,6,9,5,2,0,0,0,0,0,0,0,6.71,45-54,70-90K,Single,Graduate,0,0,1,1391,0.3753,0.0,0.3753,0.1632,0.0863,20,69.55,0.1,0.3,0.45,0.25,Catalog,1.925,0,0-30 ngày,4,5,5,5.0,14,Champions,High,11.188,7.2385
C0735,762,71466,2244,46,1,0,0,0,86,412,12,546,78,182,1,4,4,10,1,0,0,0,0,0,0,0,6.15,45-54,70-90K,Single,Graduate,0,0,1,1230,0.335,0.0098,0.4439,0.0634,0.148,18,68.33,0.0556,0.2222,0.2222,0.5556,Store,1.721,0,61-99 ngày,1,4,5,4.5,10,At Risk,High,11.177,7.1156
C0736,763,36283,2235,44,1,1,1,1,42,6,5,5,8,0,2,1,0,3,4,0,0,0,0,0,0,0,6.12,35-44,30-50K,Married/Partner,Graduate,2,1,4,24,0.25,0.2083,0.2083,0.3333,0.0,4,6.0,0.5,0.25,0.0,0.75,Store,0.066,0,31-60 ngày,3,1,1,1.0,5,Need Attention,Low,10.4991,3.2189
C0737,764,20587,2208,50,1,0,0,0,39,2,3,6,4,1,1,1,1,2,7,0,0,0,0,0,0,0,6.05,45-54,<30K,Single,Graduate,0,0,1,16,0.125,0.1875,0.375,0.25,0.0625,4,4.0,0.25,0.25,0.25,0.5,Store,0.078,0,31-60 ngày,4,1,1,1.0,6,New / Promising,Low,9.9325,2.8332
C0738,765,30467,2261,48,1,1,1,0,8,1,3,8,2,5,1,1,0,2,7,0,0,0,0,0,0,0,6.19,45-54,30-50K,Married/Partner,Graduate,1,1,3,19,0.0526,0.1579,0.4211,0.1053,0.2632,3,6.33,0.3333,0.3333,0.0,0.6667,Store,0.062,0,0-30 ngày,5,1,1,1.0,7,New / Promising,Low,10.3244,2.9957
C0739,766,31590,2535,48,1,1,1,0,40,6,2,15,6,6,1,1,0,3,8,0,0,0,0,0,0,0,6.95,45-54,30-50K,Married/Partner,Graduate,1,1,3,35,0.1714,0.0571,0.4286,0.1714,0.1714,4,8.75,0.25,0.25,0.0,0.75,Store,0.111,0,31-60 ngày,3,1,1,1.0,5,Need Attention,Low,10.3606,3.5835
C0740,767,20425,2767,34,0,1,1,0,5,4,12,5,3,16,2,2,0,3,7,0,0,0,0,0,0,0,7.58,24-34,<30K,Married/Partner,Non-graduate,1,1,3,40,0.1,0.3,0.125,0.075,0.4,5,8.0,0.4,0.4,0.0,0.6,Store,0.196,0,0-30 ngày,5,1,1,1.0,7,New / Promising,Low,9.9246,3.7136
C0741,768,17144,2293,60,1,1,1,1,96,18,2,19,0,2,5,3,0,4,7,0,0,0,0,0,0,0,6.28,55-64,<30K,Married/Partner,Graduate,2,1,4,41,0.439,0.0488,0.4634,0.0,0.0488,7,5.86,0.7143,0.4286,0.0,0.5714,Store,0.239,0,61-99 ngày,1,2,1,1.5,4,Hibernating,Low,9.7495,3.7377
C0742,769,42564,2702,52,1,0,0,0,28,324,48,186,39,18,6,6,8,4,7,0,0,1,0,0,1,0,7.4,45-54,30-50K,Single,Graduate,0,0,1,615,0.5268,0.078,0.3024,0.0634,0.0293,18,34.17,0.3333,0.3333,0.4444,0.2222,Catalog,1.445,1,0-30 ngày,4,4,4,4.0,12,Champions,Mid,10.6588,6.4232
C0743,770,43783,2190,42,1,1,1,0,22,327,9,125,25,4,6,7,1,8,7,0,0,1,0,0,1,0,6.0,35-44,30-50K,Married/Partner,Graduate,1,1,3,490,0.6673,0.0184,0.2551,0.051,0.0082,16,30.62,0.375,0.4375,0.0625,0.5,Store,1.119,1,0-30 ngày,4,4,3,3.5,11,Loyal Customers,Mid,10.687,6.1964
C0744,771,40780,2818,44,1,0,0,0,30,229,27,71,13,3,4,7,1,5,9,0,0,0,0,0,0,0,7.72,35-44,30-50K,Single,Graduate,0,0,1,343,0.6676,0.0787,0.207,0.0379,0.0087,13,26.38,0.3077,0.5385,0.0769,0.3846,Web,0.841,0,0-30 ngày,4,3,3,3.0,10,Loyal Customers,Low,10.616,5.8406
C0745,772,62847,2689,75,1,1,0,0,45,521,168,706,80,76,1,3,6,4,2,0,0,0,0,0,0,0,7.37,65+,50-70K,Married/Partner,Graduate,0,0,2,1551,0.3359,0.1083,0.4552,0.0516,0.049,13,119.31,0.0769,0.2308,0.4615,0.3077,Catalog,2.468,0,31-60 ngày,3,3,5,4.0,11,Loyal Customers,High,11.0485,7.3473
C0746,773,82017,2758,63,1,1,0,0,58,184,23,446,30,23,1,5,4,7,2,1,0,0,1,1,3,0,7.56,55-64,70-90K,Married/Partner,Graduate,0,0,2,706,0.2606,0.0326,0.6317,0.0425,0.0326,16,44.12,0.0625,0.3125,0.25,0.4375,Store,0.861,1,31-60 ngày,3,4,4,4.0,11,Loyal Customers,Mid,11.3147,6.561
C0747,774,16813,2504,70,1,0,0,0,49,4,8,11,12,2,1,2,0,3,7,0,0,1,0,0,1,0,6.86,65+,<30K,Single,Graduate,0,0,1,37,0.1081,0.2162,0.2973,0.3243,0.0541,5,7.4,0.2,0.4,0.0,0.6,Store,0.22,1,31-60 ngày,3,1,1,1.0,5,Need Attention,Low,9.73,3.6376
C0748,775,51267,2402,42,1,1,1,1,37,183,2,64,7,2,4,3,3,5,4,0,0,0,0,0,0,0,6.58,35-44,50-70K,Married/Partner,Graduate,2,1,4,258,0.7093,0.0078,0.2481,0.0271,0.0078,11,23.45,0.3636,0.2727,0.2727,0.4545,Store,0.503,0,31-60 ngày,4,3,3,3.0,10,Loyal Customers,Low,10.8448,5.5568
C0749,776,46524,2609,59,1,0,0,0,70,31,19,35,26,14,2,1,1,5,3,0,0,0,0,0,0,0,7.15,55-64,30-50K,Single,Graduate,0,0,1,125,0.248,0.152,0.28,0.208,0.112,7,17.86,0.2857,0.1429,0.1429,0.7143,Store,0.269,0,61-99 ngày,2,2,2,2.0,6,Hibernating,Low,10.7477,4.8363
C0750,777,45183,2684,58,1,0,0,0,33,219,3,60,12,9,1,4,1,7,7,0,0,0,1,0,1,0,7.35,55-64,30-50K,Single,Graduate,0,0,1,303,0.7228,0.0099,0.198,0.0396,0.0297,12,25.25,0.0833,0.3333,0.0833,0.5833,Store,0.671,1,31-60 ngày,4,3,3,3.0,10,Loyal Customers,Low,10.7185,5.717
C0751,778,70421,2160,66,1,1,0,1,98,479,28,136,75,14,3,10,3,7,6,0,0,0,0,0,0,0,5.92,65+,70-90K,Married/Partner,Graduate,1,1,3,732,0.6544,0.0383,0.1858,0.1025,0.0191,20,36.6,0.15,0.5,0.15,0.35,Web,1.039,0,61-99 ngày,1,5,4,4.5,10,At Risk,Mid,11.1623,6.5971
C0752,779,60161,2773,55,0,0,0,0,17,584,44,212,46,8,3,11,4,8,8,0,0,0,0,0,0,0,7.6,55-64,50-70K,Single,Non-graduate,0,0,1,894,0.6532,0.0492,0.2371,0.0515,0.0089,23,38.87,0.1304,0.4783,0.1739,0.3478,Web,1.486,0,0-30 ngày,5,5,4,4.5,14,Champions,Mid,11.0048,6.7968
C0753,780,73926,2643,47,1,1,0,0,54,627,91,597,159,91,1,6,5,12,3,0,0,0,0,0,0,0,7.24,45-54,70-90K,Married/Partner,Graduate,0,0,2,1565,0.4006,0.0581,0.3815,0.1016,0.0581,23,68.04,0.0435,0.2609,0.2174,0.5217,Store,2.117,0,31-60 ngày,3,5,5,5.0,13,Loyal Customers,High,11.2108,7.3563
C0754,781,19329,2356,52,1,1,1,0,39,24,1,16,12,2,3,4,0,3,8,0,0,0,0,0,0,0,6.45,45-54,<30K,Married/Partner,Graduate,1,1,3,55,0.4364,0.0182,0.2909,0.2182,0.0364,7,7.86,0.4286,0.5714,0.0,0.4286,Web,0.285,0,31-60 ngày,4,2,2,2.0,8,New / Promising,Low,9.8694,4.0254
C0755,782,61872,2357,50,1,1,0,1,81,330,5,159,36,27,4,4,4,9,4,0,0,0,0,0,0,0,6.46,45-54,50-70K,Married/Partner,Graduate,1,1,3,557,0.5925,0.009,0.2855,0.0646,0.0485,17,32.76,0.2353,0.2353,0.2353,0.5294,Store,0.9,0,61-99 ngày,1,4,3,3.5,8,At Risk,Mid,11.0328,6.3244
C0756,783,46984,2619,64,1,0,0,0,71,19,1,10,2,1,1,1,0,3,5,0,0,0,0,0,0,0,7.18,55-64,30-50K,Single,Graduate,0,0,1,33,0.5758,0.0303,0.303,0.0606,0.0303,4,8.25,0.25,0.25,0.0,0.75,Store,0.07,0,61-99 ngày,2,1,1,1.0,4,Hibernating,Low,10.7576,3.5264
C0757,784,34838,2685,69,1,1,1,1,62,28,23,29,29,14,3,2,1,4,6,0,0,0,0,0,0,0,7.36,65+,30-50K,Married/Partner,Graduate,2,1,4,123,0.2276,0.187,0.2358,0.2358,0.1138,7,17.57,0.4286,0.2857,0.1429,0.5714,Store,0.353,0,61-99 ngày,2,2,2,2.0,6,Hibernating,Low,10.4585,4.8203
C0758,785,82716,2395,76,1,0,0,0,8,606,148,228,15,148,1,6,8,13,2,0,0,0,0,0,0,0,6.56,65+,70-90K,Single,Graduate,0,0,1,1145,0.5293,0.1293,0.1991,0.0131,0.1293,27,42.41,0.037,0.2222,0.2963,0.4815,Store,1.384,0,0-30 ngày,5,5,5,5.0,15,Champions,High,11.3232,7.044
C0759,786,48192,2608,62,1,1,0,0,76,1039,43,204,153,58,3,2,8,12,8,1,1,0,1,0,3,0,7.15,55-64,30-50K,Married/Partner,Graduate,0,0,2,1497,0.6941,0.0287,0.1363,0.1022,0.0387,22,68.05,0.1364,0.0909,0.3636,0.5455,Store,3.106,1,61-99 ngày,2,5,5,5.0,12,At Risk,High,10.783,7.3119
C0760,787,49681,2396,44,1,1,0,2,66,411,0,26,0,0,6,7,1,7,7,0,0,0,0,0,0,0,6.56,35-44,30-50K,Married/Partner,Graduate,2,1,4,437,0.9405,0.0,0.0595,0.0,0.0,15,29.13,0.4,0.4667,0.0667,0.4667,Web,0.88,0,61-99 ngày,2,3,3,3.0,8,At Risk,Mid,10.8134,6.0822
C0761,788,56850,2257,49,1,1,0,1,83,34,1,19,2,7,1,1,1,3,2,0,0,0,0,0,0,0,6.18,45-54,50-70K,Married/Partner,Graduate,1,1,3,63,0.5397,0.0159,0.3016,0.0317,0.1111,5,12.6,0.2,0.2,0.2,0.6,Store,0.111,0,61-99 ngày,1,1,2,1.5,4,Hibernating,Low,10.9482,4.1589
C0762,789,55267,2410,63,1,1,0,1,28,161,28,136,32,3,4,3,4,6,3,0,0,0,0,0,0,0,6.6,55-64,50-70K,Married/Partner,Graduate,1,1,3,360,0.4472,0.0778,0.3778,0.0889,0.0083,13,27.69,0.3077,0.2308,0.3077,0.4615,Store,0.651,0,0-30 ngày,4,3,3,3.0,10,Loyal Customers,Mid,10.9199,5.8889
C0763,790,59666,2623,48,1,1,1,1,87,623,53,178,23,17,7,3,2,8,8,0,0,0,1,0,1,0,7.19,45-54,50-70K,Married/Partner,Graduate,2,1,4,894,0.6969,0.0593,0.1991,0.0257,0.019,13,68.77,0.5385,0.2308,0.1538,0.6154,Store,1.498,1,61-99 ngày,1,3,4,3.5,8,At Risk,Mid,10.9965,6.7968
C0764,791,72504,2608,48,1,0,0,0,43,604,26,470,123,161,2,5,9,6,2,0,0,0,0,0,0,0,7.15,45-54,70-90K,Single,Graduate,0,0,1,1384,0.4364,0.0188,0.3396,0.0889,0.1163,20,69.2,0.1,0.25,0.45,0.3,Catalog,1.909,0,31-60 ngày,3,5,5,5.0,13,Loyal Customers,High,11.1914,7.2335
C0765,792,26872,2415,39,1,1,0,0,0,3,10,8,3,16,1,1,1,2,6,0,0,0,0,0,0,0,6.62,35-44,<30K,Married/Partner,Graduate,0,0,2,40,0.075,0.25,0.2,0.075,0.4,4,10.0,0.25,0.25,0.25,0.5,Store,0.149,0,0-30 ngày,5,1,1,1.0,7,New / Promising,Low,10.1989,3.7136
C0766,793,21359,2594,48,1,0,0,0,1,12,2,17,6,1,2,2,0,3,8,0,0,0,0,0,0,0,7.11,45-54,<30K,Single,Graduate,0,0,1,38,0.3158,0.0526,0.4474,0.1579,0.0263,5,7.6,0.4,0.4,0.0,0.6,Store,0.178,0,0-30 ngày,5,1,1,1.0,7,New / Promising,Low,9.9693,3.6636
C0767,794,73170,2188,45,1,0,0,0,1,184,174,256,50,30,1,5,4,6,2,0,0,0,0,0,0,0,5.99,45-54,70-90K,Single,Graduate,0,0,1,694,0.2651,0.2507,0.3689,0.072,0.0432,15,46.27,0.0667,0.3333,0.2667,0.4,Store,0.948,0,0-30 ngày,5,3,4,3.5,12,Loyal Customers,Mid,11.2006,6.5439
C0768,795,52750,2669,65,1,1,0,1,72,393,0,239,90,69,6,5,7,9,4,0,0,0,0,0,0,0,7.31,65+,50-70K,Married/Partner,Graduate,1,1,3,791,0.4968,0.0,0.3021,0.1138,0.0872,21,37.67,0.2857,0.2381,0.3333,0.4286,Store,1.5,0,61-99 ngày,2,5,4,4.5,11,At Risk,Mid,10.8733,6.6746
C0769,796,91820,2377,34,1,1,0,0,72,410,73,747,76,161,0,5,5,12,1,0,0,0,0,0,0,0,6.51,24-34,90K+,Married/Partner,Graduate,0,0,2,1467,0.2795,0.0498,0.5092,0.0518,0.1097,22,66.68,0.0,0.2273,0.2273,0.5455,Store,1.598,0,61-99 ngày,2,5,5,5.0,12,At Risk,High,11.4276,7.2917
C0770,797,65968,2207,50,1,1,0,1,12,376,9,83,19,4,2,5,4,7,3,0,0,0,0,0,0,0,6.05,45-54,50-70K,Married/Partner,Graduate,1,1,3,491,0.7658,0.0183,0.169,0.0387,0.0081,16,30.69,0.125,0.3125,0.25,0.4375,Store,0.744,0,0-30 ngày,5,4,3,3.5,12,Loyal Customers,Mid,11.0969,6.1985
C0771,798,30772,2268,44,1,1,1,1,89,7,2,4,2,1,1,1,0,2,6,0,0,0,0,0,0,0,6.21,35-44,30-50K,Married/Partner,Graduate,2,1,4,16,0.4375,0.125,0.25,0.125,0.0625,3,5.33,0.3333,0.3333,0.0,0.6667,Store,0.052,0,61-99 ngày,1,1,1,1.0,3,Hibernating,Low,10.3344,2.8332
C0772,799,22507,2741,66,1,0,0,0,67,68,0,226,51,157,3,10,2,4,9,0,0,0,0,0,0,0,7.51,65+,<30K,Single,Graduate,0,0,1,502,0.1355,0.0,0.4502,0.1016,0.3127,16,31.38,0.1875,0.625,0.125,0.25,Web,2.23,0,61-99 ngày,2,4,3,3.5,9,At Risk,Mid,10.0216,6.2206
C0773,800,65685,2251,48,1,1,0,1,54,642,14,49,0,7,1,9,2,9,5,0,0,0,0,0,0,0,6.17,45-54,50-70K,Married/Partner,Graduate,1,1,3,712,0.9017,0.0197,0.0688,0.0,0.0098,20,35.6,0.05,0.45,0.1,0.45,Web,1.084,0,31-60 ngày,3,5,4,4.5,12,Loyal Customers,Mid,11.0926,6.5695
C0774,801,25804,2460,42,0,1,1,0,34,8,7,9,13,6,2,2,0,3,8,0,0,0,0,0,0,0,6.74,35-44,<30K,Married/Partner,Non-graduate,1,1,3,43,0.186,0.1628,0.2093,0.3023,0.1395,5,8.6,0.4,0.4,0.0,0.6,Store,0.167,0,31-60 ngày,4,1,1,1.0,6,New / Promising,Low,10.1583,3.7842
C0775,802,76412,2579,40,1,0,0,0,15,840,53,804,23,71,1,5,4,8,3,1,0,0,0,1,2,0,7.07,35-44,70-90K,Single,Graduate,0,0,1,1791,0.469,0.0296,0.4489,0.0128,0.0396,17,105.35,0.0588,0.2941,0.2353,0.4706,Store,2.344,1,0-30 ngày,5,4,5,4.5,14,Champions,High,11.2439,7.4911
C0776,803,22063,2484,48,1,1,1,0,43,7,10,13,3,11,2,2,0,3,7,0,0,0,0,0,0,0,6.81,45-54,<30K,Married/Partner,Graduate,1,1,3,44,0.1591,0.2273,0.2955,0.0682,0.25,5,8.8,0.4,0.4,0.0,0.6,Store,0.199,0,31-60 ngày,3,1,2,1.5,6,Need Attention,Low,10.0017,3.8067
C0777,804,57091,2173,59,1,0,0,0,0,464,5,64,7,0,1,7,3,7,5,0,1,0,0,0,1,0,5.95,55-64,50-70K,Single,Graduate,0,0,1,540,0.8593,0.0093,0.1185,0.013,0.0,17,31.76,0.0588,0.4118,0.1765,0.4118,Web,0.946,1,0-30 ngày,5,4,3,3.5,12,Loyal Customers,Mid,10.9524,6.2934
C0778,807,78353,2598,61,0,0,0,0,51,752,122,476,39,153,1,10,2,11,8,0,0,0,0,0,0,0,7.12,55-64,70-90K,Single,Non-graduate,0,0,1,1542,0.4877,0.0791,0.3087,0.0253,0.0992,23,67.04,0.0435,0.4348,0.087,0.4783,Store,1.968,0,31-60 ngày,3,5,5,5.0,13,Loyal Customers,High,11.269,7.3415
C0779,808,93404,2577,66,1,1,1,2,97,1279,15,287,20,0,3,3,4,7,5,0,0,0,1,1,2,0,7.06,65+,90K+,Married/Partner,Graduate,3,1,5,1601,0.7989,0.0094,0.1793,0.0125,0.0,14,114.36,0.2143,0.2143,0.2857,0.5,Store,1.714,1,61-99 ngày,1,3,5,4.0,9,At Risk,High,11.4447,7.379
C0780,809,37859,2692,58,1,0,0,0,75,22,1,8,2,1,2,1,0,3,8,0,0,0,0,0,0,0,7.38,55-64,30-50K,Single,Graduate,0,0,1,34,0.6471,0.0294,0.2353,0.0588,0.0294,4,8.5,0.5,0.25,0.0,0.75,Store,0.09,0,61-99 ngày,2,1,1,1.0,4,Hibernating,Low,10.5417,3.5553
C0781,810,80995,2573,62,1,0,0,0,83,860,28,409,73,56,1,8,9,4,4,0,0,0,0,0,0,0,7.05,55-64,70-90K,Single,Graduate,0,0,1,1426,0.6031,0.0196,0.2868,0.0512,0.0393,21,67.9,0.0476,0.381,0.4286,0.1905,Catalog,1.761,0,61-99 ngày,1,5,5,5.0,11,At Risk,High,11.3022,7.2633
C0782,811,16529,2279,36,1,1,1,0,23,3,0,5,13,0,1,1,0,3,6,0,0,0,0,0,0,0,6.24,35-44,<30K,Married/Partner,Graduate,1,1,3,21,0.1429,0.0,0.2381,0.619,0.0,4,5.25,0.25,0.25,0.0,0.75,Store,0.127,0,0-30 ngày,4,1,1,1.0,6,New / Promising,Low,9.7129,3.091
C0783,812,55412,2378,44,1,0,0,0,65,10,5,28,11,1,1,2,0,3,5,0,0,0,0,0,0,0,6.52,35-44,50-70K,Single,Graduate,0,0,1,55,0.1818,0.0909,0.5091,0.2,0.0182,5,11.0,0.2,0.4,0.0,0.6,Store,0.099,0,61-99 ngày,2,1,2,1.5,5,Hibernating,Low,10.9226,4.0254
C0784,813,48789,2816,28,1,0,0,0,94,351,16,156,7,5,1,6,4,7,6,0,0,0,0,0,0,0,7.72,24-34,30-50K,Single,Graduate,0,0,1,535,0.6561,0.0299,0.2916,0.0131,0.0093,17,31.47,0.0588,0.3529,0.2353,0.4118,Store,1.097,0,61-99 ngày,1,4,3,3.5,8,At Risk,Mid,10.7953,6.2841
C0785,814,56575,2579,53,1,1,0,2,42,421,5,90,0,16,3,7,3,7,5,0,0,0,0,0,0,0,7.07,45-54,50-70K,Married/Partner,Graduate,2,1,4,532,0.7914,0.0094,0.1692,0.0,0.0301,17,31.29,0.1765,0.4118,0.1765,0.4118,Web,0.94,0,31-60 ngày,3,4,3,3.5,10,Loyal Customers,Mid,10.9433,6.2785
C0786,815,25130,2429,40,0,1,1,0,10,2,5,7,0,18,2,2,0,3,7,0,0,0,0,0,0,0,6.65,35-44,<30K,Married/Partner,Non-graduate,1,1,3,32,0.0625,0.1562,0.2188,0.0,0.5625,5,6.4,0.4,0.4,0.0,0.6,Store,0.127,0,0-30 ngày,5,1,1,1.0,7,New / Promising,Low,10.1319,3.4965
C0787,816,35441,2659,53,1,1,1,1,94,25,1,9,2,1,2,1,0,3,8,0,0,0,0,0,0,0,7.28,45-54,30-50K,Married/Partner,Graduate,2,1,4,38,0.6579,0.0263,0.2368,0.0526,0.0263,4,9.5,0.5,0.25,0.0,0.75,Store,0.107,0,61-99 ngày,1,1,1,1.0,3,Hibernating,Low,10.4757,3.6636
C0788,817,71391,2616,64,1,1,0,1,50,336,123,274,46,123,5,6,5,12,3,0,0,0,0,0,0,0,7.17,55-64,70-90K,Married/Partner,Graduate,1,1,3,902,0.3725,0.1364,0.3038,0.051,0.1364,23,39.22,0.2174,0.2609,0.2174,0.5217,Store,1.263,0,31-60 ngày,3,5,4,4.5,12,Loyal Customers,Mid,11.1759,6.8057
C0789,818,49494,2589,48,1,0,0,0,46,191,9,97,0,6,2,6,1,5,7,0,0,0,0,0,0,0,7.09,45-54,30-50K,Single,Graduate,0,0,1,303,0.6304,0.0297,0.3201,0.0,0.0198,12,25.25,0.1667,0.5,0.0833,0.4167,Web,0.612,0,31-60 ngày,3,3,3,3.0,9,Loyal Customers,Low,10.8096,5.717
C0790,819,81702,2803,40,1,0,0,0,98,563,50,774,28,31,1,7,7,12,3,0,0,0,0,0,0,0,7.68,35-44,70-90K,Single,Graduate,0,0,1,1446,0.3893,0.0346,0.5353,0.0194,0.0214,26,55.62,0.0385,0.2692,0.2692,0.4615,Store,1.77,0,61-99 ngày,1,5,5,5.0,11,At Risk,High,11.3108,7.2772
C0791,820,45889,2521,40,0,0,0,0,42,31,0,6,0,1,1,1,0,3,6,0,0,0,0,0,0,0,6.91,35-44,30-50K,Single,Non-graduate,0,0,1,38,0.8158,0.0,0.1579,0.0,0.0263,4,9.5,0.25,0.25,0.0,0.75,Store,0.083,0,31-60 ngày,3,1,1,1.0,5,Need Attention,Low,10.734,3.6636
C0792,821,56628,2259,43,1,0,0,0,30,479,5,82,7,17,2,7,6,5,5,0,0,1,0,0,1,0,6.19,35-44,50-70K,Single,Graduate,0,0,1,590,0.8119,0.0085,0.139,0.0119,0.0288,18,32.78,0.1111,0.3889,0.3333,0.2778,Web,1.042,1,0-30 ngày,4,4,4,4.0,12,Champions,Mid,10.9443,6.3818
C0793,822,34026,2487,70,1,1,1,1,11,18,6,15,12,8,3,2,1,3,5,0,0,0,0,0,0,0,6.81,65+,30-50K,Married/Partner,Graduate,2,1,4,59,0.3051,0.1017,0.2542,0.2034,0.1356,6,9.83,0.5,0.3333,0.1667,0.5,Store,0.173,0,0-30 ngày,5,2,2,2.0,9,New / Promising,Low,10.4349,4.0943
C0794,823,40049,2736,46,1,1,0,1,61,91,65,52,10,44,3,3,2,6,5,0,0,0,0,0,0,0,7.5,45-54,30-50K,Married/Partner,Graduate,1,1,3,262,0.3473,0.2481,0.1985,0.0382,0.1679,11,23.82,0.2727,0.2727,0.1818,0.5455,Store,0.654,0,61-99 ngày,2,3,3,3.0,8,At Risk,Low,10.5979,5.5722
C0795,825,19419,2755,39,1,1,1,0,76,2,14,28,16,3,4,4,0,3,9,0,0,0,0,0,0,0,7.55,35-44,<30K,Married/Partner,Graduate,1,1,3,63,0.0317,0.2222,0.4444,0.254,0.0476,7,9.0,0.5714,0.5714,0.0,0.4286,Web,0.324,0,61-99 ngày,2,2,2,2.0,6,Hibernating,Low,9.8741,4.1589
C0796,826,82504,2496,60,0,1,0,0,2,362,50,431,134,35,1,3,6,7,1,0,0,0,0,0,0,0,6.84,55-64,70-90K,Married/Partner,Non-graduate,0,0,2,1012,0.3577,0.0494,0.4259,0.1324,0.0346,16,63.25,0.0625,0.1875,0.375,0.4375,Store,1.227,0,0-30 ngày,5,4,4,4.0,13,Champions,Mid,11.3206,6.9207
C0797,827,81205,2326,50,1,1,0,0,43,724,74,929,97,55,1,5,6,7,2,0,1,1,0,1,3,0,6.37,45-54,70-90K,Married/Partner,Graduate,0,0,2,1879,0.3853,0.0394,0.4944,0.0516,0.0293,18,104.39,0.0556,0.2778,0.3333,0.3889,Store,2.314,1,31-60 ngày,3,4,5,4.5,12,Loyal Customers,High,11.3047,7.539
C0798,828,61618,2797,29,0,0,0,0,27,605,91,399,0,45,2,3,6,8,3,0,0,0,0,0,0,0,7.66,24-34,50-70K,Single,Non-graduate,0,0,1,1140,0.5307,0.0798,0.35,0.0,0.0395,17,67.06,0.1176,0.1765,0.3529,0.4706,Store,1.85,0,0-30 ngày,4,4,5,4.5,13,Champions,High,11.0287,7.0397
C0799,829,55284,2711,64,1,0,0,0,60,547,7,140,0,7,3,7,5,8,5,0,0,0,0,0,0,0,7.43,55-64,50-70K,Single,Graduate,0,0,1,701,0.7803,0.01,0.1997,0.0,0.01,20,35.05,0.15,0.35,0.25,0.4,Store,1.268,0,31-60 ngày,2,5,4,4.5,11,At Risk,Mid,10.9203,6.5539
C0800,830,49980,2408,57,1,0,0,0,79,104,1,54,13,9,2,3,1,5,5,0,0,0,0,0,0,0,6.6,55-64,30-50K,Single,Graduate,0,0,1,181,0.5746,0.0055,0.2983,0.0718,0.0497,9,20.11,0.2222,0.3333,0.1111,0.5556,Store,0.362,0,61-99 ngày,2,3,2,2.5,7,Hibernating,Low,10.8194,5.204
C0801,831,15072,2574,40,1,1,2,0,96,8,2,15,0,10,4,3,1,3,5,0,0,0,0,0,0,0,7.05,35-44,<30K,Married/Partner,Graduate,2,1,4,35,0.2286,0.0571,0.4286,0.0,0.2857,7,5.0,0.5714,0.4286,0.1429,0.4286,Web,0.232,0,61-99 ngày,1,2,1,1.5,4,Hibernating,Low,9.6207,3.5835
C0802,832,49166,2540,46,1,0,0,0,17,224,2,25,7,0,2,5,3,3,6,0,0,0,0,0,0,0,6.96,45-54,30-50K,Single,Graduate,0,0,1,258,0.8682,0.0078,0.0969,0.0271,0.0,11,23.45,0.1818,0.4545,0.2727,0.2727,Web,0.525,0,0-30 ngày,5,3,3,3.0,11,Loyal Customers,Low,10.803,5.5568
C0803,834,82347,2759,63,0,1,0,0,38,556,54,845,202,133,1,7,7,10,3,1,0,1,0,0,2,0,7.56,55-64,70-90K,Married/Partner,Non-graduate,0,0,2,1790,0.3106,0.0302,0.4721,0.1128,0.0743,24,74.58,0.0417,0.2917,0.2917,0.4167,Store,2.174,1,31-60 ngày,4,5,5,5.0,14,Champions,High,11.3187,7.4905
C0804,835,30843,2193,54,1,1,1,1,43,24,0,2,0,0,2,1,1,2,5,0,0,1,0,0,1,0,6.01,45-54,30-50K,Married/Partner,Graduate,2,1,4,26,0.9231,0.0,0.0769,0.0,0.0,4,6.5,0.5,0.25,0.25,0.5,Store,0.084,1,31-60 ngày,3,1,1,1.0,5,Need Attention,Low,10.3367,3.2958
C0805,836,46374,2263,46,1,1,0,1,1,408,0,21,0,0,3,7,1,7,8,1,0,0,1,0,2,0,6.2,45-54,30-50K,Married/Partner,Graduate,1,1,3,429,0.951,0.0,0.049,0.0,0.0,15,28.6,0.2,0.4667,0.0667,0.4667,Web,0.925,1,0-30 ngày,5,4,3,3.5,12,Loyal Customers,Mid,10.7445,6.0638
C0806,837,60474,2613,41,1,0,0,0,25,265,199,303,234,9,7,10,2,12,7,0,0,0,0,0,0,0,7.16,35-44,50-70K,Single,Graduate,0,0,1,1010,0.2624,0.197,0.3,0.2317,0.0089,24,42.08,0.2917,0.4167,0.0833,0.5,Store,1.67,0,0-30 ngày,4,5,4,4.5,13,Champions,Mid,11.01,6.9187
C0807,838,38576,2276,47,1,1,0,1,2,34,0,7,0,0,1,1,0,3,7,0,0,0,0,0,0,0,6.24,45-54,30-50K,Married/Partner,Graduate,1,1,3,41,0.8293,0.0,0.1707,0.0,0.0,4,10.25,0.25,0.25,0.0,0.75,Store,0.106,0,0-30 ngày,5,1,1,1.0,7,New / Promising,Low,10.5604,3.7377
C0808,839,55357,2654,35,1,1,2,0,66,374,64,116,84,25,3,6,2,11,5,0,0,0,0,0,0,0,7.27,35-44,50-70K,Married/Partner,Graduate,2,1,4,663,0.5641,0.0965,0.175,0.1267,0.0377,19,34.89,0.1579,0.3158,0.1053,0.5789,Store,1.198,0,61-99 ngày,2,4,4,4.0,10,At Risk,Mid,10.9216,6.4983
C0809,840,37758,2792,54,1,1,1,1,49,27,2,10,0,0,2,1,0,3,8,0,0,0,0,0,0,0,7.65,45-54,30-50K,Married/Partner,Graduate,2,1,4,39,0.6923,0.0513,0.2564,0.0,0.0,4,9.75,0.5,0.25,0.0,0.75,Store,0.103,0,31-60 ngày,3,1,1,1.0,5,Need Attention,Low,10.539,3.6889
C0810,841,85710,2579,31,0,1,0,0,5,600,20,350,29,30,1,6,9,10,2,0,0,0,0,1,1,0,7.07,24-34,70-90K,Married/Partner,Non-graduate,0,0,2,1029,0.5831,0.0194,0.3401,0.0282,0.0292,25,41.16,0.04,0.24,0.36,0.4,Store,1.201,1,0-30 ngày,5,5,4,4.5,14,Champions,Mid,11.3587,6.9373
C0811,842,23228,2313,51,1,1,1,0,71,13,2,18,6,1,2,2,0,3,8,0,0,0,0,0,0,0,6.34,45-54,<30K,Married/Partner,Graduate,1,1,3,40,0.325,0.05,0.45,0.15,0.025,5,8.0,0.4,0.4,0.0,0.6,Store,0.172,0,61-99 ngày,2,1,1,1.0,4,Hibernating,Low,10.0532,3.7136
C0812,843,44602,2293,51,1,1,1,1,35,167,2,89,0,0,6,6,1,4,8,0,0,0,0,0,0,0,6.28,45-54,30-50K,Married/Partner,Graduate,2,1,4,258,0.6473,0.0078,0.345,0.0,0.0,11,23.45,0.5455,0.5455,0.0909,0.3636,Web,0.578,0,31-60 ngày,4,3,3,3.0,10,Loyal Customers,Low,10.7056,5.5568
C0813,844,7500,2695,33,1,1,0,0,94,0,2,3,4,1,1,0,0,3,6,0,0,0,0,0,0,0,7.38,24-34,<30K,Married/Partner,Graduate,0,0,2,10,0.0,0.2,0.3,0.4,0.1,3,3.33,0.3333,0.0,0.0,1.0,Store,0.133,0,61-99 ngày,1,1,1,1.0,3,Hibernating,Low,8.9228,2.3979
C0814,845,38683,2792,31,0,1,1,0,80,46,35,69,84,41,6,4,1,6,7,0,0,0,0,0,0,0,7.65,24-34,30-50K,Married/Partner,Non-graduate,1,1,3,275,0.1673,0.1273,0.2509,0.3055,0.1491,11,25.0,0.5455,0.3636,0.0909,0.5455,Store,0.711,0,61-99 ngày,1,3,3,3.0,7,At Risk,Low,10.5632,5.6204
C0815,846,49514,2353,45,0,0,0,0,61,88,39,78,58,13,2,6,1,4,7,0,0,0,0,0,0,0,6.45,45-54,30-50K,Single,Non-graduate,0,0,1,276,0.3188,0.1413,0.2826,0.2101,0.0471,11,25.09,0.1818,0.5455,0.0909,0.3636,Web,0.557,0,61-99 ngày,2,3,3,3.0,8,At Risk,Low,10.81,5.624
C0816,847,57906,2542,47,1,1,0,1,29,243,11,119,10,3,3,4,2,8,4,0,0,0,0,0,0,0,6.96,45-54,50-70K,Married/Partner,Graduate,1,1,3,386,0.6295,0.0285,0.3083,0.0259,0.0078,14,27.57,0.2143,0.2857,0.1429,0.5714,Store,0.667,0,0-30 ngày,4,3,3,3.0,10,Loyal Customers,Mid,10.9666,5.9584
C0817,848,43456,2619,54,1,0,0,0,0,275,11,68,25,7,3,5,1,8,5,0,0,0,0,0,0,0,7.18,45-54,30-50K,Single,Graduate,0,0,1,386,0.7124,0.0285,0.1762,0.0648,0.0181,14,27.57,0.2143,0.3571,0.0714,0.5714,Store,0.888,0,0-30 ngày,5,3,3,3.0,11,Loyal Customers,Mid,10.6795,5.9584
C0818,849,19485,2437,34,1,0,0,0,80,6,0,4,0,0,1,1,0,2,7,0,0,0,0,0,0,0,6.68,24-34,<30K,Single,Graduate,0,0,1,10,0.6,0.0,0.4,0.0,0.0,3,3.33,0.3333,0.3333,0.0,0.6667,Store,0.051,0,61-99 ngày,1,1,1,1.0,3,Hibernating,Low,9.8775,2.3979
C0819,850,53172,2578,42,1,1,0,1,54,121,62,90,68,20,3,2,3,8,3,0,0,0,0,0,0,0,7.06,35-44,50-70K,Married/Partner,Graduate,1,1,3,361,0.3352,0.1717,0.2493,0.1884,0.0554,13,27.77,0.2308,0.1538,0.2308,0.6154,Store,0.679,0,31-60 ngày,3,3,3,3.0,9,Loyal Customers,Mid,10.8813,5.8916
C0820,851,30545,2779,41,1,1,1,0,71,4,12,15,19,7,2,2,0,3,7,0,0,0,0,0,0,0,7.61,35-44,30-50K,Married/Partner,Graduate,1,1,3,57,0.0702,0.2105,0.2632,0.3333,0.1228,5,11.4,0.4,0.4,0.0,0.6,Store,0.187,0,61-99 ngày,2,1,2,1.5,5,Hibernating,Low,10.327,4.0604
C0821,852,70123,2433,37,1,1,0,0,27,1308,0,396,23,0,1,5,7,4,3,0,1,0,1,0,2,0,6.67,35-44,70-90K,Married/Partner,Graduate,0,0,2,1727,0.7574,0.0,0.2293,0.0133,0.0,16,107.94,0.0625,0.3125,0.4375,0.25,Catalog,2.463,1,0-30 ngày,4,4,5,4.5,13,Champions,High,11.158,7.4547
C0822,853,62450,2333,61,1,0,0,0,61,515,47,267,62,66,2,5,5,4,3,0,0,0,1,0,1,0,6.39,55-64,50-70K,Single,Graduate,0,0,1,957,0.5381,0.0491,0.279,0.0648,0.069,14,68.36,0.1429,0.3571,0.3571,0.2857,Web,1.532,1,61-99 ngày,2,3,4,3.5,9,At Risk,Mid,11.0421,6.8648
C0823,854,21675,2177,44,1,1,1,0,55,4,0,16,17,4,3,4,0,3,7,0,0,0,0,0,0,0,5.96,35-44,<30K,Married/Partner,Graduate,1,1,3,41,0.0976,0.0,0.3902,0.4146,0.0976,7,5.86,0.4286,0.5714,0.0,0.4286,Web,0.189,0,31-60 ngày,3,2,1,1.5,6,Need Attention,Low,9.984,3.7377
C0824,855,42395,2245,39,0,0,0,0,35,48,13,57,24,15,4,3,1,4,7,0,0,0,0,0,0,0,6.15,35-44,30-50K,Single,Non-graduate,0,0,1,157,0.3057,0.0828,0.3631,0.1529,0.0955,8,19.62,0.5,0.375,0.125,0.5,Store,0.37,0,31-60 ngày,4,2,2,2.0,8,New / Promising,Low,10.6548,5.0626
C0825,856,61346,2425,42,1,1,1,0,34,562,58,168,43,16,1,5,7,10,3,0,0,0,0,0,0,0,6.64,35-44,50-70K,Married/Partner,Graduate,1,1,3,847,0.6635,0.0685,0.1983,0.0508,0.0189,22,38.5,0.0455,0.2273,0.3182,0.4545,Store,1.381,0,31-60 ngày,4,5,4,4.5,13,Champions,Mid,11.0243,6.7429
C0826,857,80812,2444,67,1,1,0,0,95,769,22,500,210,143,1,4,8,5,2,1,0,1,0,1,3,0,6.7,65+,70-90K,Married/Partner,Graduate,0,0,2,1644,0.4678,0.0134,0.3041,0.1277,0.087,17,96.71,0.0588,0.2353,0.4706,0.2941,Catalog,2.034,1,61-99 ngày,1,4,5,4.5,10,At Risk,High,11.2999,7.4055
C0827,858,42835,2523,49,1,0,0,0,64,379,4,93,12,9,7,6,6,4,6,0,0,0,0,0,0,0,6.91,45-54,30-50K,Single,Graduate,0,0,1,497,0.7626,0.008,0.1871,0.0241,0.0181,16,31.06,0.4375,0.375,0.375,0.25,Web,1.16,0,61-99 ngày,2,4,3,3.5,9,At Risk,Mid,10.6651,6.2106
C0828,859,39922,2659,37,1,1,1,0,30,29,12,59,19,1,2,3,0,4,8,0,0,0,0,0,0,0,7.28,35-44,30-50K,Married/Partner,Graduate,1,1,3,120,0.2417,0.1,0.4917,0.1583,0.0083,7,17.14,0.2857,0.4286,0.0,0.5714,Store,0.301,0,0-30 ngày,4,2,2,2.0,8,New / Promising,Low,10.5947,4.7958
C0829,860,86424,2244,64,1,0,0,0,12,387,68,569,89,45,1,6,9,12,1,0,0,0,0,0,0,0,6.15,55-64,70-90K,Single,Graduate,0,0,1,1158,0.3342,0.0587,0.4914,0.0769,0.0389,27,42.89,0.037,0.2222,0.3333,0.4444,Store,1.34,0,0-30 ngày,5,5,5,5.0,15,Champions,High,11.367,7.0553
C0830,861,17117,2687,42,0,1,1,0,96,12,23,38,30,18,4,3,1,3,9,0,0,0,0,0,0,0,7.36,35-44,<30K,Married/Partner,Non-graduate,1,1,3,121,0.0992,0.1901,0.314,0.2479,0.1488,7,17.29,0.5714,0.4286,0.1429,0.4286,Web,0.707,0,61-99 ngày,1,2,2,2.0,5,Hibernating,Low,9.7479,4.804
C0831,862,24762,2298,48,1,0,0,0,16,6,10,12,3,15,3,3,1,2,8,0,0,1,0,0,1,0,6.3,45-54,<30K,Single,Graduate,0,0,1,46,0.1304,0.2174,0.2609,0.0652,0.3261,6,7.67,0.5,0.5,0.1667,0.3333,Web,0.186,1,0-30 ngày,5,2,2,2.0,9,New / Promising,Low,10.1171,3.8501
C0832,863,35797,2780,45,1,1,0,1,16,27,1,14,4,1,2,2,0,3,8,0,0,0,0,0,0,0,7.62,45-54,30-50K,Married/Partner,Graduate,1,1,3,47,0.5745,0.0213,0.2979,0.0851,0.0213,5,9.4,0.4,0.4,0.0,0.6,Store,0.131,0,0-30 ngày,5,1,2,1.5,8,New / Promising,Low,10.4856,3.8712
C0833,864,36627,2500,45,1,0,0,0,78,9,1,5,0,0,1,0,0,3,5,0,0,0,0,0,0,0,6.85,45-54,30-50K,Single,Graduate,0,0,1,15,0.6,0.0667,0.3333,0.0,0.0,3,5.0,0.3333,0.0,0.0,1.0,Store,0.041,0,61-99 ngày,2,1,1,1.0,4,Hibernating,Low,10.5086,2.7726
C0834,865,51111,2169,39,0,1,1,1,83,22,0,19,6,5,2,2,0,3,6,0,0,0,0,0,0,0,5.94,35-44,50-70K,Married/Partner,Non-graduate,2,1,4,52,0.4231,0.0,0.3654,0.1154,0.0962,5,10.4,0.4,0.4,0.0,0.6,Store,0.102,0,61-99 ngày,1,1,2,1.5,4,Hibernating,Low,10.8418,3.9703
C0835,867,82072,2521,50,1,1,0,0,67,889,55,685,168,92,1,3,2,13,1,0,0,0,0,0,0,0,6.91,45-54,70-90K,Married/Partner,Graduate,0,0,2,1889,0.4706,0.0291,0.3626,0.0889,0.0487,18,104.94,0.0556,0.1667,0.1111,0.7222,Store,2.302,0,61-99 ngày,2,4,5,4.5,11,At Risk,High,11.3154,7.5443
C0836,868,46231,2739,67,1,0,0,0,87,189,2,55,0,5,4,6,1,4,9,0,0,0,0,0,0,0,7.5,65+,30-50K,Single,Graduate,0,0,1,251,0.753,0.008,0.2191,0.0,0.0199,11,22.82,0.3636,0.5455,0.0909,0.3636,Web,0.543,0,61-99 ngày,1,3,3,3.0,7,At Risk,Low,10.7414,5.5294
C0837,869,42243,2359,61,1,1,1,1,34,48,0,2,0,0,2,2,0,3,7,0,0,0,0,0,0,0,6.46,55-64,30-50K,Married/Partner,Graduate,2,1,4,50,0.96,0.0,0.04,0.0,0.0,5,10.0,0.4,0.4,0.0,0.6,Store,0.118,0,31-60 ngày,4,1,2,1.5,7,New / Promising,Low,10.6512,3.9318
C0838,870,51195,2613,58,1,1,1,1,46,230,14,156,82,24,8,9,2,5,8,0,0,0,0,0,0,0,7.16,55-64,50-70K,Married/Partner,Graduate,2,1,4,506,0.4545,0.0277,0.3083,0.1621,0.0474,16,31.62,0.5,0.5625,0.125,0.3125,Web,0.988,0,31-60 ngày,3,4,3,3.5,10,Loyal Customers,Mid,10.8434,6.2285
C0839,871,68092,2354,42,1,0,0,0,7,852,60,207,78,36,2,2,6,10,5,0,0,0,0,0,0,0,6.45,35-44,50-70K,Single,Graduate,0,0,1,1233,0.691,0.0487,0.1679,0.0633,0.0292,18,68.5,0.1111,0.1111,0.3333,0.5556,Store,1.811,0,0-30 ngày,5,4,5,4.5,14,Champions,High,11.1286,7.118
C0840,872,31814,2664,47,1,1,1,0,73,35,3,20,4,1,2,2,0,3,9,0,0,1,0,0,1,0,7.3,45-54,30-50K,Married/Partner,Graduate,1,1,3,63,0.5556,0.0476,0.3175,0.0635,0.0159,5,12.6,0.4,0.4,0.0,0.6,Store,0.198,1,61-99 ngày,2,1,2,1.5,5,Hibernating,Low,10.3677,4.1589
C0841,873,51390,2818,55,1,0,0,0,54,205,20,47,23,2,6,5,2,5,5,0,0,0,0,0,0,0,7.72,55-64,50-70K,Single,Graduate,0,0,1,297,0.6902,0.0673,0.1582,0.0774,0.0067,12,24.75,0.5,0.4167,0.1667,0.4167,Web,0.578,0,31-60 ngày,3,3,3,3.0,9,Loyal Customers,Low,10.8472,5.6971
C0842,874,76630,2325,37,1,1,0,0,93,255,31,446,40,56,1,3,10,11,1,0,0,0,0,0,0,0,6.37,35-44,70-90K,Married/Partner,Graduate,0,0,2,828,0.308,0.0374,0.5386,0.0483,0.0676,24,34.5,0.0417,0.125,0.4167,0.4583,Store,1.081,0,61-99 ngày,1,5,4,4.5,10,At Risk,Mid,11.2468,6.7202
C0843,875,26868,2219,29,0,0,0,0,52,0,0,1,8,3,1,1,0,2,7,0,0,0,0,0,0,0,6.08,24-34,<30K,Single,Non-graduate,0,0,1,12,0.0,0.0,0.0833,0.6667,0.25,3,4.0,0.3333,0.3333,0.0,0.6667,Store,0.045,0,31-60 ngày,3,1,1,1.0,5,Need Attention,Low,10.1987,2.5649
C0844,877,55260,2723,48,1,0,0,0,81,825,8,53,11,0,2,8,10,5,6,0,0,0,0,0,0,0,7.46,45-54,50-70K,Single,Graduate,0,0,1,897,0.9197,0.0089,0.0591,0.0123,0.0,23,39.0,0.087,0.3478,0.4348,0.2174,Catalog,1.623,0,61-99 ngày,1,5,4,4.5,10,At Risk,Mid,10.9198,6.8002
C0845,878,64090,2485,64,1,1,0,1,8,316,58,161,76,51,1,6,9,4,5,0,0,0,0,0,0,0,6.81,55-64,50-70K,Married/Partner,Graduate,1,1,3,662,0.4773,0.0876,0.2432,0.1148,0.077,19,34.84,0.0526,0.3158,0.4737,0.2105,Catalog,1.033,0,0-30 ngày,5,4,4,4.0,13,Champions,Mid,11.0681,6.4968
C0846,879,78331,2316,62,1,0,0,0,97,756,138,354,160,169,2,10,6,7,4,0,0,0,0,0,0,0,6.35,55-64,70-90K,Single,Graduate,0,0,1,1577,0.4794,0.0875,0.2245,0.1015,0.1072,23,68.57,0.087,0.4348,0.2609,0.3043,Web,2.013,0,61-99 ngày,1,5,5,5.0,11,At Risk,High,11.2687,7.3639
C0847,880,37087,2481,46,1,1,1,0,50,194,55,134,15,0,3,4,2,8,6,0,0,0,0,0,0,0,6.8,45-54,30-50K,Married/Partner,Graduate,1,1,3,398,0.4874,0.1382,0.3367,0.0377,0.0,14,28.43,0.2143,0.2857,0.1429,0.5714,Store,1.073,0,31-60 ngày,3,3,3,3.0,9,Loyal Customers,Mid,10.521,5.989
C0848,881,21846,2409,34,1,0,0,0,38,7,17,18,6,10,4,4,0,3,8,0,0,0,0,0,0,0,6.6,24-34,<30K,Single,Graduate,0,0,1,58,0.1207,0.2931,0.3103,0.1034,0.1724,7,8.29,0.5714,0.5714,0.0,0.4286,Web,0.265,0,31-60 ngày,4,2,2,2.0,8,New / Promising,Low,9.9918,4.0775
C0849,882,81320,2667,62,1,1,0,0,61,183,33,493,59,103,1,4,3,10,2,0,0,0,0,0,0,0,7.31,55-64,70-90K,Married/Partner,Graduate,0,0,2,871,0.2101,0.0379,0.566,0.0677,0.1183,17,51.24,0.0588,0.2353,0.1765,0.5882,Store,1.071,0,61-99 ngày,2,4,4,4.0,10,At Risk,Mid,11.3062,6.7708
C0850,883,54137,2476,50,1,0,0,0,46,171,0,11,0,1,2,4,1,4,6,0,0,0,0,0,0,0,6.78,45-54,50-70K,Single,Graduate,0,0,1,183,0.9344,0.0,0.0601,0.0,0.0055,9,20.33,0.2222,0.4444,0.1111,0.4444,Web,0.338,0,31-60 ngày,3,3,3,3.0,9,Loyal Customers,Low,10.8993,5.2149
C0851,884,66825,2509,53,1,1,0,0,73,243,101,405,29,40,1,4,5,6,2,0,0,0,0,0,0,0,6.87,45-54,50-70K,Married/Partner,Graduate,0,0,2,818,0.2971,0.1235,0.4951,0.0355,0.0489,15,54.53,0.0667,0.2667,0.3333,0.4,Store,1.224,0,61-99 ngày,2,4,4,4.0,10,At Risk,Mid,11.1098,6.7081
C0852,885,57100,2366,47,1,1,0,0,19,181,21,69,39,3,1,3,3,6,3,0,0,0,0,0,0,0,6.48,45-54,50-70K,Married/Partner,Graduate,0,0,2,313,0.5783,0.0671,0.2204,0.1246,0.0096,12,26.08,0.0833,0.25,0.25,0.5,Store,0.548,0,0-30 ngày,4,3,3,3.0,10,Loyal Customers,Low,10.9526,5.7494
C0853,886,58917,2621,51,1,1,1,2,10,151,7,89,0,7,5,4,1,6,5,0,0,0,0,0,0,0,7.18,45-54,50-70K,Married/Partner,Graduate,3,1,5,254,0.5945,0.0276,0.3504,0.0,0.0276,11,23.09,0.4545,0.3636,0.0909,0.5455,Store,0.431,0,0-30 ngày,5,3,3,3.0,11,Loyal Customers,Low,10.9839,5.5413
C0854,887,85072,2240,43,1,0,0,0,94,494,92,391,194,11,1,3,4,10,0,0,0,0,0,0,0,0,6.14,35-44,70-90K,Single,Graduate,0,0,1,1182,0.4179,0.0778,0.3308,0.1641,0.0093,17,69.53,0.0588,0.1765,0.2353,0.5882,Store,1.389,0,61-99 ngày,1,4,5,4.5,10,At Risk,High,11.3513,7.0758
C0855,888,86429,2379,59,1,0,0,0,10,464,28,873,29,18,0,7,4,7,2,1,0,0,0,0,1,0,6.52,55-64,70-90K,Single,Graduate,0,0,1,1412,0.3286,0.0198,0.6183,0.0205,0.0127,18,78.44,0.0,0.3889,0.2222,0.3889,Web,1.634,1,0-30 ngày,5,4,5,4.5,14,Champions,High,11.3671,7.2535
C0856,889,45684,2368,49,1,0,0,0,37,5,1,5,10,0,1,1,0,2,7,0,0,0,0,0,0,0,6.49,45-54,30-50K,Single,Graduate,0,0,1,21,0.2381,0.0476,0.2381,0.4762,0.0,3,7.0,0.3333,0.3333,0.0,0.6667,Store,0.046,0,31-60 ngày,4,1,1,1.0,6,New / Promising,Low,10.7295,3.091
C0857,890,47889,2335,46,1,1,1,0,94,29,0,29,0,5,1,2,0,3,5,0,0,0,0,0,0,0,6.4,45-54,30-50K,Married/Partner,Graduate,1,1,3,63,0.4603,0.0,0.4603,0.0,0.0794,5,12.6,0.2,0.4,0.0,0.6,Store,0.132,0,61-99 ngày,1,1,2,1.5,4,Hibernating,Low,10.7767,4.1589
C0858,891,45921,2270,34,1,1,0,0,23,102,9,49,24,3,1,2,1,6,4,0,0,0,0,0,0,0,6.22,24-34,30-50K,Married/Partner,Graduate,0,0,2,187,0.5455,0.0481,0.262,0.1283,0.016,9,20.78,0.1111,0.2222,0.1111,0.6667,Store,0.407,0,0-30 ngày,4,3,3,3.0,10,Loyal Customers,Low,10.7347,5.2364
C0859,892,78420,2524,54,1,0,0,0,75,604,28,674,91,28,1,3,10,8,1,0,0,0,0,0,0,0,6.92,45-54,70-90K,Single,Graduate,0,0,1,1425,0.4239,0.0196,0.473,0.0639,0.0196,21,67.86,0.0476,0.1429,0.4762,0.381,Catalog,1.817,0,61-99 ngày,2,5,5,5.0,12,At Risk,High,11.2698,7.2626
C0860,893,75114,2393,28,1,1,0,0,40,571,12,523,63,60,1,3,10,5,2,0,0,0,0,0,0,0,6.56,24-34,70-90K,Married/Partner,Graduate,0,0,2,1229,0.4646,0.0098,0.4255,0.0513,0.0488,18,68.28,0.0556,0.1667,0.5556,0.2778,Catalog,1.636,0,31-60 ngày,3,4,5,4.5,12,Loyal Customers,High,11.2268,7.1148
C0861,894,52278,2679,57,1,0,0,0,24,953,0,71,0,0,6,10,5,10,8,0,0,0,0,0,0,0,7.34,55-64,50-70K,Single,Graduate,0,0,1,1024,0.9307,0.0,0.0693,0.0,0.0,25,40.96,0.24,0.4,0.2,0.4,Web,1.959,0,0-30 ngày,4,5,4,4.5,13,Champions,Mid,10.8644,6.9324
C0862,895,35641,2509,48,1,1,1,0,11,63,3,67,8,9,2,3,1,4,7,0,0,0,0,0,0,0,6.87,45-54,30-50K,Married/Partner,Graduate,1,1,3,150,0.42,0.02,0.4467,0.0533,0.06,8,18.75,0.25,0.375,0.125,0.5,Store,0.421,0,0-30 ngày,5,2,2,2.0,9,New / Promising,Low,10.4813,5.0173
C0863,896,95529,2732,26,1,0,0,0,29,770,29,890,250,27,1,7,3,7,3,0,0,0,0,1,1,0,7.48,24-34,90K+,Single,Graduate,0,0,1,1966,0.3917,0.0148,0.4527,0.1272,0.0137,17,115.65,0.0588,0.4118,0.1765,0.4118,Web,2.058,1,0-30 ngày,4,4,5,4.5,13,Champions,High,11.4672,7.5843
C0864,897,62820,2573,66,1,1,0,0,51,398,61,265,138,61,1,3,4,6,1,0,0,0,0,0,0,0,7.05,65+,50-70K,Married/Partner,Graduate,0,0,2,923,0.4312,0.0661,0.2871,0.1495,0.0661,13,71.0,0.0769,0.2308,0.3077,0.4615,Store,1.469,0,31-60 ngày,3,3,4,3.5,10,Loyal Customers,Mid,11.048,6.8287
C0865,898,73113,2344,60,1,1,0,0,86,741,19,154,50,9,1,3,4,7,2,0,0,0,0,0,0,0,6.42,55-64,70-90K,Married/Partner,Graduate,0,0,2,973,0.7616,0.0195,0.1583,0.0514,0.0092,14,69.5,0.0714,0.2143,0.2857,0.5,Store,1.331,0,61-99 ngày,1,3,4,3.5,8,At Risk,Mid,11.1998,6.8814
C0866,900,42607,2383,66,0,0,0,0,30,156,29,56,30,32,2,3,2,7,3,0,0,0,0,0,0,0,6.53,65+,30-50K,Single,Non-graduate,0,0,1,303,0.5149,0.0957,0.1848,0.099,0.1056,12,25.25,0.1667,0.25,0.1667,0.5833,Store,0.711,0,0-30 ngày,4,3,3,3.0,10,Loyal Customers,Low,10.6598,5.717
C0867,901,74637,2566,66,1,0,0,0,73,960,64,464,146,0,1,6,9,9,3,1,0,0,0,0,1,0,7.03,65+,70-90K,Single,Graduate,0,0,1,1634,0.5875,0.0392,0.284,0.0894,0.0,24,68.08,0.0417,0.25,0.375,0.375,Catalog,2.189,1,61-99 ngày,2,5,5,5.0,12,At Risk,High,11.2204,7.3994
C0868,902,46015,2236,65,1,1,1,1,25,38,0,2,0,0,1,1,0,3,7,0,1,1,0,0,2,0,6.13,65+,30-50K,Married/Partner,Graduate,2,1,4,40,0.95,0.0,0.05,0.0,0.0,4,10.0,0.25,0.25,0.0,0.75,Store,0.087,1,0-30 ngày,4,1,1,1.0,6,New / Promising,Low,10.7367,3.7136
C0869,903,72354,2597,27,1,0,0,0,67,315,26,473,220,12,1,2,10,6,1,0,0,0,0,0,0,0,7.12,24-34,70-90K,Single,Graduate,0,0,1,1046,0.3011,0.0249,0.4522,0.2103,0.0115,18,58.11,0.0556,0.1111,0.5556,0.3333,Catalog,1.446,0,61-99 ngày,2,4,4,4.0,10,At Risk,Mid,11.1893,6.9537
C0870,904,39858,2680,51,1,0,0,0,67,15,20,25,2,7,1,2,0,4,6,0,0,0,0,0,0,0,7.34,45-54,30-50K,Single,Graduate,0,0,1,69,0.2174,0.2899,0.3623,0.029,0.1014,6,11.5,0.1667,0.3333,0.0,0.6667,Store,0.173,0,61-99 ngày,2,2,2,2.0,6,Hibernating,Low,10.5931,4.2485
C0871,905,34469,2215,72,1,1,1,1,58,19,6,20,0,5,3,1,1,4,4,0,0,0,0,0,0,0,6.07,65+,30-50K,Married/Partner,Graduate,2,1,4,50,0.38,0.12,0.4,0.0,0.1,6,8.33,0.5,0.1667,0.1667,0.6667,Store,0.145,0,31-60 ngày,3,2,2,2.0,7,Need Attention,Low,10.4478,3.9318
C0872,906,83033,2201,34,1,1,1,0,82,812,99,431,237,149,1,11,4,10,5,1,0,0,0,0,1,0,6.03,24-34,70-90K,Married/Partner,Graduate,1,1,3,1728,0.4699,0.0573,0.2494,0.1372,0.0862,25,69.12,0.04,0.44,0.16,0.4,Web,2.081,1,61-99 ngày,1,5,5,5.0,11,At Risk,High,11.327,7.4553
C0873,907,24401,2826,41,1,1,0,0,98,73,28,217,10,24,3,6,1,6,8,0,0,0,0,0,0,0,7.74,35-44,<30K,Married/Partner,Graduate,0,0,2,352,0.2074,0.0795,0.6165,0.0284,0.0682,13,27.08,0.2308,0.4615,0.0769,0.4615,Web,1.443,0,61-99 ngày,1,3,3,3.0,7,At Risk,Mid,10.1024,5.8665
C0874,908,77583,2298,42,1,1,0,0,93,372,23,384,250,12,1,4,5,9,2,1,0,0,0,0,1,0,6.3,35-44,70-90K,Married/Partner,Graduate,0,0,2,1041,0.3573,0.0221,0.3689,0.2402,0.0115,18,57.83,0.0556,0.2222,0.2778,0.5,Store,1.342,1,61-99 ngày,1,4,4,4.0,9,At Risk,Mid,11.2591,6.9489
C0875,909,74116,2340,38,0,0,0,0,53,871,111,704,145,55,1,4,4,10,2,0,0,0,1,0,1,0,6.41,35-44,70-90K,Single,Non-graduate,0,0,1,1886,0.4618,0.0589,0.3733,0.0769,0.0292,18,104.78,0.0556,0.2222,0.2222,0.5556,Store,2.545,1,31-60 ngày,3,4,5,4.5,12,Loyal Customers,High,11.2134,7.5427
C0876,911,68397,2383,44,1,1,0,1,6,760,80,466,17,13,1,6,9,5,3,0,0,0,0,0,0,0,6.53,35-44,50-70K,Married/Partner,Graduate,1,1,3,1336,0.5689,0.0599,0.3488,0.0127,0.0097,20,66.8,0.05,0.3,0.45,0.25,Catalog,1.953,0,0-30 ngày,5,5,5,5.0,15,Champions,High,11.1331,7.1982
C0877,912,79632,2241,46,1,1,0,0,42,471,0,510,99,21,1,6,4,9,2,0,0,0,0,0,0,0,6.14,45-54,70-90K,Married/Partner,Graduate,0,0,2,1101,0.4278,0.0,0.4632,0.0899,0.0191,19,57.95,0.0526,0.3158,0.2105,0.4737,Store,1.383,0,31-60 ngày,3,4,5,4.5,12,Loyal Customers,High,11.2852,7.0049
C0878,913,46107,2298,31,1,0,0,0,78,31,9,27,16,9,1,1,1,4,3,0,0,0,0,0,0,0,6.3,24-34,30-50K,Single,Graduate,0,0,1,92,0.337,0.0978,0.2935,0.1739,0.0978,6,15.33,0.1667,0.1667,0.1667,0.6667,Store,0.2,0,61-99 ngày,2,2,2,2.0,6,Hibernating,Low,10.7387,4.5326
C0879,914,64950,2845,69,1,0,0,0,29,819,0,72,12,0,2,11,2,10,7,0,0,0,1,0,1,0,7.79,65+,50-70K,Single,Graduate,0,0,1,903,0.907,0.0,0.0797,0.0133,0.0,23,39.26,0.087,0.4783,0.087,0.4348,Web,1.39,1,0-30 ngày,4,5,4,4.5,13,Champions,Mid,11.0814,6.8068
C0880,915,25443,2713,31,0,1,1,0,82,1,4,3,8,9,1,1,0,3,8,0,0,0,0,0,0,0,7.43,24-34,<30K,Married/Partner,Non-graduate,1,1,3,25,0.04,0.16,0.12,0.32,0.36,4,6.25,0.25,0.25,0.0,0.75,Store,0.098,0,61-99 ngày,1,1,1,1.0,3,Hibernating,Low,10.1442,3.2581
C0881,917,32892,2194,49,1,1,1,0,78,26,0,15,2,1,2,3,0,3,8,0,0,0,0,0,0,0,6.01,45-54,30-50K,Married/Partner,Graduate,1,1,3,44,0.5909,0.0,0.3409,0.0455,0.0227,6,7.33,0.3333,0.5,0.0,0.5,Web,0.134,0,61-99 ngày,2,2,2,2.0,6,Hibernating,Low,10.401,3.8067
C0882,918,71796,2407,49,1,1,0,0,54,354,21,311,167,75,1,9,3,4,4,0,0,0,0,0,0,0,6.59,45-54,70-90K,Married/Partner,Graduate,0,0,2,928,0.3815,0.0226,0.3351,0.18,0.0808,16,58.0,0.0625,0.5625,0.1875,0.25,Web,1.293,0,31-60 ngày,3,4,4,4.0,11,Loyal Customers,Mid,11.1816,6.8341
C0883,919,67536,2562,50,1,1,0,1,45,1253,0,447,23,71,3,11,5,11,8,1,0,0,0,0,1,0,7.02,45-54,50-70K,Married/Partner,Graduate,1,1,3,1794,0.6984,0.0,0.2492,0.0128,0.0396,27,66.44,0.1111,0.4074,0.1852,0.4074,Web,2.656,1,31-60 ngày,3,5,5,5.0,13,Loyal Customers,High,11.1204,7.4928
C0884,920,55239,2509,49,1,0,0,0,59,371,17,238,23,24,3,7,5,11,5,0,0,0,0,0,0,0,6.87,45-54,50-70K,Single,Graduate,0,0,1,673,0.5513,0.0253,0.3536,0.0342,0.0357,23,29.26,0.1304,0.3043,0.2174,0.4783,Store,1.218,0,31-60 ngày,2,5,4,4.5,11,At Risk,Mid,10.9194,6.5132
C0885,921,60554,2483,45,1,0,0,0,8,588,7,76,110,15,2,8,4,9,6,0,0,0,0,0,0,0,6.8,45-54,50-70K,Single,Graduate,0,0,1,796,0.7387,0.0088,0.0955,0.1382,0.0188,21,37.9,0.0952,0.381,0.1905,0.4286,Store,1.315,0,0-30 ngày,5,5,4,4.5,14,Champions,Mid,11.0113,6.6809
C0886,922,64831,2543,68,0,0,0,0,51,480,86,249,75,86,8,6,3,5,6,0,0,0,0,0,0,0,6.97,65+,50-70K,Single,Non-graduate,0,0,1,976,0.4918,0.0881,0.2551,0.0768,0.0881,14,69.71,0.5714,0.4286,0.2143,0.3571,Web,1.505,0,31-60 ngày,3,3,4,3.5,10,Loyal Customers,Mid,11.0796,6.8845
C0887,923,56067,2503,58,1,1,0,1,51,517,12,54,16,6,2,7,4,7,5,0,0,0,0,0,0,0,6.86,55-64,50-70K,Married/Partner,Graduate,1,1,3,605,0.8545,0.0198,0.0893,0.0264,0.0099,18,33.61,0.1111,0.3889,0.2222,0.3889,Web,1.079,0,31-60 ngày,3,4,4,4.0,11,Loyal Customers,Mid,10.9343,6.4069
C0888,924,82025,2556,37,1,0,0,0,76,267,98,606,48,70,1,3,2,6,1,0,0,0,0,1,1,0,7.0,35-44,70-90K,Single,Graduate,0,0,1,1089,0.2452,0.09,0.5565,0.0441,0.0643,11,99.0,0.0909,0.2727,0.1818,0.5455,Store,1.328,1,61-99 ngày,2,3,4,3.5,9,At Risk,Mid,11.3148,6.9939
C0889,925,94384,2641,67,1,1,0,0,62,1111,24,790,160,45,0,5,8,5,2,1,0,0,1,1,3,0,7.24,65+,90K+,Married/Partner,Graduate,0,0,2,2130,0.5216,0.0113,0.3709,0.0751,0.0211,18,118.33,0.0,0.2778,0.4444,0.2778,Catalog,2.257,1,61-99 ngày,2,4,5,4.5,11,At Risk,High,11.4551,7.6643
C0890,926,14906,2713,34,0,0,0,0,86,7,7,14,7,16,3,2,1,3,7,0,0,0,0,0,0,0,7.43,24-34,<30K,Single,Non-graduate,0,0,1,51,0.1373,0.1373,0.2745,0.1373,0.3137,6,8.5,0.5,0.3333,0.1667,0.5,Store,0.342,0,61-99 ngày,1,2,2,2.0,5,Hibernating,Low,9.6096,3.9512
C0891,927,51563,2795,33,1,1,0,0,60,1166,0,48,0,0,1,4,4,10,8,0,0,0,1,1,2,0,7.66,24-34,50-70K,Married/Partner,Graduate,0,0,2,1214,0.9605,0.0,0.0395,0.0,0.0,18,67.44,0.0556,0.2222,0.2222,0.5556,Store,2.354,1,31-60 ngày,2,4,5,4.5,11,At Risk,High,10.8506,7.1025
C0892,928,57937,2292,38,0,1,0,1,56,261,42,144,55,48,3,4,4,9,3,0,0,0,0,0,0,0,6.28,35-44,50-70K,Married/Partner,Non-graduate,1,1,3,550,0.4745,0.0764,0.2618,0.1,0.0873,17,32.35,0.1765,0.2353,0.2353,0.5294,Store,0.949,0,31-60 ngày,3,4,3,3.5,10,Loyal Customers,Mid,10.9671,6.3117
C0893,929,68274,2431,41,1,0,0,0,83,135,25,51,23,25,2,4,2,5,3,0,0,0,0,0,0,0,6.66,35-44,50-70K,Single,Graduate,0,0,1,259,0.5212,0.0965,0.1969,0.0888,0.0965,11,23.55,0.1818,0.3636,0.1818,0.4545,Store,0.379,0,61-99 ngày,1,3,3,3.0,7,At Risk,Low,11.1313,5.5607
C0894,930,39771,2364,43,1,1,1,0,92,6,2,18,2,8,1,2,0,3,4,0,0,0,0,0,0,0,6.48,35-44,30-50K,Married/Partner,Graduate,1,1,3,36,0.1667,0.0556,0.5,0.0556,0.2222,5,7.2,0.2,0.4,0.0,0.6,Store,0.091,0,61-99 ngày,1,1,1,1.0,3,Hibernating,Low,10.5909,3.6109
C0895,931,67893,2795,45,0,0,0,0,31,711,28,142,49,18,2,3,2,9,8,0,0,0,0,0,0,0,7.66,45-54,50-70K,Single,Non-graduate,0,0,1,948,0.75,0.0295,0.1498,0.0517,0.019,14,67.71,0.1429,0.2143,0.1429,0.6429,Store,1.396,0,31-60 ngày,4,3,4,3.5,11,Loyal Customers,Mid,11.1257,6.8554
C0896,932,27922,2209,41,1,1,1,0,80,11,0,13,2,4,1,2,0,3,4,0,0,0,0,0,0,0,6.05,35-44,<30K,Married/Partner,Graduate,1,1,3,30,0.3667,0.0,0.4333,0.0667,0.1333,5,6.0,0.2,0.4,0.0,0.6,Store,0.107,0,61-99 ngày,1,1,1,1.0,3,Hibernating,Low,10.2372,3.434
C0897,933,52190,2211,44,1,1,1,1,39,42,0,17,0,0,3,2,1,3,5,0,0,1,0,0,1,0,6.06,35-44,50-70K,Married/Partner,Graduate,2,1,4,59,0.7119,0.0,0.2881,0.0,0.0,6,9.83,0.5,0.3333,0.1667,0.5,Store,0.113,1,31-60 ngày,4,2,2,2.0,8,New / Promising,Low,10.8627,4.0943
C0898,934,44051,2675,47,1,0,0,0,20,79,7,58,6,3,4,3,1,4,6,0,0,0,0,0,0,0,7.33,45-54,30-50K,Single,Graduate,0,0,1,153,0.5163,0.0458,0.3791,0.0392,0.0196,8,19.12,0.5,0.375,0.125,0.5,Store,0.347,0,0-30 ngày,4,2,2,2.0,8,New / Promising,Low,10.6931,5.037
C0899,935,42767,2573,49,1,0,0,0,53,20,6,43,19,5,1,3,1,2,8,0,0,0,0,0,0,0,7.05,45-54,30-50K,Single,Graduate,0,0,1,93,0.2151,0.0645,0.4624,0.2043,0.0538,6,15.5,0.1667,0.5,0.1667,0.3333,Web,0.217,0,31-60 ngày,3,2,2,2.0,7,Need Attention,Low,10.6635,4.5433
C0900,936,46106,2208,44,1,1,1,1,84,30,0,8,2,0,1,1,1,2,6,0,0,0,0,0,0,0,6.05,35-44,30-50K,Married/Partner,Graduate,2,1,4,40,0.75,0.0,0.2,0.05,0.0,4,10.0,0.25,0.25,0.25,0.5,Store,0.087,0,61-99 ngày,1,1,1,1.0,3,Hibernating,Low,10.7387,3.7136
C0901,937,16927,2663,44,1,1,1,1,50,20,2,23,3,1,5,3,0,4,8,0,0,0,0,0,0,0,7.3,35-44,<30K,Married/Partner,Graduate,2,1,4,49,0.4082,0.0408,0.4694,0.0612,0.0204,7,7.0,0.7143,0.4286,0.0,0.5714,Store,0.289,0,31-60 ngày,3,2,2,2.0,7,Need Attention,Low,9.7367,3.912
C0902,938,59754,2734,55,1,1,0,1,96,115,27,44,4,146,3,5,2,6,5,0,0,0,0,0,0,0,7.49,55-64,50-70K,Married/Partner,Graduate,1,1,3,336,0.3423,0.0804,0.131,0.0119,0.4345,13,25.85,0.2308,0.3846,0.1538,0.4615,Store,0.562,0,61-99 ngày,1,3,3,3.0,7,At Risk,Low,10.998,5.8201
C0903,939,53700,2840,68,1,0,0,0,94,263,5,233,69,41,4,5,5,8,5,0,0,0,0,0,0,0,7.78,65+,50-70K,Single,Graduate,0,0,1,611,0.4304,0.0082,0.3813,0.1129,0.0671,18,33.94,0.2222,0.2778,0.2778,0.4444,Store,1.138,0,61-99 ngày,1,4,4,4.0,9,At Risk,Mid,10.8912,6.4167
C0904,940,59041,2212,47,1,1,1,1,25,69,2,15,2,2,2,2,0,4,5,0,0,0,0,0,0,0,6.06,45-54,50-70K,Married/Partner,Graduate,2,1,4,90,0.7667,0.0222,0.1667,0.0222,0.0222,6,15.0,0.3333,0.3333,0.0,0.6667,Store,0.152,0,0-30 ngày,4,2,2,2.0,8,New / Promising,Low,10.986,4.5109
C0905,941,54237,2587,63,1,0,0,0,48,267,3,30,4,0,4,5,2,5,6,0,0,0,0,0,0,0,7.09,55-64,50-70K,Single,Graduate,0,0,1,304,0.8783,0.0099,0.0987,0.0132,0.0,12,25.33,0.3333,0.4167,0.1667,0.4167,Web,0.561,0,31-60 ngày,3,3,3,3.0,9,Loyal Customers,Low,10.9011,5.7203
C0906,942,70647,2805,53,1,0,0,0,65,561,85,171,25,123,2,4,7,13,2,0,0,0,0,0,0,0,7.68,45-54,70-90K,Single,Graduate,0,0,1,965,0.5813,0.0881,0.1772,0.0259,0.1275,24,40.21,0.0833,0.1667,0.2917,0.5417,Store,1.366,0,61-99 ngày,2,5,4,4.5,11,At Risk,Mid,11.1655,6.8732
C0907,943,52597,2212,58,1,0,0,0,69,492,0,37,7,0,3,6,3,8,5,0,0,0,0,0,0,0,6.06,55-64,50-70K,Single,Graduate,0,0,1,536,0.9179,0.0,0.069,0.0131,0.0,17,31.53,0.1765,0.3529,0.1765,0.4706,Store,1.019,0,61-99 ngày,2,4,3,3.5,9,At Risk,Mid,10.8704,6.286
C0908,944,41021,2705,51,1,1,1,0,12,14,7,9,6,16,2,2,0,3,6,0,0,0,0,0,0,0,7.41,45-54,30-50K,Married/Partner,Graduate,1,1,3,52,0.2692,0.1346,0.1731,0.1154,0.3077,5,10.4,0.4,0.4,0.0,0.6,Store,0.127,0,0-30 ngày,5,1,2,1.5,8,New / Promising,Low,10.6219,3.9703
C0909,945,40233,2417,45,1,1,0,1,84,80,4,46,0,17,5,2,1,5,6,0,0,0,0,0,0,0,6.62,45-54,30-50K,Married/Partner,Graduate,1,1,3,147,0.5442,0.0272,0.3129,0.0,0.1156,8,18.38,0.625,0.25,0.125,0.625,Store,0.365,0,61-99 ngày,1,2,2,2.0,5,Hibernating,Low,10.6025,4.9972
C0910,946,50183,2163,40,1,1,1,1,47,97,12,84,13,10,7,3,1,6,5,0,0,0,0,0,0,0,5.93,35-44,50-70K,Married/Partner,Graduate,2,1,4,216,0.4491,0.0556,0.3889,0.0602,0.0463,10,21.6,0.7,0.3,0.1,0.6,Store,0.43,0,31-60 ngày,3,3,3,3.0,9,Loyal Customers,Low,10.8235,5.3799
C0911,947,54753,2449,61,1,1,0,1,87,197,107,227,7,59,3,5,2,11,4,0,0,0,0,0,0,0,6.71,55-64,50-70K,Married/Partner,Graduate,1,1,3,597,0.33,0.1792,0.3802,0.0117,0.0988,18,33.17,0.1667,0.2778,0.1111,0.6111,Store,1.09,0,61-99 ngày,1,4,4,4.0,9,At Risk,Mid,10.9106,6.3936
C0912,948,92955,2473,47,1,1,0,0,35,693,21,925,31,24,1,6,7,9,2,1,0,0,0,1,2,0,6.78,45-54,90K+,Married/Partner,Graduate,0,0,2,1694,0.4091,0.0124,0.546,0.0183,0.0142,22,77.0,0.0455,0.2727,0.3182,0.4091,Store,1.822,1,31-60 ngày,4,5,5,5.0,14,Champions,High,11.4399,7.4354
C0913,949,33471,2784,47,1,1,1,0,47,43,2,27,0,9,3,3,0,4,7,0,0,0,0,0,0,0,7.63,45-54,30-50K,Married/Partner,Graduate,1,1,3,81,0.5309,0.0247,0.3333,0.0,0.1111,7,11.57,0.4286,0.4286,0.0,0.5714,Store,0.242,0,31-60 ngày,3,2,2,2.0,7,Need Attention,Low,10.4185,4.4067
C0914,950,34596,2601,46,1,1,1,0,48,14,0,2,0,0,1,1,0,2,8,0,0,0,0,0,0,0,7.13,45-54,30-50K,Married/Partner,Graduate,1,1,3,16,0.875,0.0,0.125,0.0,0.0,3,5.33,0.3333,0.3333,0.0,0.6667,Store,0.046,0,31-60 ngày,3,1,1,1.0,5,Need Attention,Low,10.4515,2.8332
C0915,951,44010,2783,40,1,1,1,0,46,186,36,234,86,72,6,10,2,6,9,0,0,0,0,0,0,0,7.62,35-44,30-50K,Married/Partner,Graduate,1,1,3,614,0.3029,0.0586,0.3811,0.1401,0.1173,18,34.11,0.3333,0.5556,0.1111,0.3333,Web,1.395,0,31-60 ngày,3,4,4,4.0,11,Loyal Customers,Mid,10.6922,6.4216
C0916,952,84219,2306,32,1,1,0,0,27,434,137,400,45,137,1,3,4,10,1,0,0,0,0,0,0,0,6.32,24-34,70-90K,Married/Partner,Graduate,0,0,2,1153,0.3764,0.1188,0.3469,0.039,0.1188,17,67.82,0.0588,0.1765,0.2353,0.5882,Store,1.369,0,0-30 ngày,4,4,5,4.5,13,Champions,High,11.3412,7.051
C0917,953,40706,2687,52,1,1,2,1,37,59,0,11,4,2,4,3,0,4,7,0,0,0,0,0,0,0,7.36,45-54,30-50K,Married/Partner,Graduate,3,1,5,76,0.7763,0.0,0.1447,0.0526,0.0263,7,10.86,0.5714,0.4286,0.0,0.5714,Store,0.187,0,31-60 ngày,4,2,2,2.0,8,New / Promising,Low,10.6142,4.3438
C0918,954,15716,2753,32,0,1,1,0,8,16,5,30,8,7,3,3,0,4,8,0,0,0,0,0,0,1,7.54,24-34,<30K,Married/Partner,Non-graduate,1,1,3,66,0.2424,0.0758,0.4545,0.1212,0.1061,7,9.43,0.4286,0.4286,0.0,0.5714,Store,0.42,0,0-30 ngày,5,2,2,2.0,9,New / Promising,Low,9.6625,4.2047
C0919,955,59052,2383,61,0,0,0,0,29,230,35,75,63,57,3,7,1,7,5,0,0,0,0,0,0,0,6.53,55-64,50-70K,Single,Non-graduate,0,0,1,460,0.5,0.0761,0.163,0.137,0.1239,15,30.67,0.2,0.4667,0.0667,0.4667,Web,0.779,0,0-30 ngày,4,4,3,3.5,11,Loyal Customers,Mid,10.9862,6.1334
C0920,956,80573,2782,49,1,1,0,0,85,829,138,430,60,92,1,4,6,13,2,0,0,0,0,0,0,0,7.62,45-54,70-90K,Married/Partner,Graduate,0,0,2,1549,0.5352,0.0891,0.2776,0.0387,0.0594,23,67.35,0.0435,0.1739,0.2609,0.5652,Store,1.922,0,61-99 ngày,1,5,5,5.0,11,At Risk,High,11.2969,7.346
C0921,957,83715,2305,58,1,1,0,0,2,318,8,407,150,35,1,2,8,13,0,0,0,0,0,0,0,0,6.32,55-64,70-90K,Married/Partner,Graduate,0,0,2,918,0.3464,0.0087,0.4434,0.1634,0.0381,23,39.91,0.0435,0.087,0.3478,0.5652,Store,1.097,0,0-30 ngày,5,5,4,4.5,14,Champions,Mid,11.3352,6.8233
C0922,958,82576,2856,61,1,1,0,0,66,1206,55,445,168,18,1,2,4,12,1,0,0,0,0,1,1,0,7.82,55-64,70-90K,Married/Partner,Graduate,0,0,2,1892,0.6374,0.0291,0.2352,0.0888,0.0095,18,105.11,0.0556,0.1111,0.2222,0.6667,Store,2.291,1,61-99 ngày,2,4,5,4.5,11,At Risk,High,11.3215,7.5459
C0923,960,35704,2336,68,1,1,1,1,54,30,9,12,2,11,3,2,0,4,4,0,0,0,0,0,0,0,6.4,65+,30-50K,Married/Partner,Graduate,2,1,4,64,0.4688,0.1406,0.1875,0.0312,0.1719,6,10.67,0.5,0.3333,0.0,0.6667,Store,0.179,0,31-60 ngày,3,2,2,2.0,7,Need Attention,Low,10.483,4.1744
C0924,961,53103,2449,66,1,1,0,1,70,729,17,133,11,0,5,10,6,7,7,0,0,1,0,0,1,0,6.71,65+,50-70K,Married/Partner,Graduate,1,1,3,890,0.8191,0.0191,0.1494,0.0124,0.0,23,38.7,0.2174,0.4348,0.2609,0.3043,Web,1.676,1,61-99 ngày,2,5,4,4.5,11,At Risk,Mid,10.88,6.7923
C0925,962,46779,2511,60,0,0,0,0,55,12,1,3,0,0,1,0,1,2,4,0,0,0,0,0,0,0,6.88,55-64,30-50K,Single,Non-graduate,0,0,1,16,0.75,0.0625,0.1875,0.0,0.0,3,5.33,0.3333,0.0,0.3333,0.6667,Store,0.034,0,31-60 ngày,3,1,1,1.0,5,Need Attention,Low,10.7532,2.8332
C0926,964,33462,2485,41,1,0,0,0,78,22,3,18,0,0,1,2,0,3,7,0,0,0,0,0,0,0,6.81,35-44,30-50K,Single,Graduate,0,0,1,43,0.5116,0.0698,0.4186,0.0,0.0,5,8.6,0.2,0.4,0.0,0.6,Store,0.129,0,61-99 ngày,2,1,1,1.0,4,Hibernating,Low,10.4182,3.7842
C0927,966,80763,2477,70,1,1,0,0,17,674,168,108,192,42,1,5,11,6,3,1,0,0,0,1,2,0,6.79,65+,70-90K,Married/Partner,Graduate,0,0,2,1184,0.5693,0.1419,0.0912,0.1622,0.0355,22,53.82,0.0455,0.2273,0.5,0.2727,Catalog,1.466,1,0-30 ngày,5,5,5,5.0,15,Champions,High,11.2993,7.0775
C0928,967,65352,2471,46,1,1,0,1,43,284,3,84,4,7,2,4,2,8,4,0,0,0,0,0,0,0,6.77,45-54,50-70K,Married/Partner,Graduate,1,1,3,382,0.7435,0.0079,0.2199,0.0105,0.0183,14,27.29,0.1429,0.2857,0.1429,0.5714,Store,0.585,0,31-60 ngày,3,3,3,3.0,9,Loyal Customers,Mid,11.0876,5.948
C0929,968,82170,2375,42,1,1,0,0,13,1023,93,651,49,55,1,5,6,7,2,0,0,0,0,0,0,0,6.51,35-44,70-90K,Married/Partner,Graduate,0,0,2,1871,0.5468,0.0497,0.3479,0.0262,0.0294,18,103.94,0.0556,0.2778,0.3333,0.3889,Store,2.277,0,0-30 ngày,5,4,5,4.5,14,Champions,High,11.3166,7.5348
C0930,969,75759,2406,51,1,1,0,0,46,1394,22,708,89,91,1,9,7,9,5,1,0,1,0,1,3,0,6.59,45-54,70-90K,Married/Partner,Graduate,0,0,2,2304,0.605,0.0095,0.3073,0.0386,0.0395,25,92.16,0.04,0.36,0.28,0.36,Web,3.041,1,31-60 ngày,3,5,5,5.0,13,Loyal Customers,High,11.2353,7.7428
C0931,970,79689,2572,44,0,0,0,0,65,311,26,640,180,37,1,4,9,13,2,0,0,0,0,0,0,0,7.05,35-44,70-90K,Single,Non-graduate,0,0,1,1194,0.2605,0.0218,0.536,0.1508,0.031,26,45.92,0.0385,0.1538,0.3462,0.5,Store,1.498,0,61-99 ngày,2,5,5,5.0,12,At Risk,High,11.2859,7.0859
C0932,971,35340,2159,64,1,0,0,0,1,27,0,12,0,1,2,2,0,3,5,0,0,0,0,0,0,0,5.92,55-64,30-50K,Single,Graduate,0,0,1,40,0.675,0.0,0.3,0.0,0.025,5,8.0,0.4,0.4,0.0,0.6,Store,0.113,0,0-30 ngày,5,1,1,1.0,7,New / Promising,Low,10.4728,3.7136
C0933,972,85683,2259,66,1,0,0,0,6,1296,17,311,45,69,1,2,4,10,1,1,1,0,1,1,4,0,6.19,65+,70-90K,Single,Graduate,0,0,1,1738,0.7457,0.0098,0.1789,0.0259,0.0397,16,108.62,0.0625,0.125,0.25,0.625,Store,2.028,1,0-30 ngày,5,4,5,4.5,14,Champions,High,11.3584,7.4611
C0934,973,24884,2736,48,0,1,1,0,32,3,6,7,0,0,1,0,0,3,7,0,0,0,0,0,0,0,7.5,45-54,<30K,Married/Partner,Non-graduate,1,1,3,16,0.1875,0.375,0.4375,0.0,0.0,3,5.33,0.3333,0.0,0.0,1.0,Store,0.064,0,31-60 ngày,4,1,1,1.0,6,New / Promising,Low,10.122,2.8332
C0935,974,42021,2826,39,1,1,1,0,34,393,5,136,7,5,5,10,1,6,9,0,0,1,0,0,1,0,7.74,35-44,30-50K,Married/Partner,Graduate,1,1,3,546,0.7198,0.0092,0.2491,0.0128,0.0092,17,32.12,0.2941,0.5882,0.0588,0.3529,Web,1.299,1,31-60 ngày,4,4,3,3.5,11,Loyal Customers,Mid,10.6459,6.3044
C0936,975,64449,2290,31,1,0,0,0,70,218,63,282,137,35,4,5,3,12,4,0,0,0,0,0,0,0,6.27,24-34,50-70K,Single,Graduate,0,0,1,735,0.2966,0.0857,0.3837,0.1864,0.0476,20,36.75,0.2,0.25,0.15,0.6,Store,1.14,0,61-99 ngày,2,5,4,4.5,11,At Risk,Mid,11.0736,6.6012
C0937,976,64587,2166,66,1,0,0,0,49,66,0,16,0,6,2,1,1,4,3,0,0,0,0,0,0,0,5.93,65+,50-70K,Single,Graduate,0,0,1,88,0.75,0.0,0.1818,0.0,0.0682,6,14.67,0.3333,0.1667,0.1667,0.6667,Store,0.136,0,31-60 ngày,3,2,2,2.0,7,Need Attention,Low,11.0758,4.4886
C0938,978,75437,2391,42,1,1,0,0,25,795,0,545,95,58,1,8,4,10,6,1,0,0,0,0,1,0,6.55,35-44,70-90K,Married/Partner,Graduate,0,0,2,1493,0.5325,0.0,0.365,0.0636,0.0388,22,67.86,0.0455,0.3636,0.1818,0.4545,Store,1.979,1,0-30 ngày,4,5,5,5.0,14,Champions,High,11.2311,7.3092
C0939,980,52845,2479,47,1,1,1,0,7,384,25,292,130,41,3,8,8,6,6,0,0,1,0,0,1,0,6.79,45-54,50-70K,Married/Partner,Graduate,1,1,3,872,0.4404,0.0287,0.3349,0.1491,0.047,22,39.64,0.1364,0.3636,0.3636,0.2727,Web,1.65,1,0-30 ngày,5,5,4,4.5,14,Champions,Mid,10.8751,6.7719
C0940,981,46086,2397,64,1,0,0,0,34,244,8,32,7,2,4,3,1,8,4,0,0,0,0,0,0,0,6.57,55-64,30-50K,Single,Graduate,0,0,1,293,0.8328,0.0273,0.1092,0.0239,0.0068,12,24.42,0.3333,0.25,0.0833,0.6667,Store,0.636,0,31-60 ngày,4,3,3,3.0,10,Loyal Customers,Low,10.7383,5.6836
C0941,982,78028,2816,64,1,0,0,0,38,158,19,288,25,0,1,6,4,9,7,0,0,0,1,1,2,0,7.72,55-64,70-90K,Single,Graduate,0,0,1,490,0.3224,0.0388,0.5878,0.051,0.0,19,25.79,0.0526,0.3158,0.2105,0.4737,Store,0.628,1,31-60 ngày,4,4,3,3.5,11,Loyal Customers,Mid,11.2648,6.1964
C0942,983,95169,2422,33,1,0,0,0,1,1285,21,449,106,20,1,4,3,4,1,1,0,0,0,1,2,0,6.64,24-34,90K+,Single,Graduate,0,0,1,1881,0.6831,0.0112,0.2387,0.0564,0.0106,11,171.0,0.0909,0.3636,0.2727,0.3636,Web,1.976,1,0-30 ngày,5,3,5,4.0,13,Champions,High,11.4634,7.5401
C0943,984,56337,2618,39,0,1,1,1,25,349,16,144,28,5,5,8,5,4,8,1,0,1,0,0,2,0,7.17,35-44,50-70K,Married/Partner,Non-graduate,2,1,4,542,0.6439,0.0295,0.2657,0.0517,0.0092,17,31.88,0.2941,0.4706,0.2941,0.2353,Web,0.962,1,0-30 ngày,4,4,3,3.5,11,Loyal Customers,Mid,10.9391,6.2971
C0944,985,22434,2660,33,1,1,1,0,25,4,12,11,3,13,2,2,0,3,8,0,0,0,0,0,0,0,7.29,24-34,<30K,Married/Partner,Graduate,1,1,3,43,0.093,0.2791,0.2558,0.0698,0.3023,5,8.6,0.4,0.4,0.0,0.6,Store,0.192,0,0-30 ngày,4,1,1,1.0,6,New / Promising,Low,10.0184,3.7842
C0945,986,36930,2567,66,1,1,0,1,50,223,2,31,0,2,5,5,2,4,8,0,0,0,0,0,0,0,7.03,65+,30-50K,Married/Partner,Graduate,1,1,3,258,0.8643,0.0078,0.1202,0.0,0.0078,11,23.45,0.4545,0.4545,0.1818,0.3636,Web,0.699,0,31-60 ngày,3,3,3,3.0,9,Loyal Customers,Low,10.5168,5.5568
C0946,987,36130,2671,66,1,0,0,0,46,157,43,127,68,56,6,3,8,4,4,0,0,1,0,0,1,0,7.32,65+,30-50K,Single,Graduate,0,0,1,451,0.3481,0.0953,0.2816,0.1508,0.1242,15,30.07,0.4,0.2,0.5333,0.2667,Catalog,1.248,1,31-60 ngày,3,4,3,3.5,10,Loyal Customers,Mid,10.4949,6.1137
C0947,988,65569,2760,67,1,1,0,1,96,397,46,288,20,38,2,6,5,10,3,0,0,0,0,0,0,0,7.56,65+,50-70K,Married/Partner,Graduate,1,1,3,789,0.5032,0.0583,0.365,0.0253,0.0482,21,37.57,0.0952,0.2857,0.2381,0.4762,Store,1.203,0,61-99 ngày,1,5,4,4.5,10,At Risk,Mid,11.0909,6.672
C0948,991,36736,2574,57,1,0,0,0,52,10,0,3,0,0,1,1,0,2,6,0,0,0,0,0,0,0,7.05,55-64,30-50K,Single,Graduate,0,0,1,13,0.7692,0.0,0.2308,0.0,0.0,3,4.33,0.3333,0.3333,0.0,0.6667,Store,0.035,0,31-60 ngày,3,1,1,1.0,5,Need Attention,Low,10.5115,2.6391
C0949,992,77568,2832,41,1,1,0,1,30,1230,0,396,232,178,1,10,2,8,5,1,0,0,1,1,3,0,7.76,35-44,70-90K,Married/Partner,Graduate,1,1,3,2036,0.6041,0.0,0.1945,0.1139,0.0874,20,101.8,0.05,0.5,0.1,0.4,Web,2.625,1,0-30 ngày,4,5,5,5.0,14,Champions,High,11.2589,7.6192
C0950,993,49187,2328,44,1,1,0,1,63,81,1,31,2,1,1,1,1,5,2,0,0,0,0,0,0,0,6.38,35-44,30-50K,Married/Partner,Graduate,1,1,3,116,0.6983,0.0086,0.2672,0.0172,0.0086,7,16.57,0.1429,0.1429,0.1429,0.7143,Store,0.236,0,61-99 ngày,2,2,2,2.0,6,Hibernating,Low,10.8034,4.7622
C0951,994,30168,2638,42,1,0,0,0,51,154,20,66,0,12,7,6,1,4,9,0,0,0,0,0,0,0,7.23,35-44,30-50K,Single,Graduate,0,0,1,252,0.6111,0.0794,0.2619,0.0,0.0476,11,22.91,0.6364,0.5455,0.0909,0.3636,Web,0.835,0,31-60 ngày,3,3,3,3.0,9,Loyal Customers,Low,10.3146,5.5334
C0952,995,34053,2816,52,1,1,0,1,14,63,0,21,7,0,1,3,0,3,8,0,0,0,0,0,0,0,7.72,45-54,30-50K,Married/Partner,Graduate,1,1,3,91,0.6923,0.0,0.2308,0.0769,0.0,6,15.17,0.1667,0.5,0.0,0.5,Web,0.267,0,0-30 ngày,5,2,2,2.0,9,New / Promising,Low,10.4357,4.5218
C0953,996,38196,2231,49,1,1,1,1,20,30,0,11,0,0,3,2,0,4,5,0,0,0,0,0,0,0,6.11,45-54,30-50K,Married/Partner,Graduate,2,1,4,41,0.7317,0.0,0.2683,0.0,0.0,6,6.83,0.5,0.3333,0.0,0.6667,Store,0.107,0,0-30 ngày,4,2,1,1.5,7,New / Promising,Low,10.5505,3.7377
C0954,997,59412,2230,69,1,1,0,0,56,90,67,165,30,43,1,4,2,8,3,0,0,0,0,0,0,0,6.11,65+,50-70K,Married/Partner,Graduate,0,0,2,395,0.2278,0.1696,0.4177,0.0759,0.1089,14,28.21,0.0714,0.2857,0.1429,0.5714,Store,0.665,0,31-60 ngày,3,3,3,3.0,9,Loyal Customers,Mid,10.9923,5.9814
C0955,998,70924,2242,55,0,1,0,0,41,635,114,254,132,152,1,6,6,7,3,0,0,0,0,1,1,0,6.14,55-64,70-90K,Married/Partner,Non-graduate,0,0,2,1287,0.4934,0.0886,0.1974,0.1026,0.1181,19,67.74,0.0526,0.3158,0.3158,0.3684,Store,1.815,1,31-60 ngày,3,4,5,4.5,12,Loyal Customers,High,11.1694,7.1608
C0956,999,54165,2556,51,1,1,0,0,72,127,4,73,15,6,1,2,1,7,2,0,0,0,0,0,0,0,7.0,45-54,50-70K,Married/Partner,Graduate,0,0,2,225,0.5644,0.0178,0.3244,0.0667,0.0267,10,22.5,0.1,0.2,0.1,0.7,Store,0.415,0,61-99 ngày,2,3,3,3.0,8,At Risk,Low,10.8998,5.4205
C0957,1000,32300,2701,47,1,1,1,0,1,13,3,6,6,5,1,1,0,3,8,0,0,0,0,0,0,0,7.4,45-54,30-50K,Married/Partner,Graduate,1,1,3,33,0.3939,0.0909,0.1818,0.1818,0.1515,4,8.25,0.25,0.25,0.0,0.75,Store,0.102,0,0-30 ngày,5,1,1,1.0,7,New / Promising,Low,10.3829,3.5264
C0958,1001,20180,2653,44,1,0,0,0,27,18,42,24,15,20,1,2,1,4,7,0,0,0,0,0,0,0,7.27,35-44,<30K,Single,Graduate,0,0,1,119,0.1513,0.3529,0.2017,0.1261,0.1681,7,17.0,0.1429,0.2857,0.1429,0.5714,Store,0.59,0,0-30 ngày,4,2,2,2.0,8,New / Promising,Low,9.9125,4.7875
C0959,1002,34961,2169,47,1,1,1,0,77,45,2,26,4,1,3,3,1,3,7,0,0,0,0,0,0,0,5.94,45-54,30-50K,Married/Partner,Graduate,1,1,3,78,0.5769,0.0256,0.3333,0.0513,0.0128,7,11.14,0.4286,0.4286,0.1429,0.4286,Web,0.223,0,61-99 ngày,2,2,2,2.0,6,Hibernating,Low,10.462,4.3694
C0960,1003,28440,2516,46,1,1,1,0,87,38,1,24,0,0,1,2,0,3,8,0,0,0,0,0,0,0,6.89,45-54,<30K,Married/Partner,Graduate,1,1,3,63,0.6032,0.0159,0.381,0.0,0.0,5,12.6,0.2,0.4,0.0,0.6,Store,0.222,0,61-99 ngày,1,1,2,1.5,4,Hibernating,Low,10.2556,4.1589
C0961,1004,64504,2641,67,1,1,1,2,81,986,36,168,16,0,7,11,3,4,7,0,0,0,0,0,0,0,7.24,65+,50-70K,Married/Partner,Graduate,3,1,5,1206,0.8176,0.0299,0.1393,0.0133,0.0,18,67.0,0.3889,0.6111,0.1667,0.2222,Web,1.87,0,61-99 ngày,1,4,5,4.5,10,At Risk,High,11.0745,7.0959
C0962,1005,33564,2164,54,1,1,0,1,51,61,0,3,0,0,1,1,1,3,5,0,0,0,0,0,0,0,5.93,45-54,30-50K,Married/Partner,Graduate,1,1,3,64,0.9531,0.0,0.0469,0.0,0.0,5,12.8,0.2,0.2,0.2,0.6,Store,0.191,0,31-60 ngày,3,1,2,1.5,6,Need Attention,Low,10.4212,4.1744
C0963,1006,17345,2762,42,1,1,1,0,79,4,9,16,17,0,2,2,1,2,8,0,0,0,0,0,0,0,7.57,35-44,<30K,Married/Partner,Graduate,1,1,3,46,0.087,0.1957,0.3478,0.3696,0.0,5,9.2,0.4,0.4,0.2,0.4,Web,0.265,0,61-99 ngày,2,1,2,1.5,5,Hibernating,Low,9.7611,3.8501
C0964,1007,56320,2606,53,1,1,0,1,11,201,53,172,116,77,3,5,4,9,4,0,0,0,0,0,0,0,7.14,45-54,50-70K,Married/Partner,Graduate,1,1,3,619,0.3247,0.0856,0.2779,0.1874,0.1244,18,34.39,0.1667,0.2778,0.2222,0.5,Store,1.099,0,0-30 ngày,5,4,4,4.0,13,Champions,Mid,10.9388,6.4297
C0965,1008,28647,2471,42,1,0,0,0,54,19,8,29,0,12,1,2,2,2,7,0,0,1,0,0,1,0,6.77,35-44,<30K,Single,Graduate,0,0,1,68,0.2794,0.1176,0.4265,0.0,0.1765,6,11.33,0.1667,0.3333,0.3333,0.3333,Web,0.237,1,31-60 ngày,3,2,2,2.0,7,Need Attention,Low,10.2628,4.2341
C0966,1009,15038,2675,33,0,0,0,0,93,4,8,11,19,12,2,2,1,2,9,0,0,0,0,0,0,0,7.33,24-34,<30K,Single,Non-graduate,0,0,1,54,0.0741,0.1481,0.2037,0.3519,0.2222,5,10.8,0.4,0.4,0.2,0.4,Web,0.359,0,61-99 ngày,1,1,2,1.5,4,Hibernating,Low,9.6184,4.0073
C0967,1010,32173,2491,62,1,0,0,0,0,18,0,2,0,0,1,1,0,3,4,0,0,0,0,0,0,0,6.82,55-64,30-50K,Single,Graduate,0,0,1,20,0.9,0.0,0.1,0.0,0.0,4,5.0,0.25,0.25,0.0,0.75,Store,0.062,0,0-30 ngày,5,1,1,1.0,7,New / Promising,Low,10.3789,3.0445
C0968,1011,68316,2761,56,0,1,0,1,54,806,80,161,120,11,5,10,7,10,6,0,0,0,0,0,0,0,7.56,55-64,50-70K,Married/Partner,Non-graduate,1,1,3,1178,0.6842,0.0679,0.1367,0.1019,0.0093,27,43.63,0.1852,0.3704,0.2593,0.3704,Web,1.724,0,31-60 ngày,3,5,5,5.0,13,Loyal Customers,High,11.1319,7.0724
C0969,1012,74538,2524,49,1,1,0,0,21,380,98,733,110,112,1,8,8,5,3,0,0,0,0,1,1,0,6.92,45-54,70-90K,Married/Partner,Graduate,0,0,2,1433,0.2652,0.0684,0.5115,0.0768,0.0782,21,68.24,0.0476,0.381,0.381,0.2381,Web,1.923,1,0-30 ngày,4,5,5,5.0,14,Champions,High,11.2191,7.2682
C0970,1013,91700,2687,49,1,0,0,0,58,576,172,961,125,115,1,8,6,5,3,0,0,0,0,0,0,0,7.36,45-54,90K+,Single,Graduate,0,0,1,1949,0.2955,0.0883,0.4931,0.0641,0.059,19,102.58,0.0526,0.4211,0.3158,0.2632,Web,2.125,0,31-60 ngày,3,4,5,4.5,12,Loyal Customers,High,11.4263,7.5756
C0971,1014,68695,2163,51,1,1,0,0,3,458,81,356,106,50,1,4,4,7,2,0,0,0,0,0,0,0,5.93,45-54,50-70K,Married/Partner,Graduate,0,0,2,1051,0.4358,0.0771,0.3387,0.1009,0.0476,15,70.07,0.0667,0.2667,0.2667,0.4667,Store,1.53,0,0-30 ngày,5,4,4,4.0,13,Champions,Mid,11.1374,6.9584
C0972,1015,31056,2682,43,0,1,1,0,99,5,10,13,3,8,1,1,0,3,8,0,0,0,0,0,0,0,7.35,35-44,30-50K,Married/Partner,Non-graduate,1,1,3,39,0.1282,0.2564,0.3333,0.0769,0.2051,4,9.75,0.25,0.25,0.0,0.75,Store,0.126,0,61-99 ngày,1,1,1,1.0,3,Hibernating,Low,10.3436,3.6889
C0973,1017,28071,2828,40,1,0,0,0,65,39,33,130,41,26,2,5,1,5,8,0,0,0,0,0,0,0,7.75,35-44,<30K,Single,Graduate,0,0,1,269,0.145,0.1227,0.4833,0.1524,0.0967,11,24.45,0.1818,0.4545,0.0909,0.4545,Web,0.958,0,61-99 ngày,2,3,3,3.0,8,At Risk,Low,10.2425,5.5984
C0974,1018,37334,2282,62,1,1,1,1,44,26,1,16,2,2,4,3,0,4,4,0,0,0,0,0,0,0,6.25,55-64,30-50K,Married/Partner,Graduate,2,1,4,47,0.5532,0.0213,0.3404,0.0426,0.0426,7,6.71,0.5714,0.4286,0.0,0.5714,Store,0.126,0,31-60 ngày,3,2,2,2.0,7,Need Attention,Low,10.5277,3.8712
C0975,1019,46423,2443,48,1,0,0,0,6,68,0,16,0,0,3,2,0,4,7,0,0,0,0,0,0,0,6.69,45-54,30-50K,Single,Graduate,0,0,1,84,0.8095,0.0,0.1905,0.0,0.0,6,14.0,0.5,0.3333,0.0,0.6667,Store,0.181,0,0-30 ngày,5,2,2,2.0,9,New / Promising,Low,10.7456,4.4427
C0976,1020,37126,2250,49,1,1,1,0,9,45,3,9,4,4,1,1,2,2,6,0,0,1,0,0,1,0,6.16,45-54,30-50K,Married/Partner,Graduate,1,1,3,65,0.6923,0.0462,0.1385,0.0615,0.0615,5,13.0,0.2,0.2,0.4,0.4,Catalog,0.175,1,0-30 ngày,5,1,2,1.5,8,New / Promising,Low,10.5221,4.1897
C0977,1021,47703,2555,67,1,1,0,1,95,359,0,134,13,26,4,6,3,8,5,0,0,0,0,0,0,0,7.0,65+,30-50K,Married/Partner,Graduate,1,1,3,532,0.6748,0.0,0.2519,0.0244,0.0489,17,31.29,0.2353,0.3529,0.1765,0.4706,Store,1.115,0,61-99 ngày,1,4,3,3.5,8,At Risk,Mid,10.7728,6.2785
C0978,1022,61180,2226,61,1,1,0,1,70,403,24,29,6,24,2,5,5,6,3,0,0,1,0,0,1,0,6.1,55-64,50-70K,Married/Partner,Graduate,1,1,3,486,0.8292,0.0494,0.0597,0.0123,0.0494,16,30.38,0.125,0.3125,0.3125,0.375,Store,0.794,1,61-99 ngày,2,4,3,3.5,9,At Risk,Mid,11.0216,6.1883
C0979,1023,38998,2762,66,1,1,1,1,92,34,1,14,0,0,3,2,0,3,8,0,0,0,0,0,0,1,7.57,65+,30-50K,Married/Partner,Graduate,2,1,4,49,0.6939,0.0204,0.2857,0.0,0.0,5,9.8,0.6,0.4,0.0,0.6,Store,0.126,0,61-99 ngày,1,1,2,1.5,4,Hibernating,Low,10.5713,3.912
C0980,1025,76081,2196,58,1,1,0,0,85,292,30,415,63,33,1,4,5,4,2,1,0,0,0,0,1,0,6.02,55-64,70-90K,Married/Partner,Graduate,0,0,2,833,0.3505,0.036,0.4982,0.0756,0.0396,13,64.08,0.0769,0.3077,0.3846,0.3077,Catalog,1.095,1,61-99 ngày,1,3,4,3.5,8,At Risk,Mid,11.2396,6.7262
C0981,1026,34728,2493,34,1,1,1,0,2,14,0,16,0,0,1,1,1,2,6,0,0,0,0,0,0,0,6.83,24-34,30-50K,Married/Partner,Graduate,1,1,3,30,0.4667,0.0,0.5333,0.0,0.0,4,7.5,0.25,0.25,0.25,0.5,Store,0.086,0,0-30 ngày,5,1,1,1.0,7,New / Promising,Low,10.4553,3.434
C0982,1027,33168,2783,55,1,0,0,0,0,80,1,37,0,1,3,2,1,4,7,0,0,0,0,0,0,0,7.62,55-64,30-50K,Single,Graduate,0,0,1,119,0.6723,0.0084,0.3109,0.0,0.0084,7,17.0,0.4286,0.2857,0.1429,0.5714,Store,0.359,0,0-30 ngày,5,2,2,2.0,9,New / Promising,Low,10.4094,4.7875
C0983,1028,33585,2436,54,1,1,0,1,91,30,11,33,13,6,1,2,0,4,4,0,0,0,0,0,0,0,6.67,45-54,30-50K,Married/Partner,Graduate,1,1,3,93,0.3226,0.1183,0.3548,0.1398,0.0645,6,15.5,0.1667,0.3333,0.0,0.6667,Store,0.277,0,61-99 ngày,1,2,2,2.0,5,Hibernating,Low,10.4219,4.5433
C0984,1029,77037,2418,60,1,1,0,1,3,463,96,333,168,53,1,7,7,12,3,0,0,0,0,0,0,0,6.62,55-64,70-90K,Married/Partner,Graduate,1,1,3,1113,0.416,0.0863,0.2992,0.1509,0.0476,26,42.81,0.0385,0.2692,0.2692,0.4615,Store,1.445,0,0-30 ngày,5,5,5,5.0,15,Champions,High,11.2521,7.0157
C0985,1030,35196,2752,36,1,1,1,0,68,75,12,141,43,39,6,6,1,5,8,0,0,0,0,0,0,0,7.54,35-44,30-50K,Married/Partner,Graduate,1,1,3,310,0.2419,0.0387,0.4548,0.1387,0.1258,12,25.83,0.5,0.5,0.0833,0.4167,Web,0.881,0,61-99 ngày,2,3,3,3.0,8,At Risk,Low,10.4687,5.7398
C0986,1031,44529,2518,54,1,1,0,1,98,538,13,91,17,6,6,6,2,11,5,0,0,0,1,0,1,0,6.9,45-54,30-50K,Married/Partner,Graduate,1,1,3,665,0.809,0.0195,0.1368,0.0256,0.009,19,35.0,0.3158,0.3158,0.1053,0.5789,Store,1.493,1,61-99 ngày,1,4,4,4.0,9,At Risk,Mid,10.7039,6.5013
C0987,1033,28764,2183,54,1,1,1,1,16,8,0,3,0,0,1,1,0,2,8,0,0,1,0,0,1,0,5.98,45-54,<30K,Married/Partner,Graduate,2,1,4,11,0.7273,0.0,0.2727,0.0,0.0,3,3.67,0.3333,0.3333,0.0,0.6667,Store,0.038,1,0-30 ngày,5,1,1,1.0,7,New / Promising,Low,10.2669,2.4849
C0988,1034,69098,2657,71,1,1,0,0,82,1315,22,780,145,0,1,7,8,9,5,0,0,0,0,0,0,0,7.28,65+,50-70K,Married/Partner,Graduate,0,0,2,2262,0.5813,0.0097,0.3448,0.0641,0.0,24,94.25,0.0417,0.2917,0.3333,0.375,Store,3.274,0,61-99 ngày,1,5,5,5.0,11,At Risk,High,11.1433,7.7244
C0989,1035,25959,2659,50,0,0,0,0,1,4,2,12,7,5,2,1,2,2,6,0,0,0,0,0,0,0,7.28,45-54,<30K,Single,Non-graduate,0,0,1,30,0.1333,0.0667,0.4,0.2333,0.1667,5,6.0,0.4,0.2,0.4,0.4,Catalog,0.116,0,0-30 ngày,5,1,1,1.0,7,New / Promising,Low,10.1643,3.434
C0990,1036,27100,2609,37,1,1,1,0,64,12,0,13,2,0,1,1,0,3,7,0,0,0,0,0,0,0,7.15,35-44,<30K,Married/Partner,Graduate,1,1,3,27,0.4444,0.0,0.4815,0.0741,0.0,4,6.75,0.25,0.25,0.0,0.75,Store,0.1,0,61-99 ngày,2,1,1,1.0,4,Hibernating,Low,10.2073,3.3322
C0991,1037,70596,2791,35,1,0,0,0,68,347,44,534,17,0,1,3,5,12,2,0,0,0,0,0,0,0,7.65,35-44,70-90K,Single,Graduate,0,0,1,942,0.3684,0.0467,0.5669,0.018,0.0,20,47.1,0.05,0.15,0.25,0.6,Store,1.334,0,61-99 ngày,2,5,4,4.5,11,At Risk,Mid,11.1647,6.8491
C0992,1038,42557,2828,46,1,1,0,1,98,192,5,53,0,5,4,6,1,4,8,0,0,0,0,0,0,0,7.75,45-54,30-50K,Married/Partner,Graduate,1,1,3,255,0.7529,0.0196,0.2078,0.0,0.0196,11,23.18,0.3636,0.5455,0.0909,0.3636,Web,0.599,0,61-99 ngày,1,3,3,3.0,7,At Risk,Low,10.6586,5.5452
C0993,1039,53312,2483,69,1,1,0,0,32,241,0,12,0,0,1,5,1,5,7,0,0,0,0,0,0,0,6.8,65+,50-70K,Married/Partner,Graduate,0,0,2,253,0.9526,0.0,0.0474,0.0,0.0,11,23.0,0.0909,0.4545,0.0909,0.4545,Web,0.475,0,31-60 ngày,4,3,3,3.0,10,Loyal Customers,Low,10.8839,5.5373
C0994,1040,72228,2738,68,1,0,0,0,87,631,28,491,30,14,1,6,7,8,3,0,0,0,0,0,0,0,7.5,65+,70-90K,Single,Graduate,0,0,1,1194,0.5285,0.0235,0.4112,0.0251,0.0117,21,56.86,0.0476,0.2857,0.3333,0.381,Store,1.653,0,61-99 ngày,1,5,5,5.0,11,At Risk,High,11.1876,7.0859
C0995,1041,67605,2614,33,1,1,0,0,84,336,28,282,184,54,1,2,8,6,1,0,0,0,0,0,0,0,7.16,24-34,50-70K,Married/Partner,Graduate,0,0,2,884,0.3801,0.0317,0.319,0.2081,0.0611,16,55.25,0.0625,0.125,0.5,0.375,Catalog,1.308,0,61-99 ngày,1,4,4,4.0,9,At Risk,Mid,11.1215,6.7856
C0996,1042,62845,2795,71,1,1,1,1,3,1099,0,45,0,0,11,3,4,10,8,0,0,0,1,0,1,0,7.66,65+,50-70K,Married/Partner,Graduate,2,1,4,1144,0.9607,0.0,0.0393,0.0,0.0,17,67.29,0.6471,0.1765,0.2353,0.5882,Store,1.82,1,0-30 ngày,5,4,5,4.5,14,Champions,High,11.0484,7.0432
C0997,1043,65196,2498,62,1,1,0,2,34,743,19,181,12,0,2,7,6,11,5,0,0,1,0,0,1,0,6.84,55-64,50-70K,Married/Partner,Graduate,2,1,4,955,0.778,0.0199,0.1895,0.0126,0.0,24,39.79,0.0833,0.2917,0.25,0.4583,Store,1.465,1,31-60 ngày,4,5,4,4.5,13,Champions,Mid,11.0852,6.8628
C0998,1044,42000,2694,33,1,0,0,0,23,124,83,267,85,59,2,5,2,11,5,0,0,0,0,0,0,0,7.38,24-34,30-50K,Single,Graduate,0,0,1,618,0.2006,0.1343,0.432,0.1375,0.0955,18,34.33,0.1111,0.2778,0.1111,0.6111,Store,1.471,0,0-30 ngày,4,4,4,4.0,12,Champions,Mid,10.6454,6.4281
C0999,1046,65526,2238,56,1,1,0,1,22,397,19,69,12,0,1,4,4,8,2,0,0,0,0,0,0,0,6.13,55-64,50-70K,Married/Partner,Graduate,1,1,3,497,0.7988,0.0382,0.1388,0.0241,0.0,16,31.06,0.0625,0.25,0.25,0.5,Store,0.758,0,0-30 ngày,4,4,3,3.5,11,Loyal Customers,Mid,11.0902,6.2106
C1000,1047,16860,2814,59,1,1,1,1,19,10,4,4,3,3,3,1,1,3,7,0,0,0,0,0,0,0,7.71,55-64,<30K,Married/Partner,Graduate,2,1,4,24,0.4167,0.1667,0.1667,0.125,0.125,5,4.8,0.6,0.2,0.2,0.6,Store,0.142,0,0-30 ngày,4,1,1,1.0,6,New / Promising,Low,9.7328,3.2189
C1001,1048,83528,2218,28,1,0,0,0,7,530,117,678,134,44,1,4,10,8,1,1,0,1,0,0,2,0,6.08,24-34,70-90K,Single,Graduate,0,0,1,1503,0.3526,0.0778,0.4511,0.0892,0.0293,22,68.32,0.0455,0.1818,0.4545,0.3636,Catalog,1.799,1,0-30 ngày,5,5,5,5.0,15,Champions,High,11.3329,7.3159
C1002,1049,64176,2854,55,0,0,0,0,52,1215,33,249,64,116,8,8,9,8,6,0,0,0,0,0,0,0,7.82,55-64,50-70K,Single,Non-graduate,0,0,1,1677,0.7245,0.0197,0.1485,0.0382,0.0692,25,67.08,0.32,0.32,0.36,0.32,Catalog,2.613,0,31-60 ngày,3,5,5,5.0,13,Loyal Customers,High,11.0694,7.4254
C1003,1050,22304,2853,64,1,0,0,0,91,3,2,7,0,4,1,1,0,2,8,0,0,0,0,0,0,0,7.82,55-64,<30K,Single,Graduate,0,0,1,16,0.1875,0.125,0.4375,0.0,0.25,3,5.33,0.3333,0.3333,0.0,0.6667,Store,0.072,0,61-99 ngày,1,1,1,1.0,3,Hibernating,Low,10.0126,2.8332
C1004,1051,67023,2276,42,1,1,0,0,93,444,44,382,11,8,1,3,7,13,2,0,0,0,0,0,0,1,6.24,35-44,50-70K,Married/Partner,Graduate,0,0,2,889,0.4994,0.0495,0.4297,0.0124,0.009,23,38.65,0.0435,0.1304,0.3043,0.5652,Store,1.326,0,61-99 ngày,1,5,4,4.5,10,At Risk,Mid,11.1128,6.7912
C1005,1053,70713,2732,54,1,1,0,1,23,736,114,279,82,76,6,5,6,8,3,0,0,0,0,0,0,0,7.48,45-54,70-90K,Married/Partner,Graduate,1,1,3,1287,0.5719,0.0886,0.2168,0.0637,0.0591,19,67.74,0.3158,0.2632,0.3158,0.4211,Store,1.82,0,0-30 ngày,4,4,5,4.5,13,Champions,High,11.1664,7.1608
C1006,1054,59925,2735,65,1,1,0,1,83,473,21,176,19,21,3,9,2,9,6,0,0,0,0,0,0,0,7.49,65+,50-70K,Married/Partner,Graduate,1,1,3,710,0.6662,0.0296,0.2479,0.0268,0.0296,20,35.5,0.15,0.45,0.1,0.45,Web,1.185,0,61-99 ngày,1,5,4,4.5,10,At Risk,Mid,11.0009,6.5667
C1007,1055,39722,2284,67,1,1,0,1,92,32,0,5,2,0,2,2,0,3,5,0,0,0,0,0,0,0,6.26,65+,30-50K,Married/Partner,Graduate,1,1,3,39,0.8205,0.0,0.1282,0.0513,0.0,5,7.8,0.4,0.4,0.0,0.6,Store,0.098,0,61-99 ngày,1,1,1,1.0,3,Hibernating,Low,10.5897,3.6889
C1008,1056,46610,2505,62,1,1,0,0,4,288,10,30,4,10,1,6,1,6,6,0,0,0,0,0,0,0,6.86,55-64,30-50K,Married/Partner,Graduate,0,0,2,342,0.8421,0.0292,0.0877,0.0117,0.0292,13,26.31,0.0769,0.4615,0.0769,0.4615,Web,0.734,0,0-30 ngày,5,3,3,3.0,11,Loyal Customers,Low,10.7496,5.8377
C1009,1057,88347,2520,59,1,1,0,0,32,1050,178,555,77,138,1,4,7,9,1,1,0,0,0,0,1,0,6.9,55-64,70-90K,Married/Partner,Graduate,0,0,2,1998,0.5255,0.0891,0.2778,0.0385,0.0691,20,99.9,0.05,0.2,0.35,0.45,Store,2.262,1,31-60 ngày,4,5,5,5.0,14,Champions,High,11.389,7.6004
C1010,1058,87171,2583,39,1,1,0,0,27,1001,44,107,58,44,1,6,7,11,2,0,0,1,0,1,2,0,7.08,35-44,70-90K,Married/Partner,Graduate,0,0,2,1254,0.7982,0.0351,0.0853,0.0463,0.0351,24,52.25,0.0417,0.25,0.2917,0.4583,Store,1.439,1,0-30 ngày,4,5,5,5.0,14,Champions,High,11.3756,7.1349
C1011,1059,26907,2472,44,0,1,1,1,10,9,1,7,0,3,2,1,0,3,7,0,0,0,0,0,0,0,6.77,35-44,<30K,Married/Partner,Non-graduate,2,1,4,20,0.45,0.05,0.35,0.0,0.15,4,5.0,0.5,0.25,0.0,0.75,Store,0.074,0,0-30 ngày,5,1,1,1.0,7,New / Promising,Low,10.2002,3.0445
C1012,1060,50014,2317,52,1,0,0,0,9,234,14,77,19,10,2,4,1,8,5,0,0,0,0,0,0,0,6.35,45-54,50-70K,Single,Graduate,0,0,1,354,0.661,0.0395,0.2175,0.0537,0.0282,13,27.23,0.1538,0.3077,0.0769,0.6154,Store,0.708,0,0-30 ngày,5,3,3,3.0,11,Loyal Customers,Mid,10.8201,5.8721
C1013,1061,41014,2592,42,1,1,1,0,65,7,2,6,2,0,1,1,0,2,7,0,0,0,0,0,0,0,7.1,35-44,30-50K,Married/Partner,Graduate,1,1,3,17,0.4118,0.1176,0.3529,0.1176,0.0,3,5.67,0.3333,0.3333,0.0,0.6667,Store,0.041,0,61-99 ngày,2,1,1,1.0,4,Hibernating,Low,10.6217,2.8904
C1014,1062,66294,2263,55,1,0,0,0,68,251,108,334,65,92,1,4,3,5,2,0,0,0,0,0,0,0,6.2,55-64,50-70K,Single,Graduate,0,0,1,850,0.2953,0.1271,0.3929,0.0765,0.1082,12,70.83,0.0833,0.3333,0.25,0.4167,Store,1.282,0,61-99 ngày,2,3,4,3.5,9,At Risk,Mid,11.1019,6.7464
C1015,1063,36715,2748,49,1,1,1,0,16,172,10,125,21,13,6,7,2,4,9,0,0,0,0,0,0,0,7.53,45-54,30-50K,Married/Partner,Graduate,1,1,3,341,0.5044,0.0293,0.3666,0.0616,0.0381,13,26.23,0.4615,0.5385,0.1538,0.3077,Web,0.929,0,0-30 ngày,5,3,3,3.0,11,Loyal Customers,Low,10.511,5.8348
C1016,1064,79456,2835,64,1,1,0,0,12,565,42,548,64,83,1,5,6,4,3,0,0,0,0,0,0,0,7.77,55-64,70-90K,Married/Partner,Graduate,0,0,2,1302,0.4339,0.0323,0.4209,0.0492,0.0637,15,86.8,0.0667,0.3333,0.4,0.2667,Catalog,1.639,0,0-30 ngày,5,4,5,4.5,14,Champions,High,11.283,7.1724
C1017,1065,40479,2475,38,1,1,1,0,95,5,0,8,2,0,1,0,0,3,4,0,0,0,0,0,0,0,6.78,35-44,30-50K,Married/Partner,Graduate,1,1,3,15,0.3333,0.0,0.5333,0.1333,0.0,3,5.0,0.3333,0.0,0.0,1.0,Store,0.037,0,61-99 ngày,1,1,1,1.0,3,Hibernating,Low,10.6086,2.7726
C1018,1066,75345,2671,50,1,0,0,0,16,918,57,842,99,38,1,5,8,6,3,1,0,0,0,0,1,0,7.32,45-54,70-90K,Single,Graduate,0,0,1,1954,0.4698,0.0292,0.4309,0.0507,0.0194,19,102.84,0.0526,0.2632,0.4211,0.3158,Catalog,2.593,1,0-30 ngày,5,4,5,4.5,14,Champions,High,11.2298,7.5781
C1019,1067,54233,2669,43,1,1,0,1,46,652,8,158,21,0,4,11,6,5,8,0,0,0,0,0,0,0,7.31,35-44,50-70K,Married/Partner,Graduate,1,1,3,839,0.7771,0.0095,0.1883,0.025,0.0,22,38.14,0.1818,0.5,0.2727,0.2273,Web,1.547,0,31-60 ngày,3,5,4,4.5,12,Loyal Customers,Mid,10.9011,6.7334
C1020,1068,24163,2419,50,1,0,0,0,3,4,1,7,2,1,2,1,0,3,4,0,0,0,0,0,0,0,6.63,45-54,<30K,Single,Graduate,0,0,1,15,0.2667,0.0667,0.4667,0.1333,0.0667,4,3.75,0.5,0.25,0.0,0.75,Store,0.062,0,0-30 ngày,5,1,1,1.0,7,New / Promising,Low,10.0926,2.7726
C1021,1069,84460,2700,62,1,1,0,0,80,152,27,103,106,54,0,9,9,4,5,1,1,0,1,1,4,0,7.4,55-64,70-90K,Married/Partner,Graduate,0,0,2,442,0.3439,0.0611,0.233,0.2398,0.1222,22,20.09,0.0,0.4091,0.4091,0.1818,Web,0.523,1,61-99 ngày,1,5,3,4.0,9,At Risk,Mid,11.344,6.0936
C1022,1070,43776,2216,37,1,1,1,0,77,8,0,9,2,1,1,1,0,2,6,0,0,0,0,0,0,0,6.07,35-44,30-50K,Married/Partner,Graduate,1,1,3,20,0.4,0.0,0.45,0.1,0.05,3,6.67,0.3333,0.3333,0.0,0.6667,Store,0.046,0,61-99 ngày,2,1,1,1.0,4,Hibernating,Low,10.6869,3.0445
C1023,1071,71691,2263,62,1,0,0,0,0,336,130,411,240,32,1,4,7,5,2,0,0,0,0,0,0,0,6.2,55-64,70-90K,Single,Graduate,0,0,1,1149,0.2924,0.1131,0.3577,0.2089,0.0279,16,71.81,0.0625,0.25,0.4375,0.3125,Catalog,1.603,0,0-30 ngày,5,4,5,4.5,14,Champions,High,11.1801,7.0475
C1024,1072,85844,2190,47,1,1,0,0,62,938,19,843,25,95,1,6,6,7,2,0,0,0,0,1,1,0,6.0,45-54,70-90K,Married/Partner,Graduate,0,0,2,1920,0.4885,0.0099,0.4391,0.013,0.0495,19,101.05,0.0526,0.3158,0.3158,0.3684,Store,2.237,1,61-99 ngày,2,4,5,4.5,11,At Risk,High,11.3603,7.5606
C1025,1073,39190,2223,46,1,0,0,0,91,68,8,18,19,8,2,2,1,4,5,0,0,0,0,0,0,0,6.09,45-54,30-50K,Single,Graduate,0,0,1,121,0.562,0.0661,0.1488,0.157,0.0661,7,17.29,0.2857,0.2857,0.1429,0.5714,Store,0.309,0,61-99 ngày,1,2,2,2.0,5,Hibernating,Low,10.5762,4.804
C1026,1076,57236,2268,55,1,1,1,1,22,105,0,9,2,1,3,2,1,4,3,0,0,0,0,0,0,0,6.21,55-64,50-70K,Married/Partner,Graduate,2,1,4,117,0.8974,0.0,0.0769,0.0171,0.0085,7,16.71,0.4286,0.2857,0.1429,0.5714,Store,0.204,0,0-30 ngày,4,2,2,2.0,8,New / Promising,Low,10.955,4.7707
C1027,1077,61825,2485,41,1,0,0,0,56,162,50,100,55,30,1,4,2,8,4,0,0,0,0,0,0,0,6.81,35-44,50-70K,Single,Graduate,0,0,1,397,0.4081,0.1259,0.2519,0.1385,0.0756,14,28.36,0.0714,0.2857,0.1429,0.5714,Store,0.642,0,31-60 ngày,3,3,3,3.0,9,Loyal Customers,Mid,11.0321,5.9865
C1028,1078,79803,2186,62,1,0,0,0,54,574,8,216,21,16,1,4,3,5,1,0,0,0,0,0,0,0,5.99,55-64,70-90K,Single,Graduate,0,0,1,835,0.6874,0.0096,0.2587,0.0251,0.0192,12,69.58,0.0833,0.3333,0.25,0.4167,Store,1.046,0,31-60 ngày,3,3,4,3.5,10,Loyal Customers,Mid,11.2873,6.7286
C1029,1079,80910,2765,34,0,0,0,0,71,160,80,369,67,39,1,3,3,8,1,0,0,0,0,0,0,0,7.58,24-34,70-90K,Single,Non-graduate,0,0,1,715,0.2238,0.1119,0.5161,0.0937,0.0545,14,51.07,0.0714,0.2143,0.2143,0.5714,Store,0.884,0,61-99 ngày,2,3,4,3.5,9,At Risk,Mid,11.3011,6.5737
C1030,1080,27590,2591,38,1,1,1,0,38,6,0,5,0,0,1,1,0,2,7,0,0,0,0,0,0,0,7.1,35-44,<30K,Married/Partner,Graduate,1,1,3,11,0.5455,0.0,0.4545,0.0,0.0,3,3.67,0.3333,0.3333,0.0,0.6667,Store,0.04,0,31-60 ngày,4,1,1,1.0,6,New / Promising,Low,10.2252,2.4849
C1031,1081,56775,2702,41,1,1,0,1,62,614,35,160,58,35,2,5,8,10,5,0,0,0,0,0,0,0,7.4,35-44,50-70K,Married/Partner,Graduate,1,1,3,902,0.6807,0.0388,0.1774,0.0643,0.0388,23,39.22,0.087,0.2174,0.3478,0.4348,Store,1.589,0,61-99 ngày,2,5,4,4.5,11,At Risk,Mid,10.9469,6.8057
C1032,1082,83829,2423,45,1,0,0,0,78,897,161,430,186,161,0,4,7,6,1,1,0,1,0,1,3,0,6.64,45-54,70-90K,Single,Graduate,0,0,1,1835,0.4888,0.0877,0.2343,0.1014,0.0877,17,107.94,0.0,0.2353,0.4118,0.3529,Catalog,2.189,1,61-99 ngày,2,4,5,4.5,11,At Risk,High,11.3365,7.5153
C1033,1083,54210,2564,41,0,1,0,1,18,70,54,109,80,9,2,4,1,7,5,0,0,0,0,0,0,0,7.02,35-44,50-70K,Married/Partner,Non-graduate,1,1,3,322,0.2174,0.1677,0.3385,0.2484,0.028,12,26.83,0.1667,0.3333,0.0833,0.5833,Store,0.594,0,0-30 ngày,5,3,3,3.0,11,Loyal Customers,Low,10.9006,5.7777
C1034,1084,38508,2490,34,1,1,1,0,95,120,19,206,25,19,6,7,2,5,8,0,0,0,0,0,0,0,6.82,24-34,30-50K,Married/Partner,Graduate,1,1,3,389,0.3085,0.0488,0.5296,0.0643,0.0488,14,27.79,0.4286,0.5,0.1429,0.3571,Web,1.01,0,61-99 ngày,1,3,3,3.0,7,At Risk,Mid,10.5586,5.9661
C1035,1085,53187,2405,50,1,1,1,0,66,211,2,30,7,7,2,4,1,6,5,0,0,0,0,0,0,0,6.59,45-54,50-70K,Married/Partner,Graduate,1,1,3,257,0.821,0.0078,0.1167,0.0272,0.0272,11,23.36,0.1818,0.3636,0.0909,0.5455,Store,0.483,0,61-99 ngày,2,3,3,3.0,8,At Risk,Low,10.8816,5.553
C1036,1086,30023,2256,48,1,1,1,0,28,11,0,16,7,6,1,2,0,3,8,0,0,0,0,0,0,0,6.18,45-54,30-50K,Married/Partner,Graduate,1,1,3,40,0.275,0.0,0.4,0.175,0.15,5,8.0,0.2,0.4,0.0,0.6,Store,0.133,0,0-30 ngày,4,1,1,1.0,6,New / Promising,Low,10.3098,3.7136
C1037,1087,76045,2385,60,1,0,0,0,78,760,53,400,17,93,1,4,5,11,2,1,0,0,0,0,1,0,6.53,55-64,70-90K,Single,Graduate,0,0,1,1323,0.5745,0.0401,0.3023,0.0128,0.0703,20,66.15,0.05,0.2,0.25,0.55,Store,1.74,1,61-99 ngày,2,5,5,5.0,12,At Risk,High,11.2391,7.1884
C1038,1088,50870,2169,68,1,1,0,1,13,53,0,8,0,0,1,2,0,3,5,0,0,0,0,0,0,0,5.94,65+,50-70K,Married/Partner,Graduate,1,1,3,61,0.8689,0.0,0.1311,0.0,0.0,5,12.2,0.2,0.4,0.0,0.6,Store,0.12,0,0-30 ngày,5,1,2,1.5,8,New / Promising,Low,10.837,4.1271
C1039,1090,65463,2309,46,0,1,1,0,17,391,32,70,21,32,2,6,2,9,5,0,0,0,1,0,1,0,6.33,45-54,50-70K,Married/Partner,Non-graduate,1,1,3,546,0.7161,0.0586,0.1282,0.0385,0.0586,17,32.12,0.1176,0.3529,0.1176,0.5294,Store,0.834,1,0-30 ngày,5,4,3,3.5,12,Loyal Customers,Mid,11.0893,6.3044
C1040,1091,66480,2188,55,1,1,1,1,71,199,9,57,20,21,7,4,1,7,4,0,0,0,0,0,0,0,5.99,55-64,50-70K,Married/Partner,Graduate,2,1,4,306,0.6503,0.0294,0.1863,0.0654,0.0686,12,25.5,0.5833,0.3333,0.0833,0.5833,Store,0.46,0,61-99 ngày,2,3,3,3.0,8,At Risk,Low,11.1047,5.7268
C1041,1092,76773,2648,66,1,0,0,0,79,516,56,449,86,33,1,2,2,11,1,0,0,0,0,0,0,0,7.25,65+,70-90K,Single,Graduate,0,0,1,1140,0.4526,0.0491,0.3939,0.0754,0.0289,15,76.0,0.0667,0.1333,0.1333,0.7333,Store,1.485,0,61-99 ngày,2,4,5,4.5,11,At Risk,High,11.2486,7.0397
C1042,1093,81698,2644,37,0,0,0,0,1,709,45,115,30,160,1,8,2,5,5,1,0,0,0,0,1,0,7.24,35-44,70-90K,Single,Non-graduate,0,0,1,1059,0.6695,0.0425,0.1086,0.0283,0.1511,15,70.6,0.0667,0.5333,0.1333,0.3333,Web,1.296,1,0-30 ngày,5,4,4,4.0,13,Champions,Mid,11.3108,6.966
C1043,1094,54466,2299,47,1,0,0,0,78,12,0,4,0,0,1,1,0,2,5,0,0,0,0,0,0,0,6.3,45-54,50-70K,Single,Graduate,0,0,1,16,0.75,0.0,0.25,0.0,0.0,3,5.33,0.3333,0.3333,0.0,0.6667,Store,0.029,0,61-99 ngày,2,1,1,1.0,4,Hibernating,Low,10.9054,2.8332
C1044,1096,16269,2462,36,1,0,0,0,75,19,3,18,3,1,3,3,0,3,8,0,0,0,0,0,0,0,6.75,35-44,<30K,Single,Graduate,0,0,1,44,0.4318,0.0682,0.4091,0.0682,0.0227,6,7.33,0.5,0.5,0.0,0.5,Web,0.27,0,61-99 ngày,2,2,2,2.0,6,Hibernating,Low,9.6971,3.8067
C1045,1097,71819,2464,49,1,1,0,1,70,1224,28,140,0,14,3,3,3,5,6,0,0,0,1,1,2,0,6.75,45-54,70-90K,Married/Partner,Graduate,1,1,3,1406,0.8706,0.0199,0.0996,0.0,0.01,11,127.82,0.2727,0.2727,0.2727,0.4545,Store,1.958,1,61-99 ngày,2,3,5,4.0,10,At Risk,High,11.1819,7.2492
C1046,1098,33569,2415,37,1,1,1,0,10,16,2,18,3,0,1,1,1,2,8,0,0,1,0,0,1,0,6.62,35-44,30-50K,Married/Partner,Graduate,1,1,3,39,0.4103,0.0513,0.4615,0.0769,0.0,4,9.75,0.25,0.25,0.25,0.5,Store,0.116,1,0-30 ngày,5,1,1,1.0,7,New / Promising,Low,10.4214,3.6889
C1047,1099,36262,2441,37,1,1,0,0,24,88,39,54,64,28,1,3,5,3,6,0,0,1,0,0,1,0,6.69,35-44,30-50K,Married/Partner,Graduate,0,0,2,273,0.3223,0.1429,0.1978,0.2344,0.1026,11,24.82,0.0909,0.2727,0.4545,0.2727,Catalog,0.753,1,0-30 ngày,4,3,3,3.0,10,Loyal Customers,Low,10.4986,5.6131
C1048,1100,22634,2688,54,0,1,0,0,47,2,23,11,8,6,1,2,1,2,8,0,0,0,0,0,0,0,7.36,45-54,<30K,Married/Partner,Non-graduate,0,0,2,50,0.04,0.46,0.22,0.16,0.12,5,10.0,0.2,0.4,0.2,0.4,Web,0.221,0,31-60 ngày,3,1,2,1.5,6,Need Attention,Low,10.0273,3.9318
C1049,1101,47025,2449,42,0,1,0,1,98,508,11,59,23,5,5,11,1,6,9,0,0,0,0,0,0,0,6.71,35-44,30-50K,Married/Partner,Non-graduate,1,1,3,606,0.8383,0.0182,0.0974,0.038,0.0083,18,33.67,0.2778,0.6111,0.0556,0.3333,Web,1.289,0,61-99 ngày,1,4,4,4.0,9,At Risk,Mid,10.7585,6.4085
C1050,1102,70566,2425,52,1,0,0,0,4,381,28,215,84,28,2,6,5,9,3,0,0,0,0,0,0,0,6.64,45-54,70-90K,Single,Graduate,0,0,1,736,0.5177,0.038,0.2921,0.1141,0.038,20,36.8,0.1,0.3,0.25,0.45,Store,1.043,0,0-30 ngày,5,5,4,4.5,14,Champions,Mid,11.1643,6.6026
C1051,1103,31605,2743,41,1,1,1,0,15,74,0,42,2,1,2,2,1,4,7,0,0,0,0,0,0,0,7.52,35-44,30-50K,Married/Partner,Graduate,1,1,3,119,0.6218,0.0,0.3529,0.0168,0.0084,7,17.0,0.2857,0.2857,0.1429,0.5714,Store,0.377,0,0-30 ngày,5,2,2,2.0,9,New / Promising,Low,10.3611,4.7875
C1052,1104,52034,2567,47,1,0,0,0,67,146,0,93,7,13,5,4,2,5,7,0,0,0,0,0,0,0,7.03,45-54,50-70K,Single,Graduate,0,0,1,259,0.5637,0.0,0.3591,0.027,0.0502,11,23.55,0.4545,0.3636,0.1818,0.4545,Store,0.498,0,61-99 ngày,2,3,3,3.0,8,At Risk,Low,10.8597,5.5607
C1053,1105,48526,2346,41,1,0,0,0,32,23,17,23,43,20,1,2,1,4,3,0,0,0,0,0,0,0,6.43,35-44,30-50K,Single,Graduate,0,0,1,126,0.1825,0.1349,0.1825,0.3413,0.1587,7,18.0,0.1429,0.2857,0.1429,0.5714,Store,0.26,0,31-60 ngày,4,2,2,2.0,8,New / Promising,Low,10.7899,4.8442
C1054,1106,46734,2747,66,1,1,0,1,40,110,5,137,26,23,2,6,1,5,7,0,0,0,0,0,0,0,7.53,65+,30-50K,Married/Partner,Graduate,1,1,3,301,0.3654,0.0166,0.4551,0.0864,0.0764,12,25.08,0.1667,0.5,0.0833,0.4167,Web,0.644,0,31-60 ngày,3,3,3,3.0,9,Loyal Customers,Low,10.7522,5.7104
C1055,1107,39552,2717,58,1,0,0,0,54,165,3,147,4,24,7,6,2,5,8,0,0,0,0,0,0,0,7.44,55-64,30-50K,Single,Graduate,0,0,1,343,0.481,0.0087,0.4286,0.0117,0.07,13,26.38,0.5385,0.4615,0.1538,0.3846,Web,0.867,0,31-60 ngày,3,3,3,3.0,9,Loyal Customers,Low,10.5854,5.8406
C1056,1108,86358,2849,54,1,0,0,0,78,957,47,494,82,47,4,5,3,6,8,0,0,0,0,0,0,0,7.81,45-54,70-90K,Single,Graduate,0,0,1,1627,0.5882,0.0289,0.3036,0.0504,0.0289,14,116.21,0.2857,0.3571,0.2143,0.4286,Store,1.884,0,61-99 ngày,2,3,5,4.0,10,At Risk,High,11.3663,7.3951
C1057,1109,46931,2225,43,1,1,2,1,94,41,0,17,3,1,2,1,1,3,3,0,0,0,0,0,0,0,6.1,35-44,30-50K,Married/Partner,Graduate,3,1,5,62,0.6613,0.0,0.2742,0.0484,0.0161,5,12.4,0.4,0.2,0.2,0.6,Store,0.132,0,61-99 ngày,1,1,2,1.5,4,Hibernating,Low,10.7565,4.1431
C1058,1110,16581,2692,35,0,0,0,0,51,1,3,4,2,3,1,0,0,3,4,0,0,0,0,0,0,0,7.38,35-44,<30K,Single,Non-graduate,0,0,1,13,0.0769,0.2308,0.3077,0.1538,0.2308,3,4.33,0.3333,0.0,0.0,1.0,Store,0.078,0,31-60 ngày,3,1,1,1.0,5,Need Attention,Low,9.7161,2.6391
C1059,1111,63998,2350,68,0,0,0,0,42,176,29,818,0,33,1,7,6,11,4,0,0,0,0,0,0,0,6.44,65+,50-70K,Single,Non-graduate,0,0,1,1056,0.1667,0.0275,0.7746,0.0,0.0312,24,44.0,0.0417,0.2917,0.25,0.4583,Store,1.65,0,31-60 ngày,3,5,4,4.5,12,Loyal Customers,Mid,11.0666,6.9632
C1060,1112,67381,2689,69,1,1,0,1,67,815,8,53,11,0,4,2,2,9,7,0,0,0,1,0,1,0,7.37,65+,50-70K,Married/Partner,Graduate,1,1,3,887,0.9188,0.009,0.0598,0.0124,0.0,13,68.23,0.3077,0.1538,0.1538,0.6923,Store,1.316,1,61-99 ngày,2,3,4,3.5,9,At Risk,Mid,11.1181,6.789
C1061,1113,25930,2421,53,1,0,0,0,87,6,1,2,2,0,1,1,0,2,7,0,0,0,0,0,0,0,6.63,45-54,<30K,Single,Graduate,0,0,1,11,0.5455,0.0909,0.1818,0.1818,0.0,3,3.67,0.3333,0.3333,0.0,0.6667,Store,0.042,0,61-99 ngày,1,1,1,1.0,3,Hibernating,Low,10.1632,2.4849
C1062,1114,42693,2181,42,1,1,1,0,29,8,4,20,6,3,1,1,0,3,5,0,0,0,0,0,0,0,5.98,35-44,30-50K,Married/Partner,Graduate,1,1,3,41,0.1951,0.0976,0.4878,0.1463,0.0732,4,10.25,0.25,0.25,0.0,0.75,Store,0.096,0,0-30 ngày,4,1,1,1.0,6,New / Promising,Low,10.6618,3.7377
C1063,1115,85606,2753,44,1,1,0,1,89,717,42,864,219,30,2,6,7,9,3,1,0,0,0,0,1,0,7.54,35-44,70-90K,Married/Partner,Graduate,1,1,3,1872,0.383,0.0224,0.4615,0.117,0.016,22,85.09,0.0909,0.2727,0.3182,0.4091,Store,2.187,1,61-99 ngày,1,5,5,5.0,11,At Risk,High,11.3575,7.5353
C1064,1116,72903,2402,35,1,0,0,0,74,1067,138,750,0,19,1,7,5,8,4,1,0,0,1,1,3,0,6.58,35-44,70-90K,Single,Graduate,0,0,1,1974,0.5405,0.0699,0.3799,0.0,0.0096,20,98.7,0.05,0.35,0.25,0.4,Store,2.708,1,61-99 ngày,2,5,5,5.0,12,At Risk,High,11.1969,7.5883
C1065,1117,49669,2195,46,0,1,1,0,97,166,5,107,11,8,2,5,1,6,6,0,0,0,0,0,0,0,6.01,45-54,30-50K,Married/Partner,Non-graduate,1,1,3,297,0.5589,0.0168,0.3603,0.037,0.0269,12,24.75,0.1667,0.4167,0.0833,0.5,Store,0.598,0,61-99 ngày,1,3,3,3.0,7,At Risk,Low,10.8132,5.6971
C1066,1118,36778,2852,52,1,1,1,1,63,29,4,34,2,4,3,3,0,3,9,0,0,0,0,0,0,0,7.81,45-54,30-50K,Married/Partner,Graduate,2,1,4,73,0.3973,0.0548,0.4658,0.0274,0.0548,6,12.17,0.5,0.5,0.0,0.5,Web,0.198,0,61-99 ngày,2,2,2,2.0,6,Hibernating,Low,10.5127,4.3041
C1067,1119,85696,2581,58,1,0,0,0,88,714,76,395,116,0,1,4,6,9,1,0,0,0,0,0,0,0,7.07,55-64,70-90K,Single,Graduate,0,0,1,1301,0.5488,0.0584,0.3036,0.0892,0.0,19,68.47,0.0526,0.2105,0.3158,0.4737,Store,1.518,0,61-99 ngày,1,4,5,4.5,10,At Risk,High,11.3586,7.1717
C1068,1121,49678,2671,59,1,1,0,1,81,229,5,56,3,2,2,6,2,4,7,0,0,0,0,0,0,0,7.32,55-64,30-50K,Married/Partner,Graduate,1,1,3,295,0.7763,0.0169,0.1898,0.0102,0.0068,12,24.58,0.1667,0.5,0.1667,0.3333,Web,0.594,0,61-99 ngày,1,3,3,3.0,7,At Risk,Low,10.8133,5.6904
C1069,1123,37155,2673,31,1,1,1,0,51,23,0,26,7,15,1,2,0,4,5,0,0,0,0,0,0,0,7.32,24-34,30-50K,Married/Partner,Graduate,1,1,3,71,0.3239,0.0,0.3662,0.0986,0.2113,6,11.83,0.1667,0.3333,0.0,0.6667,Store,0.191,0,31-60 ngày,3,2,2,2.0,7,Need Attention,Low,10.5229,4.2767
C1070,1124,21282,2208,42,0,0,0,0,76,1,5,8,4,8,2,2,1,2,6,0,0,0,0,0,0,0,6.05,35-44,<30K,Single,Non-graduate,0,0,1,26,0.0385,0.1923,0.3077,0.1538,0.3077,5,5.2,0.4,0.4,0.2,0.4,Web,0.122,0,61-99 ngày,2,1,1,1.0,4,Hibernating,Low,9.9657,3.2958
C1071,1125,33419,2475,58,1,0,0,0,76,56,0,12,0,0,2,2,0,4,7,0,0,0,0,0,0,0,6.78,55-64,30-50K,Single,Graduate,0,0,1,68,0.8235,0.0,0.1765,0.0,0.0,6,11.33,0.3333,0.3333,0.0,0.6667,Store,0.203,0,61-99 ngày,2,2,2,2.0,6,Hibernating,Low,10.4169,4.2341
C1072,1126,63285,2395,75,1,0,0,0,84,508,124,249,50,38,1,6,5,13,3,0,0,0,0,0,0,0,6.56,65+,50-70K,Single,Graduate,0,0,1,969,0.5243,0.128,0.257,0.0516,0.0392,24,40.38,0.0417,0.25,0.2083,0.5417,Store,1.531,0,61-99 ngày,1,5,4,4.5,10,At Risk,Mid,11.0554,6.8773
C1073,1127,21255,2318,46,1,1,1,0,56,29,0,25,2,2,4,2,1,4,4,0,0,0,0,0,0,0,6.35,45-54,<30K,Married/Partner,Graduate,1,1,3,58,0.5,0.0,0.431,0.0345,0.0345,7,8.29,0.5714,0.2857,0.1429,0.5714,Store,0.273,0,31-60 ngày,3,2,2,2.0,7,Need Attention,Low,9.9644,4.0775
C1074,1128,42162,2381,39,1,1,1,0,31,46,7,59,2,4,2,3,1,3,6,0,0,1,0,0,1,0,6.52,35-44,30-50K,Married/Partner,Graduate,1,1,3,118,0.3898,0.0593,0.5,0.0169,0.0339,7,16.86,0.2857,0.4286,0.1429,0.4286,Web,0.28,1,31-60 ngày,4,2,2,2.0,8,New / Promising,Low,10.6493,4.7791
C1075,1129,54450,2812,64,1,1,1,1,0,454,0,171,8,19,12,9,2,8,8,0,0,0,0,0,0,0,7.7,55-64,50-70K,Married/Partner,Graduate,2,1,4,652,0.6963,0.0,0.2623,0.0123,0.0291,19,34.32,0.6316,0.4737,0.1053,0.4211,Web,1.197,0,0-30 ngày,5,4,4,4.0,13,Champions,Mid,10.9051,6.4816
C1076,1130,57744,2388,66,1,1,0,1,91,350,3,39,0,0,2,9,1,4,8,0,0,0,0,0,0,0,6.54,65+,50-70K,Married/Partner,Graduate,1,1,3,392,0.8929,0.0077,0.0995,0.0,0.0,14,28.0,0.1429,0.6429,0.0714,0.2857,Web,0.679,0,61-99 ngày,1,3,3,3.0,7,At Risk,Mid,10.9638,5.9738
C1077,1131,26576,2783,34,1,0,0,0,40,10,0,8,0,0,1,1,0,2,9,0,0,1,0,0,1,0,7.62,24-34,<30K,Single,Graduate,0,0,1,18,0.5556,0.0,0.4444,0.0,0.0,3,6.0,0.3333,0.3333,0.0,0.6667,Store,0.068,1,31-60 ngày,3,1,1,1.0,5,Need Attention,Low,10.1878,2.9444
C1078,1132,57513,2517,77,1,0,0,0,59,735,40,183,52,20,2,9,3,13,6,0,0,0,0,0,0,0,6.9,65+,50-70K,Single,Graduate,0,0,1,1030,0.7136,0.0388,0.1777,0.0505,0.0194,25,41.2,0.08,0.36,0.12,0.52,Store,1.791,0,31-60 ngày,2,5,4,4.5,11,At Risk,Mid,10.9598,6.9383
C1079,1133,68142,2828,56,1,1,0,1,96,897,126,196,91,112,3,10,4,7,6,0,0,0,0,0,0,0,7.75,55-64,50-70K,Married/Partner,Graduate,1,1,3,1422,0.6308,0.0886,0.1378,0.064,0.0788,21,67.71,0.1429,0.4762,0.1905,0.3333,Web,2.087,0,61-99 ngày,1,5,5,5.0,11,At Risk,High,11.1294,7.2605
C1080,1134,7500,2828,41,1,1,0,1,61,5,2,3,3,0,1,1,0,2,8,0,0,0,0,0,0,0,7.75,35-44,<30K,Married/Partner,Graduate,1,1,3,13,0.3846,0.1538,0.2308,0.2308,0.0,3,4.33,0.3333,0.3333,0.0,0.6667,Store,0.173,0,61-99 ngày,2,1,1,1.0,4,Hibernating,Low,8.9228,2.6391
C1081,1135,83145,2804,46,1,1,0,0,14,777,35,731,39,137,1,5,9,11,2,0,0,0,0,1,1,0,7.68,45-54,70-90K,Married/Partner,Graduate,0,0,2,1719,0.452,0.0204,0.4252,0.0227,0.0797,25,68.76,0.04,0.2,0.36,0.44,Store,2.067,1,0-30 ngày,5,5,5,5.0,15,Champions,High,11.3284,7.4501
C1082,1136,54197,2246,60,1,1,0,1,16,162,6,37,6,13,2,1,3,6,1,0,0,0,0,0,0,0,6.15,55-64,50-70K,Married/Partner,Graduate,1,1,3,224,0.7232,0.0268,0.1652,0.0268,0.058,10,22.4,0.2,0.1,0.3,0.6,Store,0.413,0,0-30 ngày,5,3,3,3.0,11,Loyal Customers,Low,10.9004,5.4161
C1083,1137,23091,2191,57,1,0,0,0,98,35,0,11,0,0,4,2,1,3,7,0,0,0,0,0,0,0,6.0,55-64,<30K,Single,Graduate,0,0,1,46,0.7609,0.0,0.2391,0.0,0.0,6,7.67,0.6667,0.3333,0.1667,0.5,Store,0.199,0,61-99 ngày,1,2,2,2.0,5,Hibernating,Low,10.0472,3.8501
C1084,1138,46049,2502,44,1,1,1,1,11,342,9,112,19,14,10,5,2,9,7,0,0,0,0,0,0,0,6.85,35-44,30-50K,Married/Partner,Graduate,2,1,4,496,0.6895,0.0181,0.2258,0.0383,0.0282,16,31.0,0.625,0.3125,0.125,0.5625,Store,1.077,0,0-30 ngày,5,4,3,3.5,12,Loyal Customers,Mid,10.7375,6.2086
C1085,1139,56715,2730,46,1,1,0,0,52,258,105,239,237,172,1,7,3,4,4,0,0,0,0,0,0,0,7.48,45-54,50-70K,Married/Partner,Graduate,0,0,2,1011,0.2552,0.1039,0.2364,0.2344,0.1701,14,72.21,0.0714,0.5,0.2143,0.2857,Web,1.783,0,31-60 ngày,3,3,4,3.5,10,Loyal Customers,Mid,10.9458,6.9197
C1086,1140,79410,2190,59,1,1,0,0,19,658,80,483,123,13,1,3,2,5,1,0,0,0,0,0,0,0,6.0,55-64,70-90K,Married/Partner,Graduate,0,0,2,1357,0.4849,0.059,0.3559,0.0906,0.0096,10,135.7,0.1,0.3,0.2,0.5,Store,1.709,0,0-30 ngày,4,3,5,4.0,12,Champions,High,11.2824,7.2138
C1087,1141,57304,2634,69,1,1,0,1,61,356,80,329,138,17,2,7,6,10,5,0,0,0,0,0,0,0,7.22,65+,50-70K,Married/Partner,Graduate,1,1,3,920,0.387,0.087,0.3576,0.15,0.0185,23,40.0,0.087,0.3043,0.2609,0.4348,Store,1.605,0,61-99 ngày,2,5,4,4.5,11,At Risk,Mid,10.9561,6.8255
C1088,1142,44375,2257,55,1,1,0,1,73,213,5,28,7,7,1,4,1,6,5,0,0,0,0,0,0,0,6.18,55-64,30-50K,Married/Partner,Graduate,1,1,3,260,0.8192,0.0192,0.1077,0.0269,0.0269,11,23.64,0.0909,0.3636,0.0909,0.5455,Store,0.586,0,61-99 ngày,2,3,3,3.0,8,At Risk,Low,10.7005,5.5645
C1089,1144,59594,2776,55,1,1,0,1,74,457,4,29,0,0,1,8,1,7,7,0,0,0,1,0,1,0,7.61,55-64,50-70K,Married/Partner,Graduate,1,1,3,490,0.9327,0.0082,0.0592,0.0,0.0,16,30.62,0.0625,0.5,0.0625,0.4375,Web,0.822,1,61-99 ngày,2,4,3,3.5,9,At Risk,Mid,10.9953,6.1964
C1090,1145,80685,2835,26,1,1,0,0,55,241,45,604,34,26,1,6,4,10,2,0,0,0,0,0,0,0,7.77,24-34,70-90K,Married/Partner,Graduate,0,0,2,950,0.2537,0.0474,0.6358,0.0358,0.0274,20,47.5,0.05,0.3,0.2,0.5,Store,1.177,0,31-60 ngày,3,5,4,4.5,12,Loyal Customers,Mid,11.2983,6.8575
C1091,1146,40344,2418,46,1,1,0,1,48,210,0,6,0,0,2,4,1,5,7,0,0,0,0,0,0,0,6.62,45-54,30-50K,Married/Partner,Graduate,1,1,3,216,0.9722,0.0,0.0278,0.0,0.0,10,21.6,0.2,0.4,0.1,0.5,Store,0.535,0,31-60 ngày,3,3,3,3.0,9,Loyal Customers,Low,10.6052,5.3799
C1092,1147,62710,2561,48,1,1,0,1,53,441,35,83,7,29,4,4,2,12,4,0,0,0,0,0,0,0,7.02,45-54,50-70K,Married/Partner,Graduate,1,1,3,595,0.7412,0.0588,0.1395,0.0118,0.0487,18,33.06,0.2222,0.2222,0.1111,0.6667,Store,0.949,0,31-60 ngày,3,4,4,4.0,11,Loyal Customers,Mid,11.0463,6.3902
C1093,1148,48985,2518,52,0,1,0,1,13,19,13,18,10,7,1,1,1,3,3,0,0,0,0,0,0,0,6.9,45-54,30-50K,Married/Partner,Non-graduate,1,1,3,67,0.2836,0.194,0.2687,0.1493,0.1045,5,13.4,0.2,0.2,0.2,0.6,Store,0.137,0,0-30 ngày,5,1,2,1.5,8,New / Promising,Low,10.7993,4.2195
C1094,1149,35322,2835,52,1,1,1,2,34,28,9,37,12,7,3,2,0,4,8,0,0,0,0,0,0,0,7.77,45-54,30-50K,Married/Partner,Graduate,3,1,5,93,0.3011,0.0968,0.3978,0.129,0.0753,6,15.5,0.5,0.3333,0.0,0.6667,Store,0.263,0,31-60 ngày,4,2,2,2.0,8,New / Promising,Low,10.4723,4.5433
C1095,1150,77142,2555,72,1,1,0,0,54,476,75,162,29,151,1,4,4,8,2,0,0,0,0,0,0,0,7.0,65+,70-90K,Married/Partner,Graduate,0,0,2,893,0.533,0.084,0.1814,0.0325,0.1691,16,55.81,0.0625,0.25,0.25,0.5,Store,1.158,0,31-60 ngày,3,4,4,4.0,11,Loyal Customers,Mid,11.2534,6.7957
C1096,1151,81657,2317,51,1,0,0,0,69,364,40,425,158,60,1,3,4,8,1,0,0,0,0,0,0,0,6.35,45-54,70-90K,Single,Graduate,0,0,1,1047,0.3477,0.0382,0.4059,0.1509,0.0573,15,69.8,0.0667,0.2,0.2667,0.5333,Store,1.282,0,61-99 ngày,2,4,4,4.0,10,At Risk,Mid,11.3103,6.9546
C1097,1152,14421,2291,24,0,1,0,0,81,0,0,2,3,3,1,1,0,2,5,0,0,1,0,0,1,0,6.28,24-34,<30K,Married/Partner,Non-graduate,0,0,2,8,0.0,0.0,0.25,0.375,0.375,3,2.67,0.3333,0.3333,0.0,0.6667,Store,0.055,1,61-99 ngày,1,1,1,1.0,3,Hibernating,Low,9.5765,2.1972
C1098,1154,74214,2831,30,1,1,0,0,3,863,83,547,86,99,1,8,2,5,5,0,0,0,0,0,0,0,7.76,24-34,70-90K,Married/Partner,Graduate,0,0,2,1678,0.5143,0.0495,0.326,0.0513,0.059,15,111.87,0.0667,0.5333,0.1333,0.3333,Web,2.261,0,0-30 ngày,5,4,5,4.5,14,Champions,High,11.2147,7.426
C1099,1155,66726,2327,63,1,1,1,1,61,349,7,35,0,0,3,8,2,4,7,0,0,0,1,0,1,0,6.38,55-64,50-70K,Married/Partner,Graduate,2,1,4,391,0.8926,0.0179,0.0895,0.0,0.0,14,27.93,0.2143,0.5714,0.1429,0.2857,Web,0.586,1,61-99 ngày,2,3,3,3.0,8,At Risk,Mid,11.1084,5.9713
C1100,1156,23724,2696,41,0,1,1,0,65,5,23,15,0,18,2,2,0,3,8,0,0,0,0,0,0,0,7.39,35-44,<30K,Married/Partner,Non-graduate,1,1,3,61,0.082,0.377,0.2459,0.0,0.2951,5,12.2,0.4,0.4,0.0,0.6,Store,0.257,0,61-99 ngày,2,1,2,1.5,5,Hibernating,Low,10.0743,4.1271
C1101,1157,47353,2387,60,1,1,0,1,93,184,2,19,8,8,3,2,2,6,5,0,0,0,0,0,0,0,6.54,55-64,30-50K,Married/Partner,Graduate,1,1,3,221,0.8326,0.009,0.086,0.0362,0.0362,10,22.1,0.3,0.2,0.2,0.6,Store,0.467,0,61-99 ngày,1,3,3,3.0,7,At Risk,Low,10.7654,5.4027
C1102,1158,33444,2762,68,1,1,1,1,24,8,0,8,0,0,1,1,0,2,8,0,0,0,0,0,0,0,7.57,65+,30-50K,Married/Partner,Graduate,2,1,4,16,0.5,0.0,0.5,0.0,0.0,3,5.33,0.3333,0.3333,0.0,0.6667,Store,0.048,0,0-30 ngày,4,1,1,1.0,6,New / Promising,Low,10.4177,2.8332
C1103,1159,54386,2567,39,1,1,0,1,8,277,21,64,62,21,2,3,2,10,3,0,0,0,0,0,0,0,7.03,35-44,50-70K,Married/Partner,Graduate,1,1,3,445,0.6225,0.0472,0.1438,0.1393,0.0472,15,29.67,0.1333,0.2,0.1333,0.6667,Store,0.818,0,0-30 ngày,5,4,3,3.5,12,Loyal Customers,Mid,10.9039,6.1003
C1104,1160,28510,2601,39,1,0,0,0,72,44,5,19,0,4,3,2,0,4,5,0,0,0,0,0,0,0,7.13,35-44,<30K,Single,Graduate,0,0,1,72,0.6111,0.0694,0.2639,0.0,0.0556,6,12.0,0.5,0.3333,0.0,0.6667,Store,0.253,0,61-99 ngày,2,2,2,2.0,6,Hibernating,Low,10.258,4.2905
C1105,1161,90638,2295,29,1,0,0,0,29,1156,120,915,94,144,1,3,4,10,1,0,0,0,0,1,1,0,6.29,24-34,90K+,Single,Graduate,0,0,1,2429,0.4759,0.0494,0.3767,0.0387,0.0593,17,142.88,0.0588,0.1765,0.2353,0.5882,Store,2.68,1,0-30 ngày,4,4,5,4.5,13,Champions,High,11.4146,7.7956
C1106,1162,48070,2691,70,1,1,0,1,33,373,14,83,6,9,3,8,2,6,7,0,0,0,0,0,0,1,7.37,65+,30-50K,Married/Partner,Graduate,1,1,3,485,0.7691,0.0289,0.1711,0.0124,0.0186,16,30.31,0.1875,0.5,0.125,0.375,Web,1.009,0,31-60 ngày,4,4,3,3.5,11,Loyal Customers,Mid,10.7804,6.1862
C1107,1163,43140,2699,63,1,1,0,1,68,134,8,76,6,0,1,4,1,5,6,0,0,0,0,0,0,0,7.39,55-64,30-50K,Married/Partner,Graduate,1,1,3,224,0.5982,0.0357,0.3393,0.0268,0.0,10,22.4,0.1,0.4,0.1,0.5,Store,0.519,0,61-99 ngày,2,3,3,3.0,8,At Risk,Low,10.6722,5.4161
C1108,1164,54959,2685,59,1,0,0,0,55,1148,0,60,0,0,3,9,5,4,7,0,0,0,1,0,1,0,7.36,55-64,50-70K,Single,Graduate,0,0,1,1208,0.9503,0.0,0.0497,0.0,0.0,18,67.11,0.1667,0.5,0.2778,0.2222,Web,2.198,1,31-60 ngày,3,4,5,4.5,12,Loyal Customers,High,10.9144,7.0975
C1109,1165,15056,2581,62,0,0,0,0,76,6,12,3,21,6,5,2,2,3,5,0,0,0,0,0,0,0,7.07,55-64,<30K,Single,Non-graduate,0,0,1,48,0.125,0.25,0.0625,0.4375,0.125,7,6.86,0.7143,0.2857,0.2857,0.4286,Store,0.319,0,61-99 ngày,2,2,2,2.0,6,Hibernating,Low,9.6196,3.8918
C1110,1166,26954,2211,49,1,0,0,0,17,4,1,11,0,0,1,1,0,2,7,0,0,0,0,0,0,0,6.06,45-54,<30K,Single,Graduate,0,0,1,16,0.25,0.0625,0.6875,0.0,0.0,3,5.33,0.3333,0.3333,0.0,0.6667,Store,0.059,0,0-30 ngày,5,1,1,1.0,7,New / Promising,Low,10.2019,2.8332
C1111,1167,22327,2490,35,1,0,0,0,94,5,4,8,2,0,1,1,0,3,5,0,0,0,0,0,0,0,6.82,35-44,<30K,Single,Graduate,0,0,1,19,0.2632,0.2105,0.4211,0.1053,0.0,4,4.75,0.25,0.25,0.0,0.75,Store,0.085,0,61-99 ngày,1,1,1,1.0,3,Hibernating,Low,10.0136,2.9957
C1112,1168,44393,2470,55,1,1,1,1,86,24,2,20,2,2,2,1,0,4,4,0,0,0,0,0,0,0,6.77,55-64,30-50K,Married/Partner,Graduate,2,1,4,50,0.48,0.04,0.4,0.04,0.04,5,10.0,0.4,0.2,0.0,0.8,Store,0.113,0,61-99 ngày,1,1,2,1.5,4,Hibernating,Low,10.7009,3.9318
C1113,1169,62000,2467,68,1,0,0,0,25,899,0,101,0,0,1,6,6,13,4,1,0,0,0,0,1,0,6.76,65+,50-70K,Single,Graduate,0,0,1,1000,0.899,0.0,0.101,0.0,0.0,25,40.0,0.04,0.24,0.24,0.52,Store,1.613,1,0-30 ngày,4,5,4,4.5,13,Champions,Mid,11.0349,6.9088
C1114,1170,31497,2729,58,1,1,0,1,22,108,1,28,13,1,2,3,1,4,8,0,0,0,0,0,0,0,7.48,55-64,30-50K,Married/Partner,Graduate,1,1,3,151,0.7152,0.0066,0.1854,0.0861,0.0066,8,18.88,0.25,0.375,0.125,0.5,Store,0.479,0,0-30 ngày,4,2,2,2.0,8,New / Promising,Low,10.3577,5.0239
C1115,1171,45894,2281,46,0,1,0,2,15,27,2,7,0,2,1,1,0,3,5,0,0,0,0,0,0,0,6.25,45-54,30-50K,Married/Partner,Non-graduate,2,1,4,38,0.7105,0.0526,0.1842,0.0,0.0526,4,9.5,0.25,0.25,0.0,0.75,Store,0.083,0,0-30 ngày,5,1,1,1.0,7,New / Promising,Low,10.7341,3.6636
C1116,1172,78579,2713,50,1,0,0,0,35,816,66,549,216,66,1,5,6,4,3,0,0,0,0,0,0,0,7.43,45-54,70-90K,Single,Graduate,0,0,1,1713,0.4764,0.0385,0.3205,0.1261,0.0385,15,114.2,0.0667,0.3333,0.4,0.2667,Catalog,2.18,0,31-60 ngày,4,4,5,4.5,13,Champions,High,11.2719,7.4466
C1117,1173,67369,2748,51,1,0,0,0,81,1298,0,70,37,14,4,7,4,10,4,0,0,0,1,1,2,0,7.53,45-54,50-70K,Single,Graduate,0,0,1,1419,0.9147,0.0,0.0493,0.0261,0.0099,21,67.57,0.1905,0.3333,0.1905,0.4762,Store,2.106,1,61-99 ngày,1,5,5,5.0,11,At Risk,High,11.118,7.2584
C1118,1174,58401,2229,60,1,0,0,0,55,10,0,11,17,29,1,1,2,2,4,0,0,0,0,0,0,0,6.11,55-64,50-70K,Single,Graduate,0,0,1,67,0.1493,0.0,0.1642,0.2537,0.4328,5,13.4,0.2,0.2,0.4,0.4,Catalog,0.115,0,31-60 ngày,3,1,2,1.5,6,Need Attention,Low,10.9751,4.2195
C1119,1175,62307,2291,68,1,0,0,0,94,87,13,34,10,6,1,4,0,4,5,0,0,0,0,0,0,0,6.28,65+,50-70K,Single,Graduate,0,0,1,150,0.58,0.0867,0.2267,0.0667,0.04,8,18.75,0.125,0.5,0.0,0.5,Web,0.241,0,61-99 ngày,1,2,2,2.0,5,Hibernating,Low,11.0398,5.0173
C1120,1176,43641,2592,51,1,1,1,1,50,57,2,51,4,2,3,2,1,4,6,0,0,0,0,0,0,0,7.1,45-54,30-50K,Married/Partner,Graduate,2,1,4,116,0.4914,0.0172,0.4397,0.0345,0.0172,7,16.57,0.4286,0.2857,0.1429,0.5714,Store,0.266,0,31-60 ngày,3,2,2,2.0,7,Need Attention,Low,10.6838,4.7622
C1121,1179,70091,2614,51,1,1,1,0,11,964,34,137,15,0,2,5,2,10,8,0,0,0,1,0,1,0,7.16,45-54,70-90K,Married/Partner,Graduate,1,1,3,1150,0.8383,0.0296,0.1191,0.013,0.0,17,67.65,0.1176,0.2941,0.1176,0.5882,Store,1.641,1,0-30 ngày,5,4,5,4.5,14,Champions,High,11.1576,7.0484
C1122,1180,78075,2244,48,1,1,0,0,72,572,8,259,34,35,1,3,5,5,1,0,0,0,0,0,0,0,6.15,45-54,70-90K,Married/Partner,Graduate,0,0,2,908,0.63,0.0088,0.2852,0.0374,0.0385,13,69.85,0.0769,0.2308,0.3846,0.3846,Catalog,1.163,0,61-99 ngày,2,3,4,3.5,9,At Risk,Mid,11.2654,6.8123
C1123,1181,59184,2817,59,0,0,0,0,6,341,142,113,259,151,3,6,6,12,5,0,0,0,0,0,0,0,7.72,55-64,50-70K,Single,Non-graduate,0,0,1,1006,0.339,0.1412,0.1123,0.2575,0.1501,24,41.92,0.125,0.25,0.25,0.5,Store,1.7,0,0-30 ngày,5,5,4,4.5,14,Champions,Mid,10.9884,6.9147
C1124,1182,54809,2450,43,1,1,1,1,0,63,6,57,13,13,4,2,1,5,4,0,0,0,0,0,0,0,6.71,35-44,50-70K,Married/Partner,Graduate,2,1,4,152,0.4145,0.0395,0.375,0.0855,0.0855,8,19.0,0.5,0.25,0.125,0.625,Store,0.277,0,0-30 ngày,5,2,2,2.0,9,New / Promising,Low,10.9116,5.0304
C1125,1183,58113,2679,61,1,1,0,1,66,221,104,169,102,78,3,9,2,8,7,0,0,0,0,0,0,1,7.34,55-64,50-70K,Married/Partner,Graduate,1,1,3,674,0.3279,0.1543,0.2507,0.1513,0.1157,19,35.47,0.1579,0.4737,0.1053,0.4211,Web,1.16,0,61-99 ngày,2,4,4,4.0,10,At Risk,Mid,10.9702,6.5147
C1126,1184,51412,2339,62,1,1,0,1,42,140,3,29,4,5,2,3,2,4,4,0,0,0,0,0,0,0,6.41,55-64,50-70K,Married/Partner,Graduate,1,1,3,181,0.7735,0.0166,0.1602,0.0221,0.0276,9,20.11,0.2222,0.3333,0.2222,0.4444,Store,0.352,0,31-60 ngày,3,3,2,2.5,8,Need Attention,Low,10.8476,5.204
C1127,1186,66636,2475,63,1,1,0,0,64,291,10,689,84,10,1,3,4,9,1,0,0,0,0,0,0,0,6.78,55-64,50-70K,Married/Partner,Graduate,0,0,2,1084,0.2685,0.0092,0.6356,0.0775,0.0092,16,67.75,0.0625,0.1875,0.25,0.5625,Store,1.627,0,61-99 ngày,2,4,4,4.0,10,At Risk,Mid,11.107,6.9893
C1128,1187,50965,2653,64,1,1,0,1,87,544,13,85,8,6,3,10,4,5,8,0,0,1,0,0,1,0,7.27,55-64,50-70K,Married/Partner,Graduate,1,1,3,656,0.8293,0.0198,0.1296,0.0122,0.0091,19,34.53,0.1579,0.5263,0.2105,0.2632,Web,1.287,1,61-99 ngày,1,4,4,4.0,9,At Risk,Mid,10.8389,6.4877
C1129,1189,18351,2402,30,1,1,0,0,1,1,12,9,0,14,1,2,0,3,7,0,0,0,0,0,0,0,6.58,24-34,<30K,Married/Partner,Graduate,0,0,2,36,0.0278,0.3333,0.25,0.0,0.3889,5,7.2,0.2,0.4,0.0,0.6,Store,0.196,0,0-30 ngày,5,1,1,1.0,7,New / Promising,Low,9.8175,3.6109
C1130,1190,40451,2292,63,1,1,0,2,54,35,0,4,0,0,1,1,1,2,5,0,0,1,0,0,1,0,6.28,55-64,30-50K,Married/Partner,Graduate,2,1,4,39,0.8974,0.0,0.1026,0.0,0.0,4,9.75,0.25,0.25,0.25,0.5,Store,0.096,1,31-60 ngày,3,1,1,1.0,5,Need Attention,Low,10.6079,3.6889
C1131,1191,36317,2562,55,1,1,0,1,53,87,3,25,3,2,2,3,0,4,7,0,0,0,0,0,0,0,7.02,55-64,30-50K,Married/Partner,Graduate,1,1,3,120,0.725,0.025,0.2083,0.025,0.0167,7,17.14,0.2857,0.4286,0.0,0.5714,Store,0.33,0,31-60 ngày,3,2,2,2.0,7,Need Attention,Low,10.5001,4.7958
C1132,1192,42213,2419,63,1,1,0,1,96,309,3,24,4,3,2,5,1,7,7,0,0,0,1,0,1,0,6.63,55-64,30-50K,Married/Partner,Graduate,1,1,3,343,0.9009,0.0087,0.07,0.0117,0.0087,13,26.38,0.1538,0.3846,0.0769,0.5385,Store,0.813,1,61-99 ngày,1,3,3,3.0,7,At Risk,Low,10.6505,5.8406
C1133,1193,65748,2599,65,1,1,0,1,58,172,73,93,95,78,2,2,4,10,1,0,0,0,0,0,0,1,7.12,65+,50-70K,Married/Partner,Graduate,1,1,3,511,0.3366,0.1429,0.182,0.1859,0.1526,16,31.94,0.125,0.125,0.25,0.625,Store,0.777,0,31-60 ngày,3,4,3,3.5,10,Loyal Customers,Mid,11.0936,6.2383
C1134,1194,77044,2404,48,1,1,0,1,12,625,38,242,50,34,2,7,11,11,4,0,0,1,0,0,1,0,6.59,45-54,70-90K,Married/Partner,Graduate,1,1,3,989,0.632,0.0384,0.2447,0.0506,0.0344,29,34.1,0.069,0.2414,0.3793,0.3793,Catalog,1.284,1,0-30 ngày,5,5,4,4.5,14,Champions,Mid,11.2521,6.8977
C1135,1195,74918,2633,51,1,1,0,0,78,972,59,913,25,19,1,5,9,6,3,0,0,0,0,1,1,0,7.21,45-54,70-90K,Married/Partner,Graduate,0,0,2,1988,0.4889,0.0297,0.4593,0.0126,0.0096,20,99.4,0.05,0.25,0.45,0.3,Catalog,2.654,1,61-99 ngày,2,5,5,5.0,12,At Risk,High,11.2242,7.5954
C1136,1196,56721,2765,48,1,1,1,1,64,157,6,39,6,13,5,4,1,5,6,0,0,0,0,0,0,0,7.58,45-54,50-70K,Married/Partner,Graduate,2,1,4,221,0.7104,0.0271,0.1765,0.0271,0.0588,10,22.1,0.5,0.4,0.1,0.5,Store,0.39,0,61-99 ngày,2,3,3,3.0,8,At Risk,Low,10.9459,5.4027
C1137,1197,42160,2525,45,1,0,0,0,26,48,9,45,3,15,4,2,1,4,6,0,0,0,0,0,0,0,6.92,45-54,30-50K,Single,Graduate,0,0,1,120,0.4,0.075,0.375,0.025,0.125,7,17.14,0.5714,0.2857,0.1429,0.5714,Store,0.285,0,0-30 ngày,4,2,2,2.0,8,New / Promising,Low,10.6493,4.7958
C1138,1198,61559,2506,55,1,0,0,0,8,279,83,88,32,14,1,4,2,10,3,0,0,0,0,0,0,0,6.87,55-64,50-70K,Single,Graduate,0,0,1,496,0.5625,0.1673,0.1774,0.0645,0.0282,16,31.0,0.0625,0.25,0.125,0.625,Store,0.806,0,0-30 ngày,5,4,3,3.5,12,Loyal Customers,Mid,11.0278,6.2086
C1139,1199,33629,2849,57,1,1,1,1,49,132,0,16,0,0,5,3,1,4,9,0,0,0,0,0,0,0,7.81,55-64,30-50K,Married/Partner,Graduate,2,1,4,148,0.8919,0.0,0.1081,0.0,0.0,8,18.5,0.625,0.375,0.125,0.5,Store,0.44,0,31-60 ngày,3,2,2,2.0,7,Need Attention,Low,10.4232,5.0039
C1140,1201,34377,2685,57,1,0,0,0,55,62,0,22,3,1,2,2,2,2,7,0,0,0,0,0,0,0,7.36,55-64,30-50K,Single,Graduate,0,0,1,88,0.7045,0.0,0.25,0.0341,0.0114,6,14.67,0.3333,0.3333,0.3333,0.3333,Web,0.256,0,31-60 ngày,3,2,2,2.0,7,Need Attention,Low,10.4452,4.4886
C1141,1202,8940,2835,34,0,0,0,0,25,1,45,3,4,6,3,3,1,3,8,0,0,0,0,0,0,0,7.77,24-34,<30K,Single,Non-graduate,0,0,1,59,0.0169,0.7627,0.0508,0.0678,0.1017,7,8.43,0.4286,0.4286,0.1429,0.4286,Web,0.66,0,0-30 ngày,4,2,2,2.0,8,New / Promising,Low,9.0984,4.0943
C1142,1203,26228,2439,47,1,1,1,0,50,2,6,4,3,1,1,1,0,2,8,0,0,0,0,0,0,0,6.68,45-54,<30K,Married/Partner,Graduate,1,1,3,16,0.125,0.375,0.25,0.1875,0.0625,3,5.33,0.3333,0.3333,0.0,0.6667,Store,0.061,0,31-60 ngày,3,1,1,1.0,5,Need Attention,Low,10.1746,2.8332
C1143,1204,77297,2678,63,0,0,0,0,84,408,61,109,48,122,1,5,7,9,4,1,0,0,0,0,1,0,7.34,55-64,70-90K,Single,Non-graduate,0,0,1,748,0.5455,0.0816,0.1457,0.0642,0.1631,21,35.62,0.0476,0.2381,0.3333,0.4286,Store,0.968,1,61-99 ngày,1,5,4,4.5,10,At Risk,Mid,11.2554,6.6187
C1144,1205,40211,2493,39,1,1,1,1,30,51,1,7,2,1,2,2,1,2,8,0,0,1,0,0,1,0,6.83,35-44,30-50K,Married/Partner,Graduate,2,1,4,62,0.8226,0.0161,0.1129,0.0323,0.0161,5,12.4,0.4,0.4,0.2,0.4,Web,0.154,1,0-30 ngày,4,1,2,1.5,7,New / Promising,Low,10.6019,4.1431
C1145,1206,33438,2439,62,1,0,0,0,81,62,1,16,3,2,4,2,1,4,5,0,0,0,0,0,0,0,6.68,55-64,30-50K,Single,Graduate,0,0,1,84,0.7381,0.0119,0.1905,0.0357,0.0238,7,12.0,0.5714,0.2857,0.1429,0.5714,Store,0.251,0,61-99 ngày,1,2,2,2.0,5,Hibernating,Low,10.4175,4.4427
C1146,1207,75032,2586,61,1,1,0,1,74,952,12,180,47,12,2,5,4,9,3,0,0,0,0,0,0,0,7.08,55-64,70-90K,Married/Partner,Graduate,1,1,3,1203,0.7914,0.01,0.1496,0.0391,0.01,18,66.83,0.1111,0.2778,0.2222,0.5,Store,1.603,0,61-99 ngày,2,4,5,4.5,11,At Risk,High,11.2257,7.0934
C1147,1208,61284,2419,65,1,0,0,0,76,618,15,106,20,7,1,11,2,8,6,0,0,0,1,0,1,0,6.63,65+,50-70K,Single,Graduate,0,0,1,766,0.8068,0.0196,0.1384,0.0261,0.0091,21,36.48,0.0476,0.5238,0.0952,0.381,Web,1.25,1,61-99 ngày,2,5,4,4.5,11,At Risk,Mid,11.0233,6.6425
C1148,1209,22518,2774,34,1,1,1,0,36,11,7,12,2,2,2,2,1,2,5,0,0,1,0,0,1,0,7.6,24-34,<30K,Married/Partner,Graduate,1,1,3,34,0.3235,0.2059,0.3529,0.0588,0.0588,5,6.8,0.4,0.4,0.2,0.4,Web,0.151,1,31-60 ngày,4,1,1,1.0,6,New / Promising,Low,10.0221,3.5553
C1149,1210,54730,2477,45,1,1,0,1,64,318,3,17,4,7,5,4,1,8,4,0,0,0,0,0,0,0,6.79,45-54,50-70K,Married/Partner,Graduate,1,1,3,349,0.9112,0.0086,0.0487,0.0115,0.0201,13,26.85,0.3846,0.3077,0.0769,0.6154,Store,0.638,0,61-99 ngày,2,3,3,3.0,8,At Risk,Mid,10.9102,5.8579
C1150,1211,38452,2250,65,1,1,1,1,62,56,0,14,0,0,3,3,0,3,7,0,0,0,0,0,0,0,6.16,65+,30-50K,Married/Partner,Graduate,2,1,4,70,0.8,0.0,0.2,0.0,0.0,6,11.67,0.5,0.5,0.0,0.5,Web,0.182,0,61-99 ngày,2,2,2,2.0,6,Hibernating,Low,10.5572,4.2627
C1151,1212,44421,2658,49,1,0,0,0,53,110,5,59,7,1,5,5,0,4,8,0,0,0,0,0,0,0,7.28,45-54,30-50K,Single,Graduate,0,0,1,182,0.6044,0.0275,0.3242,0.0385,0.0055,9,20.22,0.5556,0.5556,0.0,0.4444,Web,0.41,0,31-60 ngày,3,3,3,3.0,9,Loyal Customers,Low,10.7015,5.2095
C1152,1213,38197,2524,34,1,1,1,0,86,23,0,11,2,1,1,1,0,3,5,0,0,0,0,0,0,0,6.92,24-34,30-50K,Married/Partner,Graduate,1,1,3,37,0.6216,0.0,0.2973,0.0541,0.027,4,9.25,0.25,0.25,0.0,0.75,Store,0.097,0,61-99 ngày,1,1,1,1.0,3,Hibernating,Low,10.5505,3.6376
C1153,1214,41986,2299,42,1,0,0,0,15,27,5,8,8,3,3,3,0,4,4,0,0,0,0,0,0,0,6.3,35-44,30-50K,Single,Graduate,0,0,1,51,0.5294,0.098,0.1569,0.1569,0.0588,7,7.29,0.4286,0.4286,0.0,0.5714,Store,0.121,0,0-30 ngày,5,2,2,2.0,9,New / Promising,Low,10.6451,3.9512
C1154,1215,28427,2624,37,1,1,1,0,67,18,3,19,3,3,2,2,0,3,8,0,0,0,0,0,0,0,7.19,35-44,<30K,Married/Partner,Graduate,1,1,3,46,0.3913,0.0652,0.413,0.0652,0.0652,5,9.2,0.4,0.4,0.0,0.6,Store,0.162,0,61-99 ngày,2,1,2,1.5,5,Hibernating,Low,10.2551,3.8501
C1155,1216,37395,2217,44,1,1,1,0,47,18,0,9,0,1,1,1,0,3,6,0,0,0,0,0,0,0,6.07,35-44,30-50K,Married/Partner,Graduate,1,1,3,28,0.6429,0.0,0.3214,0.0,0.0357,4,7.0,0.25,0.25,0.0,0.75,Store,0.075,0,31-60 ngày,3,1,1,1.0,5,Need Attention,Low,10.5293,3.3673
C1156,1217,64722,2193,49,1,1,1,0,47,303,0,280,60,147,4,8,2,11,6,0,0,0,0,0,0,0,6.01,45-54,50-70K,Married/Partner,Graduate,1,1,3,790,0.3835,0.0,0.3544,0.0759,0.1861,21,37.62,0.1905,0.381,0.0952,0.5238,Store,1.221,0,31-60 ngày,3,5,4,4.5,12,Loyal Customers,Mid,11.0779,6.6733
C1157,1218,55249,2232,64,1,1,0,1,81,97,1,19,2,0,1,2,1,4,3,0,0,0,0,0,0,0,6.12,55-64,50-70K,Married/Partner,Graduate,1,1,3,119,0.8151,0.0084,0.1597,0.0168,0.0,7,17.0,0.1429,0.2857,0.1429,0.5714,Store,0.215,0,61-99 ngày,1,2,2,2.0,5,Hibernating,Low,10.9196,4.7875
C1158,1219,84906,2427,48,1,1,0,0,98,997,15,414,99,30,1,5,6,12,2,0,1,0,1,1,3,0,6.65,45-54,70-90K,Married/Partner,Graduate,0,0,2,1555,0.6412,0.0096,0.2662,0.0637,0.0193,23,67.61,0.0435,0.2174,0.2609,0.5217,Store,1.831,1,61-99 ngày,1,5,5,5.0,11,At Risk,High,11.3493,7.3499
C1159,1221,44213,2371,68,1,0,0,0,48,95,11,35,0,4,4,2,1,5,6,0,0,0,0,0,0,0,6.5,65+,30-50K,Single,Graduate,0,0,1,145,0.6552,0.0759,0.2414,0.0,0.0276,8,18.12,0.5,0.25,0.125,0.625,Store,0.328,0,31-60 ngày,3,2,2,2.0,7,Need Attention,Low,10.6968,4.9836
C1160,1222,25707,2321,36,0,0,0,0,18,1,6,2,3,6,1,1,0,3,7,0,0,0,0,0,0,0,6.36,35-44,<30K,Single,Non-graduate,0,0,1,18,0.0556,0.3333,0.1111,0.1667,0.3333,4,4.5,0.25,0.25,0.0,0.75,Store,0.07,0,0-30 ngày,5,1,1,1.0,7,New / Promising,Low,10.1546,2.9444
C1161,1223,59062,2428,53,1,1,2,1,74,46,1,12,3,0,2,2,0,3,4,0,0,0,0,0,0,0,6.65,45-54,50-70K,Married/Partner,Graduate,3,1,5,62,0.7419,0.0161,0.1935,0.0484,0.0,5,12.4,0.4,0.4,0.0,0.6,Store,0.105,0,61-99 ngày,2,1,2,1.5,5,Hibernating,Low,10.9864,4.1431
C1162,1224,76624,2195,58,1,0,0,0,68,411,106,147,54,115,1,5,10,7,1,0,0,1,0,0,1,0,6.01,55-64,70-90K,Single,Graduate,0,0,1,833,0.4934,0.1273,0.1765,0.0648,0.1381,22,37.86,0.0455,0.2273,0.4545,0.3182,Catalog,1.087,1,61-99 ngày,2,5,4,4.5,11,At Risk,Mid,11.2467,6.7262
C1163,1225,66000,2229,73,1,1,0,0,36,244,51,270,101,0,1,1,3,5,1,0,0,0,0,0,0,0,6.11,65+,50-70K,Married/Partner,Graduate,0,0,2,666,0.3664,0.0766,0.4054,0.1517,0.0,9,74.0,0.1111,0.1111,0.3333,0.5556,Store,1.009,0,31-60 ngày,4,3,4,3.5,11,Loyal Customers,Mid,11.0974,6.5028
C1164,1226,27683,2853,42,1,1,1,0,90,152,9,121,12,12,4,6,2,4,8,0,0,0,0,0,0,0,7.82,35-44,<30K,Married/Partner,Graduate,1,1,3,306,0.4967,0.0294,0.3954,0.0392,0.0392,12,25.5,0.3333,0.5,0.1667,0.3333,Web,1.105,0,61-99 ngày,1,3,3,3.0,7,At Risk,Low,10.2286,5.7268
C1165,1228,7500,2732,28,0,0,0,0,63,10,17,18,8,26,4,3,2,2,9,0,0,0,0,0,0,0,7.48,24-34,<30K,Single,Non-graduate,0,0,1,79,0.1266,0.2152,0.2278,0.1013,0.3291,7,11.29,0.5714,0.4286,0.2857,0.2857,Web,1.053,0,61-99 ngày,2,2,2,2.0,6,Hibernating,Low,8.9228,4.382
C1166,1229,40521,2609,52,1,1,1,1,82,12,0,5,0,0,1,0,1,2,5,0,0,0,0,0,0,0,7.15,45-54,30-50K,Married/Partner,Graduate,2,1,4,17,0.7059,0.0,0.2941,0.0,0.0,3,5.67,0.3333,0.0,0.3333,0.6667,Store,0.042,0,61-99 ngày,1,1,1,1.0,3,Hibernating,Low,10.6096,2.8904
C1167,1230,20427,2256,47,1,1,1,0,63,5,0,4,0,0,1,1,0,2,8,0,0,0,0,0,0,0,6.18,45-54,<30K,Married/Partner,Graduate,1,1,3,9,0.5556,0.0,0.4444,0.0,0.0,3,3.0,0.3333,0.3333,0.0,0.6667,Store,0.044,0,61-99 ngày,2,1,1,1.0,4,Hibernating,Low,9.9247,2.3026
C1168,1231,65106,2195,45,1,1,0,1,55,790,19,133,12,0,3,8,3,13,6,0,0,0,1,0,1,0,6.01,45-54,50-70K,Married/Partner,Graduate,1,1,3,954,0.8281,0.0199,0.1394,0.0126,0.0,24,39.75,0.125,0.3333,0.125,0.5417,Store,1.465,1,31-60 ngày,3,5,4,4.5,12,Loyal Customers,Mid,11.0838,6.8617
C1169,1232,69969,2465,55,1,1,0,0,64,882,29,514,38,29,1,4,2,6,3,1,0,0,0,1,2,0,6.75,55-64,50-70K,Married/Partner,Graduate,0,0,2,1492,0.5912,0.0194,0.3445,0.0255,0.0194,12,124.33,0.0833,0.3333,0.1667,0.5,Store,2.132,1,61-99 ngày,2,3,5,4.0,10,At Risk,High,11.1558,7.3085
C1170,1233,67433,2507,68,1,1,0,2,51,615,28,259,12,48,4,6,5,13,4,0,0,0,1,0,1,0,6.87,65+,50-70K,Married/Partner,Graduate,2,1,4,962,0.6393,0.0291,0.2692,0.0125,0.0499,24,40.08,0.1667,0.25,0.2083,0.5417,Store,1.427,1,31-60 ngày,3,5,4,4.5,12,Loyal Customers,Mid,11.1189,6.8701
C1171,1234,77766,2651,53,1,1,0,1,97,1004,59,265,115,59,2,11,10,11,6,0,0,1,0,0,1,0,7.26,45-54,70-90K,Married/Partner,Graduate,1,1,3,1502,0.6684,0.0393,0.1764,0.0766,0.0393,32,46.94,0.0625,0.3438,0.3125,0.3438,Web,1.931,1,61-99 ngày,1,5,5,5.0,11,At Risk,High,11.2615,7.3152
C1172,1235,74716,2449,48,1,1,0,1,92,133,27,421,13,195,2,7,3,5,4,0,0,0,0,0,0,0,6.71,45-54,70-90K,Married/Partner,Graduate,1,1,3,789,0.1686,0.0342,0.5336,0.0165,0.2471,15,52.6,0.1333,0.4667,0.2,0.3333,Web,1.056,0,61-99 ngày,1,4,4,4.0,9,At Risk,Mid,11.2215,6.672
C1173,1237,55158,2858,50,1,1,1,1,72,293,0,87,4,11,4,7,2,5,7,0,0,0,0,0,0,0,7.83,45-54,50-70K,Married/Partner,Graduate,2,1,4,395,0.7418,0.0,0.2203,0.0101,0.0278,14,28.21,0.2857,0.5,0.1429,0.3571,Web,0.716,0,61-99 ngày,2,3,3,3.0,8,At Risk,Mid,10.918,5.9814
C1174,1238,62972,2854,65,0,1,0,1,39,313,15,47,20,0,2,7,4,3,6,0,0,0,0,0,0,0,7.82,65+,50-70K,Married/Partner,Non-graduate,1,1,3,395,0.7924,0.038,0.119,0.0506,0.0,14,28.21,0.1429,0.5,0.2857,0.2143,Web,0.627,0,31-60 ngày,4,3,3,3.0,10,Loyal Customers,Mid,11.0505,5.9814
C1175,1239,74190,2207,45,1,1,0,1,49,151,81,86,168,91,2,4,2,11,2,0,0,0,0,0,0,0,6.05,45-54,70-90K,Married/Partner,Graduate,1,1,3,577,0.2617,0.1404,0.149,0.2912,0.1577,17,33.94,0.1176,0.2353,0.1176,0.6471,Store,0.778,0,31-60 ngày,3,4,3,3.5,10,Loyal Customers,Mid,11.2144,6.3596
C1176,1240,39356,2261,44,1,1,1,1,21,15,0,2,0,0,1,1,0,2,6,0,0,1,0,0,1,0,6.19,35-44,30-50K,Married/Partner,Graduate,2,1,4,17,0.8824,0.0,0.1176,0.0,0.0,3,5.67,0.3333,0.3333,0.0,0.6667,Store,0.043,1,0-30 ngày,4,1,1,1.0,6,New / Promising,Low,10.5804,2.8904
C1177,1241,76653,2476,51,1,1,0,0,91,736,63,946,219,189,1,4,7,11,2,1,0,0,0,1,2,0,6.78,45-54,70-90K,Married/Partner,Graduate,0,0,2,2153,0.3418,0.0293,0.4394,0.1017,0.0878,22,97.86,0.0455,0.1818,0.3182,0.5,Store,2.809,1,61-99 ngày,1,5,5,5.0,11,At Risk,High,11.2471,7.6751
C1178,1243,90687,2562,37,1,0,0,0,98,982,17,672,23,34,1,6,2,8,2,0,0,0,0,1,1,0,7.02,35-44,90K+,Single,Graduate,0,0,1,1728,0.5683,0.0098,0.3889,0.0133,0.0197,16,108.0,0.0625,0.375,0.125,0.5,Store,1.905,1,61-99 ngày,1,4,5,4.5,10,At Risk,High,11.4152,7.4553
C1179,1244,73450,2365,38,1,1,0,0,85,1142,51,415,90,69,1,7,8,11,3,1,0,1,0,0,2,0,6.48,35-44,70-90K,Married/Partner,Graduate,0,0,2,1767,0.6463,0.0289,0.2349,0.0509,0.039,26,67.96,0.0385,0.2692,0.3077,0.4231,Store,2.406,1,61-99 ngày,1,5,5,5.0,11,At Risk,High,11.2044,7.4776
C1180,1245,31454,2517,60,1,1,1,1,40,28,0,11,0,0,3,2,0,3,8,0,0,0,0,0,0,0,6.9,55-64,30-50K,Married/Partner,Graduate,2,1,4,39,0.7179,0.0,0.2821,0.0,0.0,5,7.8,0.6,0.4,0.0,0.6,Store,0.124,0,31-60 ngày,3,1,1,1.0,5,Need Attention,Low,10.3563,3.6889
C1181,1246,47139,2274,68,1,0,0,0,2,46,0,12,0,2,2,2,1,2,7,0,0,0,0,0,0,0,6.23,65+,30-50K,Single,Graduate,0,0,1,60,0.7667,0.0,0.2,0.0,0.0333,5,12.0,0.4,0.4,0.2,0.4,Web,0.127,0,0-30 ngày,5,1,2,1.5,8,New / Promising,Low,10.7609,4.1109
C1182,1248,53378,2802,57,1,1,1,1,41,489,6,152,8,6,10,9,4,6,8,0,0,0,0,0,0,0,7.68,55-64,50-70K,Married/Partner,Graduate,2,1,4,661,0.7398,0.0091,0.23,0.0121,0.0091,19,34.79,0.5263,0.4737,0.2105,0.3158,Web,1.238,0,31-60 ngày,3,4,4,4.0,11,Loyal Customers,Mid,10.8852,6.4953
C1183,1249,19656,2665,50,1,1,1,0,94,25,4,9,6,8,3,2,1,3,7,0,0,0,0,0,0,0,7.3,45-54,<30K,Married/Partner,Graduate,1,1,3,52,0.4808,0.0769,0.1731,0.1154,0.1538,6,8.67,0.5,0.3333,0.1667,0.5,Store,0.265,0,61-99 ngày,1,2,2,2.0,5,Hibernating,Low,9.8862,3.9703
C1184,1250,45579,2472,72,1,1,0,1,10,145,1,33,2,1,1,4,1,4,6,0,0,0,0,0,0,0,6.77,65+,30-50K,Married/Partner,Graduate,1,1,3,182,0.7967,0.0055,0.1813,0.011,0.0055,9,20.22,0.1111,0.4444,0.1111,0.4444,Web,0.399,0,0-30 ngày,5,3,3,3.0,11,Loyal Customers,Low,10.7272,5.2095
C1185,1251,85485,2167,62,0,0,0,0,73,630,26,611,44,18,1,6,6,6,2,0,0,0,0,0,0,0,5.94,55-64,70-90K,Single,Non-graduate,0,0,1,1329,0.474,0.0196,0.4597,0.0331,0.0135,18,73.83,0.0556,0.3333,0.3333,0.3333,Web,1.555,0,61-99 ngày,2,4,5,4.5,11,At Risk,High,11.3561,7.1929
C1186,1252,55956,2242,76,1,1,0,0,22,760,38,104,50,9,2,7,3,4,4,0,0,0,1,0,1,0,6.14,65+,50-70K,Married/Partner,Graduate,0,0,2,961,0.7908,0.0395,0.1082,0.052,0.0094,14,68.64,0.1429,0.5,0.2143,0.2857,Web,1.717,1,0-30 ngày,4,3,4,3.5,11,Loyal Customers,Mid,10.9323,6.869
C1187,1253,64191,2682,57,1,0,0,0,30,420,15,186,151,38,3,5,3,13,3,0,0,0,0,0,0,0,7.35,55-64,50-70K,Single,Graduate,0,0,1,810,0.5185,0.0185,0.2296,0.1864,0.0469,21,38.57,0.1429,0.2381,0.1429,0.619,Store,1.262,0,0-30 ngày,4,5,4,4.5,13,Champions,Mid,11.0696,6.6983
C1188,1254,38808,2831,48,1,0,0,0,21,125,17,52,3,19,4,5,1,4,8,0,0,1,0,0,1,0,7.76,45-54,30-50K,Single,Graduate,0,0,1,216,0.5787,0.0787,0.2407,0.0139,0.088,10,21.6,0.4,0.5,0.1,0.4,Web,0.557,1,0-30 ngày,4,3,3,3.0,10,Loyal Customers,Low,10.5664,5.3799
C1189,1255,57183,2626,54,1,1,1,1,51,464,5,64,7,0,8,9,1,7,8,0,0,0,0,0,0,0,7.19,45-54,50-70K,Married/Partner,Graduate,2,1,4,540,0.8593,0.0093,0.1185,0.013,0.0,17,31.76,0.4706,0.5294,0.0588,0.4118,Web,0.944,0,31-60 ngày,3,4,3,3.5,10,Loyal Customers,Mid,10.954,6.2934
C1190,1256,23748,2744,52,1,0,0,0,97,6,6,29,12,15,3,2,1,3,8,0,0,0,0,0,0,0,7.52,45-54,<30K,Single,Graduate,0,0,1,68,0.0882,0.0882,0.4265,0.1765,0.2206,6,11.33,0.5,0.3333,0.1667,0.5,Store,0.286,0,61-99 ngày,1,2,2,2.0,5,Hibernating,Low,10.0753,4.2341
C1191,1257,66303,2647,49,1,1,0,1,56,1090,12,96,16,12,4,3,4,11,8,0,0,0,1,0,1,0,7.25,45-54,50-70K,Married/Partner,Graduate,1,1,3,1226,0.8891,0.0098,0.0783,0.0131,0.0098,18,68.11,0.2222,0.1667,0.2222,0.6111,Store,1.849,1,31-60 ngày,3,4,5,4.5,12,Loyal Customers,High,11.102,7.1123
C1192,1258,37368,2354,45,1,1,1,0,4,3,2,11,2,2,1,1,0,2,6,0,0,1,0,0,1,0,6.45,45-54,30-50K,Married/Partner,Graduate,1,1,3,20,0.15,0.1,0.55,0.1,0.1,3,6.67,0.3333,0.3333,0.0,0.6667,Store,0.054,1,0-30 ngày,5,1,1,1.0,7,New / Promising,Low,10.5286,3.0445
C1193,1259,40800,2703,56,1,1,1,2,77,24,0,27,8,30,2,3,0,3,7,0,0,0,0,0,0,1,7.41,55-64,30-50K,Married/Partner,Graduate,3,1,5,89,0.2697,0.0,0.3034,0.0899,0.3371,6,14.83,0.3333,0.5,0.0,0.5,Web,0.218,0,61-99 ngày,2,2,2,2.0,6,Hibernating,Low,10.6165,4.4998
C1194,1260,71847,2805,42,1,0,0,0,95,737,21,106,55,63,0,6,7,9,3,1,0,0,0,0,1,0,7.68,35-44,70-90K,Single,Graduate,0,0,1,982,0.7505,0.0214,0.1079,0.056,0.0642,22,44.64,0.0,0.2727,0.3182,0.4091,Store,1.367,1,61-99 ngày,1,5,4,4.5,10,At Risk,Mid,11.1823,6.8906
C1195,1261,46149,2371,45,1,1,0,1,36,254,6,71,4,0,5,5,1,7,5,0,0,0,0,0,0,0,6.5,45-54,30-50K,Married/Partner,Graduate,1,1,3,335,0.7582,0.0179,0.2119,0.0119,0.0,13,25.77,0.3846,0.3846,0.0769,0.5385,Store,0.726,0,31-60 ngày,4,3,3,3.0,10,Loyal Customers,Low,10.7397,5.8171
C1196,1262,78687,2848,37,1,1,0,0,13,817,185,687,145,55,1,4,6,8,2,0,0,0,0,1,1,0,7.8,35-44,70-90K,Married/Partner,Graduate,0,0,2,1889,0.4325,0.0979,0.3637,0.0768,0.0291,18,104.94,0.0556,0.2222,0.3333,0.4444,Store,2.401,1,0-30 ngày,5,4,5,4.5,14,Champions,High,11.2732,7.5443
C1197,1263,49118,2839,49,0,0,0,0,90,620,54,239,99,98,2,9,7,10,7,0,1,0,1,0,2,0,7.78,45-54,30-50K,Single,Non-graduate,0,0,1,1110,0.5586,0.0486,0.2153,0.0892,0.0883,26,42.69,0.0769,0.3462,0.2692,0.3846,Store,2.26,1,61-99 ngày,1,5,5,5.0,11,At Risk,High,10.802,7.013
C1198,1264,37633,2806,63,1,1,1,1,49,13,4,20,0,0,2,1,0,3,9,0,0,0,0,0,0,0,7.69,55-64,30-50K,Married/Partner,Graduate,2,1,4,37,0.3514,0.1081,0.5405,0.0,0.0,4,9.25,0.5,0.25,0.0,0.75,Store,0.098,0,31-60 ngày,3,1,1,1.0,5,Need Attention,Low,10.5357,3.6376
C1199,1265,39767,2502,69,1,1,0,0,18,113,61,204,34,26,2,7,1,7,8,0,0,0,0,0,0,0,6.85,65+,30-50K,Married/Partner,Graduate,0,0,2,438,0.258,0.1393,0.4658,0.0776,0.0594,15,29.2,0.1333,0.4667,0.0667,0.4667,Web,1.101,0,0-30 ngày,5,4,3,3.5,12,Loyal Customers,Mid,10.5908,6.0845
C1200,1266,26997,2760,69,0,1,0,0,89,7,23,78,133,49,2,4,2,5,7,0,0,0,0,0,0,0,7.56,65+,<30K,Married/Partner,Non-graduate,0,0,2,290,0.0241,0.0793,0.269,0.4586,0.169,11,26.36,0.1818,0.3636,0.1818,0.4545,Store,1.074,0,61-99 ngày,1,3,3,3.0,7,At Risk,Low,10.2035,5.6733
C1201,1267,33986,2631,50,1,0,0,0,43,16,2,18,2,1,1,1,0,3,7,0,0,0,0,0,0,0,7.21,45-54,30-50K,Single,Graduate,0,0,1,39,0.4103,0.0513,0.4615,0.0513,0.0256,4,9.75,0.25,0.25,0.0,0.75,Store,0.115,0,31-60 ngày,3,1,1,1.0,5,Need Attention,Low,10.4337,3.6889
C1202,1268,57091,2742,48,1,1,0,1,82,462,0,24,6,0,2,9,2,5,7,0,0,0,1,0,1,0,7.51,45-54,50-70K,Married/Partner,Graduate,1,1,3,492,0.939,0.0,0.0488,0.0122,0.0,16,30.75,0.125,0.5625,0.125,0.3125,Web,0.862,1,61-99 ngày,1,4,3,3.5,8,At Risk,Mid,10.9524,6.2005
C1203,1269,46831,2545,51,0,1,1,1,84,22,2,10,6,4,2,1,2,2,4,0,0,0,0,0,0,0,6.97,45-54,30-50K,Married/Partner,Non-graduate,2,1,4,44,0.5,0.0455,0.2273,0.1364,0.0909,5,8.8,0.4,0.2,0.4,0.4,Catalog,0.094,0,61-99 ngày,1,1,2,1.5,4,Hibernating,Low,10.7543,3.8067
C1204,1270,83151,2663,48,1,1,0,0,80,968,147,842,137,42,1,5,7,10,2,1,0,1,0,1,3,0,7.3,45-54,70-90K,Married/Partner,Graduate,0,0,2,2136,0.4532,0.0688,0.3942,0.0641,0.0197,22,97.09,0.0455,0.2273,0.3182,0.4545,Store,2.569,1,61-99 ngày,1,5,5,5.0,11,At Risk,High,11.3284,7.6672
C1205,1271,52531,2705,49,1,1,0,0,68,283,112,151,51,72,2,7,2,10,6,0,0,0,0,0,0,0,7.41,45-54,50-70K,Married/Partner,Graduate,0,0,2,669,0.423,0.1674,0.2257,0.0762,0.1076,19,35.21,0.1053,0.3684,0.1053,0.5263,Store,1.274,0,61-99 ngày,2,4,4,4.0,10,At Risk,Mid,10.8692,6.5073
C1206,1272,15759,2456,64,1,1,0,0,12,1,2,5,6,0,1,1,0,2,7,0,0,0,0,0,0,0,6.73,55-64,<30K,Married/Partner,Graduate,0,0,2,14,0.0714,0.1429,0.3571,0.4286,0.0,3,4.67,0.3333,0.3333,0.0,0.6667,Store,0.089,0,0-30 ngày,5,1,1,1.0,7,New / Promising,Low,9.6652,2.7081
C1207,1274,43050,2262,47,0,1,1,0,10,30,5,24,6,3,2,2,0,4,5,0,0,0,0,0,0,0,6.2,45-54,30-50K,Married/Partner,Non-graduate,1,1,3,68,0.4412,0.0735,0.3529,0.0882,0.0441,6,11.33,0.3333,0.3333,0.0,0.6667,Store,0.158,0,0-30 ngày,5,2,2,2.0,9,New / Promising,Low,10.6701,4.2341
C1208,1275,42997,2363,43,1,0,0,0,91,4,0,5,0,1,1,1,0,2,7,0,0,0,0,0,0,0,6.47,35-44,30-50K,Single,Graduate,0,0,1,10,0.4,0.0,0.5,0.0,0.1,3,3.33,0.3333,0.3333,0.0,0.6667,Store,0.023,0,61-99 ngày,1,1,1,1.0,3,Hibernating,Low,10.6689,2.3979
C1209,1276,48918,2237,57,1,0,0,0,21,52,0,9,0,0,2,1,0,4,4,0,0,0,0,0,0,0,6.13,55-64,30-50K,Single,Graduate,0,0,1,61,0.8525,0.0,0.1475,0.0,0.0,5,12.2,0.4,0.2,0.0,0.8,Store,0.125,0,0-30 ngày,4,2,2,2.0,8,New / Promising,Low,10.7979,4.1271
C1210,1277,60033,2251,66,1,1,0,1,28,62,1,57,19,11,2,2,1,5,2,0,0,0,0,0,0,0,6.17,65+,50-70K,Married/Partner,Graduate,1,1,3,150,0.4133,0.0067,0.38,0.1267,0.0733,8,18.75,0.25,0.25,0.125,0.625,Store,0.25,0,0-30 ngày,4,2,2,2.0,8,New / Promising,Low,11.0027,5.0173
C1211,1278,34043,2406,42,1,1,1,0,97,20,2,14,3,0,1,2,0,2,9,0,0,0,0,0,0,0,6.59,35-44,30-50K,Married/Partner,Graduate,1,1,3,39,0.5128,0.0513,0.359,0.0769,0.0,4,9.75,0.25,0.5,0.0,0.5,Web,0.115,0,61-99 ngày,1,1,1,1.0,3,Hibernating,Low,10.4354,3.6889
C1212,1279,57811,2529,54,1,1,0,1,49,545,7,114,37,21,5,7,2,11,5,0,0,0,1,0,1,0,6.93,45-54,50-70K,Married/Partner,Graduate,1,1,3,724,0.7528,0.0097,0.1575,0.0511,0.029,20,36.2,0.25,0.35,0.1,0.55,Store,1.252,1,31-60 ngày,3,5,4,4.5,12,Loyal Customers,Mid,10.965,6.5862
C1213,1280,78569,2289,74,1,1,0,0,14,558,79,622,207,175,1,4,6,4,1,0,0,0,0,1,1,0,6.27,65+,70-90K,Married/Partner,Graduate,0,0,2,1641,0.34,0.0481,0.379,0.1261,0.1066,14,117.21,0.0714,0.2857,0.4286,0.2857,Catalog,2.089,1,0-30 ngày,5,3,5,4.0,13,Champions,High,11.2717,7.4037
C1214,1281,7500,2708,42,1,0,0,0,5,6,5,4,13,4,4,2,1,3,6,0,0,0,0,0,0,0,7.42,35-44,<30K,Single,Graduate,0,0,1,32,0.1875,0.1562,0.125,0.4062,0.125,6,5.33,0.6667,0.3333,0.1667,0.5,Store,0.427,0,0-30 ngày,5,2,1,1.5,8,New / Promising,Low,8.9228,3.4965
C1215,1283,23148,2290,35,0,1,0,0,83,4,6,8,6,3,1,2,0,3,7,0,0,0,0,0,0,0,6.27,35-44,<30K,Married/Partner,Non-graduate,0,0,2,27,0.1481,0.2222,0.2963,0.2222,0.1111,5,5.4,0.2,0.4,0.0,0.6,Store,0.117,0,61-99 ngày,1,2,1,1.5,4,Hibernating,Low,10.0497,3.3322
C1216,1284,44267,2648,50,1,0,0,0,48,183,5,65,3,5,5,5,2,4,9,0,0,0,0,0,0,0,7.25,45-54,30-50K,Single,Graduate,0,0,1,261,0.7011,0.0192,0.249,0.0115,0.0192,11,23.73,0.4545,0.4545,0.1818,0.3636,Web,0.59,0,31-60 ngày,3,3,3,3.0,9,Loyal Customers,Low,10.698,5.5683
C1217,1285,71626,2764,41,1,1,0,0,94,546,72,376,94,145,1,5,5,8,3,0,0,0,1,0,1,0,7.57,35-44,70-90K,Married/Partner,Graduate,0,0,2,1233,0.4428,0.0584,0.3049,0.0762,0.1176,18,68.5,0.0556,0.2778,0.2778,0.4444,Store,1.721,1,61-99 ngày,1,4,5,4.5,10,At Risk,High,11.1792,7.118
C1218,1286,60894,2525,54,1,1,0,1,61,606,7,155,10,0,5,10,3,8,7,0,0,0,0,0,0,0,6.92,45-54,50-70K,Married/Partner,Graduate,1,1,3,778,0.7789,0.009,0.1992,0.0129,0.0,21,37.05,0.2381,0.4762,0.1429,0.381,Web,1.278,0,61-99 ngày,2,5,4,4.5,11,At Risk,Mid,11.0169,6.658
C1219,1287,50200,2611,44,1,1,1,1,70,266,6,51,8,6,6,7,1,5,8,0,0,0,0,0,0,0,7.15,35-44,50-70K,Married/Partner,Graduate,2,1,4,337,0.7893,0.0178,0.1513,0.0237,0.0178,13,25.92,0.4615,0.5385,0.0769,0.3846,Web,0.671,0,61-99 ngày,2,3,3,3.0,8,At Risk,Low,10.8238,5.823
C1220,1288,81051,2196,55,1,1,0,0,43,1142,29,249,38,29,1,5,5,12,2,0,0,0,1,1,2,0,6.02,55-64,70-90K,Married/Partner,Graduate,0,0,2,1487,0.768,0.0195,0.1675,0.0256,0.0195,22,67.59,0.0455,0.2273,0.2273,0.5455,Store,1.835,1,31-60 ngày,3,5,5,5.0,13,Loyal Customers,High,11.3028,7.3052
C1221,1289,65169,2325,38,1,1,0,0,23,1074,0,69,0,0,1,10,4,13,6,1,1,1,0,1,4,0,6.37,35-44,50-70K,Married/Partner,Graduate,0,0,2,1143,0.9396,0.0,0.0604,0.0,0.0,27,42.33,0.037,0.3704,0.1481,0.4815,Store,1.754,1,0-30 ngày,4,5,5,5.0,14,Champions,High,11.0848,7.0423
C1222,1290,59868,2501,48,1,1,0,1,37,771,51,154,54,10,7,11,2,12,6,0,0,0,0,0,0,0,6.85,45-54,50-70K,Married/Partner,Graduate,1,1,3,1040,0.7413,0.049,0.1481,0.0519,0.0096,25,41.6,0.28,0.44,0.08,0.48,Store,1.737,0,31-60 ngày,4,5,4,4.5,13,Champions,Mid,10.9999,6.9479
C1223,1291,65695,2308,60,1,1,0,1,50,371,32,189,0,58,2,5,4,10,4,0,0,0,0,0,0,0,6.32,55-64,50-70K,Married/Partner,Graduate,1,1,3,650,0.5708,0.0492,0.2908,0.0,0.0892,19,34.21,0.1053,0.2632,0.2105,0.5263,Store,0.989,0,31-60 ngày,3,4,4,4.0,11,Loyal Customers,Mid,11.0928,6.4785
C1224,1292,64857,2742,64,1,0,0,0,78,556,14,717,210,0,1,7,5,10,4,0,0,0,0,0,0,0,7.51,55-64,50-70K,Single,Graduate,0,0,1,1497,0.3714,0.0094,0.479,0.1403,0.0,22,68.05,0.0455,0.3182,0.2273,0.4545,Store,2.308,0,61-99 ngày,2,5,5,5.0,12,At Risk,High,11.08,7.3119
C1225,1293,45143,2466,55,1,1,0,1,74,202,5,74,11,5,3,6,1,5,7,0,0,0,0,0,0,0,6.76,55-64,30-50K,Married/Partner,Graduate,1,1,3,297,0.6801,0.0168,0.2492,0.037,0.0168,12,24.75,0.25,0.5,0.0833,0.4167,Web,0.658,0,61-99 ngày,2,3,3,3.0,8,At Risk,Low,10.7176,5.6971
C1226,1294,74805,2394,65,0,1,0,1,14,209,162,209,41,162,5,4,7,10,2,0,0,0,0,0,0,0,6.56,65+,70-90K,Married/Partner,Non-graduate,1,1,3,783,0.2669,0.2069,0.2669,0.0524,0.2069,21,37.29,0.2381,0.1905,0.3333,0.4762,Store,1.047,0,0-30 ngày,5,5,4,4.5,14,Champions,Mid,11.2227,6.6644
C1227,1295,59060,2328,31,0,1,1,0,77,35,40,111,36,40,3,3,1,7,4,0,0,0,0,0,0,0,6.38,24-34,50-70K,Married/Partner,Non-graduate,1,1,3,262,0.1336,0.1527,0.4237,0.1374,0.1527,11,23.82,0.2727,0.2727,0.0909,0.6364,Store,0.444,0,61-99 ngày,2,3,3,3.0,8,At Risk,Low,10.9863,5.5722
C1228,1296,27238,2594,58,1,0,0,0,39,37,0,17,0,0,3,3,0,3,9,0,0,0,0,0,0,0,7.11,55-64,<30K,Single,Graduate,0,0,1,54,0.6852,0.0,0.3148,0.0,0.0,6,9.0,0.5,0.5,0.0,0.5,Web,0.198,0,31-60 ngày,3,2,2,2.0,7,Need Attention,Low,10.2124,4.0073
C1229,1297,47009,2430,55,1,1,0,1,89,171,45,73,59,10,4,3,2,8,4,0,0,0,0,0,0,0,6.66,55-64,30-50K,Married/Partner,Graduate,1,1,3,358,0.4777,0.1257,0.2039,0.1648,0.0279,13,27.54,0.3077,0.2308,0.1538,0.6154,Store,0.762,0,61-99 ngày,1,3,3,3.0,7,At Risk,Mid,10.7581,5.8833
C1230,1298,46094,2178,47,0,1,1,1,62,12,2,20,3,2,1,1,0,3,7,0,0,0,0,0,0,0,5.97,45-54,30-50K,Married/Partner,Non-graduate,2,1,4,39,0.3077,0.0513,0.5128,0.0769,0.0513,4,9.75,0.25,0.25,0.0,0.75,Store,0.085,0,61-99 ngày,2,1,1,1.0,4,Hibernating,Low,10.7385,3.6889
C1231,1300,37235,2307,36,1,1,1,0,68,20,2,9,4,6,1,1,1,2,4,0,0,0,0,0,0,0,6.32,35-44,30-50K,Married/Partner,Graduate,1,1,3,41,0.4878,0.0488,0.2195,0.0976,0.1463,4,10.25,0.25,0.25,0.25,0.5,Store,0.11,0,61-99 ngày,2,1,1,1.0,4,Hibernating,Low,10.525,3.7377
C1232,1301,81843,2592,60,1,1,0,0,13,779,86,537,34,69,1,5,9,12,3,0,0,0,0,0,0,0,7.1,55-64,70-90K,Married/Partner,Graduate,0,0,2,1505,0.5176,0.0571,0.3568,0.0226,0.0458,26,57.88,0.0385,0.1923,0.3462,0.4615,Store,1.839,0,0-30 ngày,5,5,5,5.0,15,Champions,High,11.3126,7.3172
C1233,1302,46692,2547,62,1,1,0,1,37,170,6,97,24,12,3,6,1,5,6,0,0,0,0,0,0,0,6.98,55-64,30-50K,Married/Partner,Graduate,1,1,3,309,0.5502,0.0194,0.3139,0.0777,0.0388,12,25.75,0.25,0.5,0.0833,0.4167,Web,0.662,0,31-60 ngày,4,3,3,3.0,10,Loyal Customers,Low,10.7513,5.7366
C1234,1303,77382,2332,52,1,1,0,1,36,491,48,231,112,105,2,5,7,12,1,0,0,0,0,1,1,0,6.39,45-54,70-90K,Married/Partner,Graduate,1,1,3,987,0.4975,0.0486,0.234,0.1135,0.1064,24,41.12,0.0833,0.2083,0.2917,0.5,Store,1.275,1,31-60 ngày,4,5,4,4.5,13,Champions,Mid,11.2565,6.8957
C1235,1304,37774,2823,43,1,0,0,0,28,173,8,107,7,2,4,7,2,3,9,0,0,1,0,0,1,1,7.73,35-44,30-50K,Single,Graduate,0,0,1,297,0.5825,0.0269,0.3603,0.0236,0.0067,12,24.75,0.3333,0.5833,0.1667,0.25,Web,0.786,1,0-30 ngày,4,3,3,3.0,10,Loyal Customers,Low,10.5394,5.6971
C1236,1305,18393,2251,46,0,1,1,0,2,7,10,13,16,0,2,3,0,3,8,0,0,0,0,0,0,0,6.17,45-54,<30K,Married/Partner,Non-graduate,1,1,3,46,0.1522,0.2174,0.2826,0.3478,0.0,6,7.67,0.3333,0.5,0.0,0.5,Web,0.25,0,0-30 ngày,5,2,2,2.0,9,New / Promising,Low,9.8198,3.8501
C1237,1306,72828,2659,58,1,1,0,1,17,1205,0,235,19,14,6,6,3,13,7,0,0,0,0,0,0,0,7.28,55-64,70-90K,Married/Partner,Graduate,1,1,3,1473,0.8181,0.0,0.1595,0.0129,0.0095,22,66.95,0.2727,0.2727,0.1364,0.5909,Store,2.023,0,0-30 ngày,5,5,5,5.0,15,Champions,High,11.1959,7.2957
C1238,1307,24711,2231,38,1,1,0,0,86,10,7,25,6,3,1,3,0,3,7,0,0,0,0,0,0,0,6.11,35-44,<30K,Married/Partner,Graduate,0,0,2,51,0.1961,0.1373,0.4902,0.1176,0.0588,6,8.5,0.1667,0.5,0.0,0.5,Web,0.206,0,61-99 ngày,1,2,2,2.0,5,Hibernating,Low,10.115,3.9512
C1239,1308,45503,2436,45,1,1,1,0,54,97,4,44,6,1,1,3,1,4,5,0,0,0,0,0,0,0,6.67,45-54,30-50K,Married/Partner,Graduate,1,1,3,152,0.6382,0.0263,0.2895,0.0395,0.0066,8,19.0,0.125,0.375,0.125,0.5,Store,0.334,0,31-60 ngày,3,2,2,2.0,7,Need Attention,Low,10.7256,5.0304
C1240,1309,6560,2358,38,1,0,0,0,2,67,11,26,4,3,0,1,0,1,17,0,0,0,0,0,0,0,6.46,35-44,<30K,Single,Graduate,0,0,1,111,0.6036,0.0991,0.2342,0.036,0.027,2,55.5,0.0,0.5,0.0,0.5,Web,1.692,0,0-30 ngày,5,1,2,1.5,8,New / Promising,Low,8.7889,4.7185
C1241,1310,71604,2383,75,1,1,0,0,3,345,53,528,98,75,1,8,3,5,4,0,0,1,0,0,1,0,6.53,65+,70-90K,Married/Partner,Graduate,0,0,2,1099,0.3139,0.0482,0.4804,0.0892,0.0682,16,68.69,0.0625,0.5,0.1875,0.3125,Web,1.535,1,0-30 ngày,5,4,5,4.5,14,Champions,High,11.1789,7.0031
C1242,1311,27244,2273,41,1,1,1,0,84,6,5,17,3,24,2,2,2,2,7,0,0,0,0,0,0,0,6.23,35-44,<30K,Married/Partner,Graduate,1,1,3,55,0.1091,0.0909,0.3091,0.0545,0.4364,6,9.17,0.3333,0.3333,0.3333,0.3333,Web,0.202,0,61-99 ngày,1,2,2,2.0,5,Hibernating,Low,10.2126,4.0254
C1243,1312,48752,2723,51,1,1,1,1,8,73,57,100,71,15,5,6,1,5,9,0,0,0,0,0,0,0,7.46,45-54,30-50K,Married/Partner,Graduate,2,1,4,316,0.231,0.1804,0.3165,0.2247,0.0475,12,26.33,0.4167,0.5,0.0833,0.4167,Web,0.648,0,0-30 ngày,5,3,3,3.0,11,Loyal Customers,Low,10.7945,5.7589
C1244,1313,71434,2443,58,1,1,0,1,4,711,36,217,172,96,3,7,4,7,4,1,0,0,1,0,2,0,6.69,55-64,70-90K,Married/Partner,Graduate,1,1,3,1232,0.5771,0.0292,0.1761,0.1396,0.0779,18,68.44,0.1667,0.3889,0.2222,0.3889,Web,1.725,1,0-30 ngày,5,4,5,4.5,14,Champions,High,11.1765,7.1172
C1245,1314,90842,2494,72,1,0,0,0,57,774,70,118,182,187,1,4,9,13,1,0,0,0,0,0,0,0,6.83,65+,90K+,Single,Graduate,0,0,1,1331,0.5815,0.0526,0.0887,0.1367,0.1405,26,51.19,0.0385,0.1538,0.3462,0.5,Store,1.465,0,31-60 ngày,3,5,5,5.0,13,Loyal Customers,High,11.4169,7.1944
C1246,1315,88097,2839,42,1,1,1,0,24,163,0,480,0,126,1,6,5,8,9,1,0,0,1,1,3,0,7.78,35-44,70-90K,Married/Partner,Graduate,1,1,3,769,0.212,0.0,0.6242,0.0,0.1638,19,40.47,0.0526,0.3158,0.2632,0.4211,Store,0.873,1,0-30 ngày,4,4,4,4.0,12,Champions,Mid,11.3862,6.6464
C1247,1316,51948,2444,45,1,1,0,1,51,82,33,54,71,30,2,5,2,4,5,0,0,0,0,0,0,0,6.7,45-54,50-70K,Married/Partner,Graduate,1,1,3,270,0.3037,0.1222,0.2,0.263,0.1111,11,24.55,0.1818,0.4545,0.1818,0.3636,Web,0.52,0,31-60 ngày,3,3,3,3.0,9,Loyal Customers,Low,10.858,5.6021
C1248,1317,71853,2576,38,1,1,0,0,29,358,108,413,141,97,1,2,8,6,1,0,0,0,0,0,0,0,7.06,35-44,70-90K,Married/Partner,Graduate,0,0,2,1117,0.3205,0.0967,0.3697,0.1262,0.0868,16,69.81,0.0625,0.125,0.5,0.375,Catalog,1.555,0,0-30 ngày,4,4,5,4.5,13,Champions,High,11.1824,7.0193
C1249,1318,35876,2229,37,1,1,0,0,13,66,2,40,4,3,1,3,1,3,6,0,0,0,0,0,0,0,6.11,35-44,30-50K,Married/Partner,Graduate,0,0,2,115,0.5739,0.0174,0.3478,0.0348,0.0261,7,16.43,0.1429,0.4286,0.1429,0.4286,Web,0.321,0,0-30 ngày,5,2,2,2.0,9,New / Promising,Low,10.4879,4.7536
C1250,1319,40049,2415,68,1,0,0,0,23,13,6,7,0,3,1,1,0,3,6,0,0,0,0,0,0,0,6.62,65+,30-50K,Single,Graduate,0,0,1,29,0.4483,0.2069,0.2414,0.0,0.1034,4,7.25,0.25,0.25,0.0,0.75,Store,0.072,0,0-30 ngày,4,1,1,1.0,6,New / Promising,Low,10.5979,3.4012
C1251,1320,39660,2849,38,1,0,0,0,36,139,13,78,20,13,3,7,1,3,9,0,0,0,0,0,0,0,7.81,35-44,30-50K,Single,Graduate,0,0,1,263,0.5285,0.0494,0.2966,0.076,0.0494,11,23.91,0.2727,0.6364,0.0909,0.2727,Web,0.663,0,31-60 ngày,4,3,3,3.0,10,Loyal Customers,Low,10.5881,5.5759
C1252,1321,50127,2190,58,1,1,0,1,88,274,0,21,4,6,1,5,1,6,6,0,0,0,1,0,1,0,6.0,55-64,50-70K,Married/Partner,Graduate,1,1,3,305,0.8984,0.0,0.0689,0.0131,0.0197,12,25.42,0.0833,0.4167,0.0833,0.5,Store,0.608,1,61-99 ngày,1,3,3,3.0,7,At Risk,Low,10.8223,5.7236
C1253,1322,43263,2744,43,1,1,0,1,2,262,6,61,0,10,3,5,2,6,5,0,0,0,0,0,0,0,7.52,35-44,30-50K,Married/Partner,Graduate,1,1,3,339,0.7729,0.0177,0.1799,0.0,0.0295,13,26.08,0.2308,0.3846,0.1538,0.4615,Store,0.784,0,0-30 ngày,5,3,3,3.0,11,Loyal Customers,Low,10.6751,5.8289
C1254,1324,18929,2657,30,1,1,0,0,15,32,0,8,23,4,1,1,0,4,6,0,0,0,0,0,0,0,7.28,24-34,<30K,Married/Partner,Graduate,0,0,2,67,0.4776,0.0,0.1194,0.3433,0.0597,5,13.4,0.2,0.2,0.0,0.8,Store,0.354,0,0-30 ngày,5,2,2,2.0,9,New / Promising,Low,9.8485,4.2195
C1255,1325,24367,2625,38,0,0,0,0,58,2,4,2,0,11,1,1,0,2,9,0,0,0,0,0,0,0,7.19,35-44,<30K,Single,Non-graduate,0,0,1,19,0.1053,0.2105,0.1053,0.0,0.5789,3,6.33,0.3333,0.3333,0.0,0.6667,Store,0.078,0,31-60 ngày,3,1,1,1.0,5,Need Attention,Low,10.101,2.9957
C1256,1327,26887,2663,61,0,1,0,1,27,6,7,4,3,4,1,1,0,3,6,0,0,0,0,0,0,0,7.3,55-64,<30K,Married/Partner,Non-graduate,1,1,3,24,0.25,0.2917,0.1667,0.125,0.1667,4,6.0,0.25,0.25,0.0,0.75,Store,0.089,0,0-30 ngày,4,1,1,1.0,6,New / Promising,Low,10.1994,3.2189
C1257,1329,62061,2461,44,1,1,0,1,12,641,7,84,0,30,3,10,4,7,6,0,0,0,1,0,1,0,6.74,35-44,50-70K,Married/Partner,Graduate,1,1,3,762,0.8412,0.0092,0.1102,0.0,0.0394,21,36.29,0.1429,0.4762,0.1905,0.3333,Web,1.228,1,0-30 ngày,5,5,4,4.5,14,Champions,Mid,11.0359,6.6373
C1258,1331,76542,2615,64,1,1,0,0,91,794,73,573,0,29,1,4,8,10,2,0,0,0,0,0,0,0,7.16,55-64,70-90K,Married/Partner,Graduate,0,0,2,1469,0.5405,0.0497,0.3901,0.0,0.0197,22,66.77,0.0455,0.1818,0.3636,0.4545,Store,1.919,0,61-99 ngày,1,5,5,5.0,11,At Risk,High,11.2456,7.293
C1259,1332,70515,2410,27,1,0,0,0,12,420,0,452,182,64,1,6,6,4,2,0,0,0,0,0,0,0,6.6,24-34,70-90K,Single,Graduate,0,0,1,1118,0.3757,0.0,0.4043,0.1628,0.0572,16,69.88,0.0625,0.375,0.375,0.25,Web,1.585,0,0-30 ngày,5,4,5,4.5,14,Champions,High,11.1636,7.0202
C1260,1333,18227,2757,33,1,1,1,0,21,1,2,7,4,3,1,0,1,2,8,0,0,0,0,0,0,0,7.55,24-34,<30K,Married/Partner,Graduate,1,1,3,17,0.0588,0.1176,0.4118,0.2353,0.1765,3,5.67,0.3333,0.0,0.3333,0.6667,Store,0.093,0,0-30 ngày,4,1,1,1.0,6,New / Promising,Low,9.8107,2.8904
C1261,1334,69139,2312,55,1,1,0,1,23,86,12,75,33,15,1,4,1,5,4,0,0,0,0,0,0,0,6.33,55-64,50-70K,Married/Partner,Graduate,1,1,3,221,0.3891,0.0543,0.3394,0.1493,0.0679,10,22.1,0.1,0.4,0.1,0.5,Store,0.32,0,0-30 ngày,4,3,3,3.0,10,Loyal Customers,Low,11.1439,5.4027
C1262,1335,69109,2756,38,1,1,0,0,10,823,25,459,124,29,1,6,6,7,4,0,0,0,0,1,1,0,7.55,35-44,50-70K,Married/Partner,Graduate,0,0,2,1460,0.5637,0.0171,0.3144,0.0849,0.0199,19,76.84,0.0526,0.3158,0.3158,0.3684,Store,2.113,1,0-30 ngày,5,4,5,4.5,14,Champions,High,11.1435,7.2869
C1263,1336,69627,2628,58,1,0,0,0,35,231,161,215,171,30,2,8,2,11,5,0,0,0,0,0,0,0,7.2,55-64,50-70K,Single,Graduate,0,0,1,808,0.2859,0.1993,0.2661,0.2116,0.0371,21,38.48,0.0952,0.381,0.0952,0.5238,Store,1.16,0,31-60 ngày,4,5,4,4.5,13,Champions,Mid,11.1509,6.6958
C1264,1337,38136,2592,42,1,1,1,0,69,8,15,27,0,20,2,3,1,2,8,0,0,1,0,0,1,0,7.1,35-44,30-50K,Married/Partner,Graduate,1,1,3,70,0.1143,0.2143,0.3857,0.0,0.2857,6,11.67,0.3333,0.5,0.1667,0.3333,Web,0.184,1,61-99 ngày,2,2,2,2.0,6,Hibernating,Low,10.5489,4.2627
C1265,1338,62159,2221,74,1,0,0,0,68,182,17,259,77,70,1,6,2,10,4,0,0,0,0,0,0,0,6.08,65+,50-70K,Single,Graduate,0,0,1,605,0.3008,0.0281,0.4281,0.1273,0.1157,18,33.61,0.0556,0.3333,0.1111,0.5556,Store,0.973,0,61-99 ngày,2,4,4,4.0,10,At Risk,Mid,11.0375,6.4069
C1266,1339,80695,2341,57,1,0,0,0,85,557,129,984,193,37,1,5,8,5,2,0,0,0,0,0,0,0,6.41,55-64,70-90K,Single,Graduate,0,0,1,1900,0.2932,0.0679,0.5179,0.1016,0.0195,18,105.56,0.0556,0.2778,0.4444,0.2778,Catalog,2.355,0,61-99 ngày,1,4,5,4.5,10,At Risk,High,11.2984,7.5501
C1267,1340,33316,2427,49,1,0,0,0,34,79,1,31,4,4,3,2,1,4,6,0,0,0,0,0,0,0,6.65,45-54,30-50K,Single,Graduate,0,0,1,119,0.6639,0.0084,0.2605,0.0336,0.0336,7,17.0,0.4286,0.2857,0.1429,0.5714,Store,0.357,0,31-60 ngày,4,2,2,2.0,8,New / Promising,Low,10.4138,4.7875
C1268,1341,58554,2800,52,1,1,1,1,55,368,24,68,38,0,6,8,2,6,7,0,0,0,0,0,0,0,7.67,45-54,50-70K,Married/Partner,Graduate,2,1,4,498,0.739,0.0482,0.1365,0.0763,0.0,16,31.12,0.375,0.5,0.125,0.375,Web,0.85,0,31-60 ngày,3,4,3,3.5,10,Loyal Customers,Mid,10.9777,6.2126
C1269,1342,17256,2377,28,0,1,1,0,10,6,4,14,8,8,2,2,1,2,8,0,0,1,0,0,1,0,6.51,24-34,<30K,Married/Partner,Non-graduate,1,1,3,40,0.15,0.1,0.35,0.2,0.2,5,8.0,0.4,0.4,0.2,0.4,Web,0.232,1,0-30 ngày,5,2,1,1.5,8,New / Promising,Low,9.756,3.7136
C1270,1343,53034,2554,46,1,0,0,0,30,160,15,196,15,11,8,6,1,7,8,0,0,0,0,0,0,0,7.0,45-54,50-70K,Single,Graduate,0,0,1,397,0.403,0.0378,0.4937,0.0378,0.0277,14,28.36,0.5714,0.4286,0.0714,0.5,Store,0.749,0,0-30 ngày,4,3,3,3.0,10,Loyal Customers,Mid,10.8787,5.9865
C1271,1344,52203,2857,70,0,1,0,0,36,488,21,238,56,108,1,8,7,11,6,0,0,0,0,0,0,0,7.83,65+,50-70K,Married/Partner,Non-graduate,0,0,2,911,0.5357,0.0231,0.2613,0.0615,0.1186,26,35.04,0.0385,0.3077,0.2692,0.4231,Store,1.745,0,31-60 ngày,4,5,4,4.5,13,Champions,Mid,10.8629,6.8156
C1272,1345,59601,2498,43,0,0,0,0,14,691,7,69,0,7,4,2,2,7,8,0,0,0,1,0,1,0,6.84,35-44,50-70K,Single,Non-graduate,0,0,1,774,0.8928,0.009,0.0891,0.0,0.009,11,70.36,0.3636,0.1818,0.1818,0.6364,Store,1.299,1,0-30 ngày,5,3,4,3.5,12,Loyal Customers,Mid,10.9954,6.6529
C1273,1346,75154,2822,62,1,0,0,0,79,543,10,205,160,143,1,6,3,6,3,0,0,0,0,0,0,0,7.73,55-64,70-90K,Single,Graduate,0,0,1,1061,0.5118,0.0094,0.1932,0.1508,0.1348,15,70.73,0.0667,0.4,0.2,0.4,Web,1.412,0,61-99 ngày,2,4,4,4.0,10,At Risk,Mid,11.2273,6.9679
C1274,1347,47025,2393,44,1,0,0,0,52,254,7,108,20,0,3,6,3,5,6,0,0,0,0,0,0,0,6.56,35-44,30-50K,Single,Graduate,0,0,1,389,0.653,0.018,0.2776,0.0514,0.0,14,27.79,0.2143,0.4286,0.2143,0.3571,Web,0.827,0,31-60 ngày,3,3,3,3.0,9,Loyal Customers,Mid,10.7585,5.9661
C1275,1348,37971,2375,47,1,1,1,0,97,5,4,10,2,2,1,1,0,3,8,0,0,0,0,0,0,0,6.51,45-54,30-50K,Married/Partner,Graduate,1,1,3,23,0.2174,0.1739,0.4348,0.087,0.087,4,5.75,0.25,0.25,0.0,0.75,Store,0.061,0,61-99 ngày,1,1,1,1.0,3,Hibernating,Low,10.5446,3.1781
C1276,1350,67267,2206,62,1,1,0,1,0,134,11,59,15,2,1,3,2,5,2,0,0,0,0,0,0,0,6.04,55-64,50-70K,Married/Partner,Graduate,1,1,3,221,0.6063,0.0498,0.267,0.0679,0.009,10,22.1,0.1,0.3,0.2,0.5,Store,0.329,0,0-30 ngày,5,3,3,3.0,11,Loyal Customers,Low,11.1164,5.4027
C1277,1351,57338,2220,45,1,0,0,0,96,143,6,52,11,8,2,4,1,5,5,0,0,0,0,0,0,0,6.08,45-54,50-70K,Single,Graduate,0,0,1,220,0.65,0.0273,0.2364,0.05,0.0364,10,22.0,0.2,0.4,0.1,0.5,Store,0.384,0,61-99 ngày,1,3,3,3.0,7,At Risk,Low,10.9567,5.3982
C1278,1352,50523,2345,60,0,1,1,1,89,51,4,24,4,7,2,2,0,4,6,0,0,0,0,0,0,0,6.42,55-64,50-70K,Married/Partner,Non-graduate,2,1,4,90,0.5667,0.0444,0.2667,0.0444,0.0778,6,15.0,0.3333,0.3333,0.0,0.6667,Store,0.178,0,61-99 ngày,1,2,2,2.0,5,Hibernating,Low,10.8302,4.5109
C1279,1355,56242,2642,51,1,1,0,1,72,689,8,167,11,8,5,8,4,11,6,0,0,0,0,0,0,0,7.24,45-54,50-70K,Married/Partner,Graduate,1,1,3,883,0.7803,0.0091,0.1891,0.0125,0.0091,23,38.39,0.2174,0.3478,0.1739,0.4783,Store,1.57,0,61-99 ngày,2,5,4,4.5,11,At Risk,Mid,10.9374,6.7845
C1280,1356,48904,2733,60,1,0,0,0,1,283,10,38,0,13,4,7,2,4,8,0,0,0,0,0,0,0,7.49,55-64,30-50K,Single,Graduate,0,0,1,344,0.8227,0.0291,0.1105,0.0,0.0378,13,26.46,0.3077,0.5385,0.1538,0.3077,Web,0.703,0,0-30 ngày,5,3,3,3.0,11,Loyal Customers,Low,10.7976,5.8435
C1281,1357,56243,2340,45,1,0,0,0,26,347,0,35,4,3,6,4,2,8,5,0,0,0,0,0,0,0,6.41,45-54,50-70K,Single,Graduate,0,0,1,389,0.892,0.0,0.09,0.0103,0.0077,14,27.79,0.4286,0.2857,0.1429,0.5714,Store,0.692,0,0-30 ngày,4,3,3,3.0,10,Loyal Customers,Mid,10.9375,5.9661
C1282,1358,21355,2472,35,1,1,1,0,5,5,13,14,0,5,2,2,1,2,6,0,0,1,0,0,1,0,6.77,35-44,<30K,Married/Partner,Graduate,1,1,3,37,0.1351,0.3514,0.3784,0.0,0.1351,5,7.4,0.4,0.4,0.2,0.4,Web,0.173,1,0-30 ngày,5,2,1,1.5,8,New / Promising,Low,9.9691,3.6376
C1283,1359,57420,2528,49,1,1,0,1,22,280,0,18,0,0,3,5,1,6,7,0,0,0,1,0,1,0,6.93,45-54,50-70K,Married/Partner,Graduate,1,1,3,298,0.9396,0.0,0.0604,0.0,0.0,12,24.83,0.25,0.4167,0.0833,0.5,Store,0.519,1,0-30 ngày,4,3,3,3.0,10,Loyal Customers,Low,10.9582,5.7004
C1284,1360,46390,2214,65,1,0,0,0,56,95,14,64,2,9,1,4,2,3,7,0,0,0,0,0,0,0,6.07,65+,30-50K,Single,Graduate,0,0,1,184,0.5163,0.0761,0.3478,0.0109,0.0489,9,20.44,0.1111,0.4444,0.2222,0.3333,Web,0.397,0,31-60 ngày,3,3,3,3.0,9,Loyal Customers,Low,10.7449,5.2204
C1285,1361,54342,2520,64,0,1,1,1,74,84,10,34,11,10,4,3,1,4,6,0,0,0,0,0,0,0,6.9,55-64,50-70K,Married/Partner,Non-graduate,2,1,4,149,0.5638,0.0671,0.2282,0.0738,0.0671,8,18.62,0.5,0.375,0.125,0.5,Store,0.274,0,61-99 ngày,2,2,2,2.0,6,Hibernating,Low,10.9031,5.0106
C1286,1362,20895,2790,47,1,1,1,0,24,18,3,17,3,0,1,2,0,3,9,0,0,0,0,0,0,0,7.64,45-54,<30K,Married/Partner,Graduate,1,1,3,41,0.439,0.0732,0.4146,0.0732,0.0,5,8.2,0.2,0.4,0.0,0.6,Store,0.196,0,0-30 ngày,4,2,1,1.5,7,New / Promising,Low,9.9473,3.7377
C1287,1363,92344,2324,72,1,1,0,0,9,992,24,694,51,19,0,5,10,5,1,0,0,1,0,1,2,0,6.37,65+,90K+,Married/Partner,Graduate,0,0,2,1780,0.5573,0.0135,0.3899,0.0287,0.0107,20,89.0,0.0,0.25,0.5,0.25,Catalog,1.928,1,0-30 ngày,5,5,5,5.0,15,Champions,High,11.4333,7.4849
C1288,1365,44964,2719,40,1,1,1,1,35,19,1,17,2,0,1,1,0,3,8,0,0,0,0,0,0,0,7.45,35-44,30-50K,Married/Partner,Graduate,2,1,4,39,0.4872,0.0256,0.4359,0.0513,0.0,4,9.75,0.25,0.25,0.0,0.75,Store,0.087,0,31-60 ngày,4,1,1,1.0,6,New / Promising,Low,10.7136,3.6889
C1289,1367,53761,2420,48,1,1,1,1,7,158,0,76,13,7,6,4,4,3,5,0,0,0,0,0,0,0,6.63,45-54,50-70K,Married/Partner,Graduate,2,1,4,254,0.622,0.0,0.2992,0.0512,0.0276,11,23.09,0.5455,0.3636,0.3636,0.2727,Web,0.472,0,0-30 ngày,5,3,3,3.0,11,Loyal Customers,Low,10.8923,5.5413
C1290,1368,22682,2428,47,1,1,1,0,51,10,14,29,4,2,3,2,1,4,4,0,0,0,0,0,0,0,6.65,45-54,<30K,Married/Partner,Graduate,1,1,3,59,0.1695,0.2373,0.4915,0.0678,0.0339,7,8.43,0.4286,0.2857,0.1429,0.5714,Store,0.26,0,31-60 ngày,3,2,2,2.0,7,Need Attention,Low,10.0294,4.0943
C1291,1369,38887,2278,48,1,1,1,0,17,25,1,13,0,0,1,1,0,3,7,0,0,0,0,0,0,0,6.24,45-54,30-50K,Married/Partner,Graduate,1,1,3,39,0.641,0.0256,0.3333,0.0,0.0,4,9.75,0.25,0.25,0.0,0.75,Store,0.1,0,0-30 ngày,5,1,1,1.0,7,New / Promising,Low,10.5684,3.6889
C1292,1370,41658,2756,45,0,0,0,0,30,8,4,12,15,4,2,1,1,2,4,0,0,0,0,0,0,0,7.55,45-54,30-50K,Single,Non-graduate,0,0,1,43,0.186,0.093,0.2791,0.3488,0.093,4,10.75,0.5,0.25,0.25,0.5,Store,0.103,0,0-30 ngày,4,1,1,1.0,6,New / Promising,Low,10.6373,3.7842
C1293,1371,29791,2204,48,1,1,1,0,21,14,0,6,0,0,2,2,0,3,5,0,0,0,0,0,0,0,6.04,45-54,<30K,Married/Partner,Graduate,1,1,3,20,0.7,0.0,0.3,0.0,0.0,5,4.0,0.4,0.4,0.0,0.6,Store,0.067,0,0-30 ngày,4,2,1,1.5,7,New / Promising,Low,10.302,3.0445
C1294,1372,63915,2493,64,1,1,0,2,2,622,7,115,30,0,2,6,3,12,5,0,0,0,0,0,0,0,6.83,55-64,50-70K,Married/Partner,Graduate,2,1,4,774,0.8036,0.009,0.1486,0.0388,0.0,21,36.86,0.0952,0.2857,0.1429,0.5714,Store,1.211,0,0-30 ngày,5,5,4,4.5,14,Champions,Mid,11.0653,6.6529
C1295,1373,39996,2197,46,1,0,0,0,85,11,0,3,0,0,1,1,0,2,6,0,0,0,0,0,0,0,6.02,45-54,30-50K,Single,Graduate,0,0,1,14,0.7857,0.0,0.2143,0.0,0.0,3,4.67,0.3333,0.3333,0.0,0.6667,Store,0.035,0,61-99 ngày,1,1,1,1.0,3,Hibernating,Low,10.5966,2.7081
C1296,1374,26759,2301,48,1,0,0,0,65,25,3,16,8,5,2,2,1,3,6,0,0,0,0,0,0,0,6.3,45-54,<30K,Single,Graduate,0,0,1,57,0.4386,0.0526,0.2807,0.1404,0.0877,6,9.5,0.3333,0.3333,0.1667,0.5,Store,0.213,0,61-99 ngày,2,2,2,2.0,6,Hibernating,Low,10.1947,4.0604
C1297,1376,51039,2725,51,1,1,1,1,11,100,64,79,65,0,2,6,2,4,7,0,0,0,0,0,0,0,7.47,45-54,50-70K,Married/Partner,Graduate,2,1,4,308,0.3247,0.2078,0.2565,0.211,0.0,12,25.67,0.1667,0.5,0.1667,0.3333,Web,0.603,0,0-30 ngày,5,3,3,3.0,11,Loyal Customers,Low,10.8404,5.7333
C1298,1377,60544,2832,59,1,1,1,1,92,201,2,43,3,5,4,5,1,5,6,0,0,0,0,0,0,0,7.76,55-64,50-70K,Married/Partner,Graduate,2,1,4,254,0.7913,0.0079,0.1693,0.0118,0.0197,11,23.09,0.3636,0.4545,0.0909,0.4545,Web,0.42,0,61-99 ngày,1,3,3,3.0,7,At Risk,Low,11.0111,5.5413
C1299,1379,37716,2228,67,1,1,0,1,4,97,1,41,6,2,2,4,1,3,7,0,0,0,0,0,0,0,6.1,65+,30-50K,Married/Partner,Graduate,1,1,3,147,0.6599,0.0068,0.2789,0.0408,0.0136,8,18.38,0.25,0.5,0.125,0.375,Web,0.39,0,0-30 ngày,5,2,2,2.0,9,New / Promising,Low,10.5379,4.9972
C1300,1380,36864,2844,63,1,0,0,0,53,204,5,39,17,0,3,5,2,4,8,0,0,0,0,0,0,0,7.79,55-64,30-50K,Single,Graduate,0,0,1,265,0.7698,0.0189,0.1472,0.0642,0.0,11,24.09,0.2727,0.4545,0.1818,0.3636,Web,0.719,0,31-60 ngày,3,3,3,3.0,9,Loyal Customers,Low,10.515,5.5835
C1301,1381,44511,2784,50,1,1,1,0,39,513,7,133,46,14,6,8,4,8,8,0,0,0,0,0,0,0,7.63,45-54,30-50K,Married/Partner,Graduate,1,1,3,713,0.7195,0.0098,0.1865,0.0645,0.0196,20,35.65,0.3,0.4,0.2,0.4,Web,1.602,0,31-60 ngày,3,5,4,4.5,12,Loyal Customers,Mid,10.7035,6.5709
C1302,1382,36947,2850,53,1,1,1,1,49,88,3,21,4,1,4,3,0,4,9,0,0,0,0,0,0,0,7.81,45-54,30-50K,Married/Partner,Graduate,2,1,4,117,0.7521,0.0256,0.1795,0.0342,0.0085,7,16.71,0.5714,0.4286,0.0,0.5714,Store,0.317,0,31-60 ngày,3,2,2,2.0,7,Need Attention,Low,10.5173,4.7707
C1303,1384,67087,2353,67,1,1,0,1,40,329,35,222,130,35,2,7,5,8,4,0,0,0,0,0,0,0,6.45,65+,50-70K,Married/Partner,Graduate,1,1,3,751,0.4381,0.0466,0.2956,0.1731,0.0466,20,37.55,0.1,0.35,0.25,0.4,Store,1.119,0,31-60 ngày,3,5,4,4.5,12,Loyal Customers,Mid,11.1138,6.6227
C1304,1385,57045,2818,70,1,1,0,1,40,296,13,104,11,13,3,4,2,9,3,0,0,0,0,0,0,0,7.72,65+,50-70K,Married/Partner,Graduate,1,1,3,437,0.6773,0.0297,0.238,0.0252,0.0297,15,29.13,0.2,0.2667,0.1333,0.6,Store,0.766,0,31-60 ngày,3,4,3,3.5,10,Loyal Customers,Mid,10.9516,6.0822
C1305,1386,36957,2820,67,1,0,0,0,43,100,2,16,2,1,4,3,2,2,9,0,0,0,0,0,0,0,7.73,65+,30-50K,Single,Graduate,0,0,1,121,0.8264,0.0165,0.1322,0.0165,0.0083,7,17.29,0.5714,0.4286,0.2857,0.2857,Web,0.327,0,31-60 ngày,3,2,2,2.0,7,Need Attention,Low,10.5175,4.804
C1306,1387,69389,2798,43,1,1,0,1,17,422,7,238,69,46,1,7,2,12,4,0,0,0,0,0,0,0,7.67,35-44,50-70K,Married/Partner,Graduate,1,1,3,782,0.5396,0.009,0.3043,0.0882,0.0588,21,37.24,0.0476,0.3333,0.0952,0.5714,Store,1.127,0,0-30 ngày,5,5,4,4.5,14,Champions,Mid,11.1475,6.6631
C1307,1389,43142,2290,51,1,1,1,1,84,5,1,7,2,1,1,1,0,2,7,0,0,0,0,0,0,0,6.27,45-54,30-50K,Married/Partner,Graduate,2,1,4,16,0.3125,0.0625,0.4375,0.125,0.0625,3,5.33,0.3333,0.3333,0.0,0.6667,Store,0.037,0,61-99 ngày,1,1,1,1.0,3,Hibernating,Low,10.6723,2.8332
C1308,1390,80589,2317,76,1,1,0,0,25,507,93,520,242,40,1,5,10,5,1,1,0,0,0,0,1,0,6.35,65+,70-90K,Married/Partner,Graduate,0,0,2,1402,0.3616,0.0663,0.3709,0.1726,0.0285,20,70.1,0.05,0.25,0.5,0.25,Catalog,1.74,1,0-30 ngày,4,5,5,5.0,14,Champions,High,11.2971,7.2464
C1309,1391,34412,2660,30,1,0,0,0,62,52,12,50,4,36,3,5,0,3,9,0,0,0,0,0,0,0,7.29,24-34,30-50K,Single,Graduate,0,0,1,154,0.3377,0.0779,0.3247,0.026,0.2338,8,19.25,0.375,0.625,0.0,0.375,Web,0.448,0,61-99 ngày,2,2,2,2.0,6,Hibernating,Low,10.4462,5.0434
C1310,1392,57537,2543,41,1,0,0,0,83,191,56,139,51,8,4,4,3,8,4,0,0,0,0,0,0,0,6.97,35-44,50-70K,Single,Graduate,0,0,1,445,0.4292,0.1258,0.3124,0.1146,0.018,15,29.67,0.2667,0.2667,0.2,0.5333,Store,0.773,0,61-99 ngày,1,4,3,3.5,8,At Risk,Mid,10.9602,6.1003
C1311,1394,51315,2285,72,1,1,0,0,45,68,28,39,16,30,1,2,2,5,2,0,0,0,0,0,0,0,6.26,65+,50-70K,Married/Partner,Graduate,0,0,2,181,0.3757,0.1547,0.2155,0.0884,0.1657,9,20.11,0.1111,0.2222,0.2222,0.5556,Store,0.353,0,31-60 ngày,3,3,2,2.5,8,Need Attention,Low,10.8458,5.204
C1312,1395,36026,2264,48,1,1,2,1,34,20,4,10,6,4,2,2,0,3,6,0,0,0,0,0,0,0,6.2,45-54,30-50K,Married/Partner,Graduate,3,1,5,44,0.4545,0.0909,0.2273,0.1364,0.0909,5,8.8,0.4,0.4,0.0,0.6,Store,0.122,0,31-60 ngày,4,2,2,2.0,8,New / Promising,Low,10.492,3.8067
C1313,1396,24639,2311,47,1,1,1,1,3,20,3,16,0,4,3,2,0,4,6,0,0,0,0,0,0,0,6.33,45-54,<30K,Married/Partner,Graduate,2,1,4,43,0.4651,0.0698,0.3721,0.0,0.093,6,7.17,0.5,0.3333,0.0,0.6667,Store,0.175,0,0-30 ngày,5,2,1,1.5,8,New / Promising,Low,10.1121,3.7842
C1314,1397,34578,2238,48,1,1,2,1,1,7,0,1,0,0,1,1,0,2,6,0,0,0,0,0,0,0,6.13,45-54,30-50K,Married/Partner,Graduate,3,1,5,8,0.875,0.0,0.125,0.0,0.0,3,2.67,0.3333,0.3333,0.0,0.6667,Store,0.023,0,0-30 ngày,5,1,1,1.0,7,New / Promising,Low,10.451,2.1972
C1315,1398,65704,2418,48,0,0,0,0,18,279,172,74,38,8,1,2,10,10,1,0,0,0,0,0,0,0,6.62,45-54,50-70K,Single,Non-graduate,0,0,1,571,0.4886,0.3012,0.1296,0.0665,0.014,22,25.95,0.0455,0.0909,0.4545,0.4545,Catalog,0.869,0,0-30 ngày,5,5,3,4.0,13,Champions,Mid,11.0929,6.3491
C1316,1400,54132,2292,51,1,1,0,1,81,30,1,8,0,0,1,1,0,3,7,0,0,0,0,0,0,0,6.28,45-54,50-70K,Married/Partner,Graduate,1,1,3,39,0.7692,0.0256,0.2051,0.0,0.0,4,9.75,0.25,0.25,0.0,0.75,Store,0.072,0,61-99 ngày,1,1,1,1.0,3,Hibernating,Low,10.8992,3.6889
C1317,1402,28164,2580,50,1,1,1,0,23,3,18,26,11,8,3,2,0,4,7,0,0,0,0,0,0,0,7.07,45-54,<30K,Married/Partner,Graduate,1,1,3,66,0.0455,0.2727,0.3939,0.1667,0.1212,6,11.0,0.5,0.3333,0.0,0.6667,Store,0.234,0,0-30 ngày,4,2,2,2.0,8,New / Promising,Low,10.2458,4.2047
C1318,1404,43269,2445,48,1,1,1,0,61,10,1,7,0,0,1,1,0,2,8,0,0,0,0,0,0,0,6.7,45-54,30-50K,Married/Partner,Graduate,1,1,3,18,0.5556,0.0556,0.3889,0.0,0.0,3,6.0,0.3333,0.3333,0.0,0.6667,Store,0.042,0,61-99 ngày,2,1,1,1.0,4,Hibernating,Low,10.6752,2.9444
C1319,1405,38741,2250,62,0,0,0,0,60,7,10,17,8,6,2,2,0,3,7,0,0,0,0,0,0,0,6.16,55-64,30-50K,Single,Non-graduate,0,0,1,48,0.1458,0.2083,0.3542,0.1667,0.125,5,9.6,0.4,0.4,0.0,0.6,Store,0.124,0,31-60 ngày,2,2,2,2.0,6,Hibernating,Low,10.5647,3.8918
C1320,1406,31907,2641,48,1,0,0,0,75,33,87,64,175,16,1,6,1,6,7,0,0,0,0,0,0,0,7.24,45-54,30-50K,Single,Graduate,0,0,1,375,0.088,0.232,0.1707,0.4667,0.0427,13,28.85,0.0769,0.4615,0.0769,0.4615,Web,1.175,0,61-99 ngày,2,3,3,3.0,8,At Risk,Mid,10.3706,5.9296
C1321,1408,31163,2295,47,0,0,0,0,54,2,3,10,11,2,1,1,0,3,6,0,0,0,0,0,0,0,6.29,45-54,30-50K,Single,Non-graduate,0,0,1,28,0.0714,0.1071,0.3571,0.3929,0.0714,4,7.0,0.25,0.25,0.0,0.75,Store,0.09,0,31-60 ngày,3,1,1,1.0,5,Need Attention,Low,10.347,3.3673
C1322,1409,92533,2351,35,1,1,0,0,84,693,21,118,110,147,1,6,5,11,2,1,0,0,0,1,2,0,6.44,35-44,90K+,Married/Partner,Graduate,0,0,2,1089,0.6364,0.0193,0.1084,0.101,0.135,22,49.5,0.0455,0.2727,0.2273,0.5,Store,1.177,1,61-99 ngày,1,5,4,4.5,10,At Risk,Mid,11.4353,6.9939
C1323,1410,34853,2347,47,1,0,0,0,75,9,3,15,2,3,2,2,0,3,6,0,0,0,0,0,0,0,6.43,45-54,30-50K,Single,Graduate,0,0,1,32,0.2812,0.0938,0.4688,0.0625,0.0938,5,6.4,0.4,0.4,0.0,0.6,Store,0.092,0,61-99 ngày,2,2,1,1.5,5,Hibernating,Low,10.4589,3.4965
C1324,1411,70844,2401,53,1,0,0,0,16,129,26,67,3,67,5,6,1,5,7,0,0,0,0,0,0,0,6.58,45-54,70-90K,Single,Graduate,0,0,1,292,0.4418,0.089,0.2295,0.0103,0.2295,12,24.33,0.4167,0.5,0.0833,0.4167,Web,0.412,0,0-30 ngày,5,3,3,3.0,11,Loyal Customers,Low,11.1682,5.6802
C1325,1412,31086,2580,41,0,1,1,1,79,16,2,11,3,0,2,1,1,2,8,0,0,1,0,0,1,0,7.07,35-44,30-50K,Married/Partner,Non-graduate,2,1,4,32,0.5,0.0625,0.3438,0.0938,0.0,4,8.0,0.5,0.25,0.25,0.5,Store,0.103,1,61-99 ngày,2,1,1,1.0,4,Hibernating,Low,10.3445,3.4965
C1326,1414,20491,2679,34,0,1,0,0,16,5,4,5,4,2,1,0,1,2,7,0,0,0,0,0,0,0,7.34,24-34,<30K,Married/Partner,Non-graduate,0,0,2,20,0.25,0.2,0.25,0.2,0.1,3,6.67,0.3333,0.0,0.3333,0.6667,Store,0.098,0,0-30 ngày,5,1,1,1.0,7,New / Promising,Low,9.9278,3.0445
C1327,1415,42523,2226,56,1,1,0,0,96,14,36,11,3,26,1,1,1,4,2,0,0,0,0,0,0,0,6.1,55-64,30-50K,Married/Partner,Graduate,0,0,2,90,0.1556,0.4,0.1222,0.0333,0.2889,6,15.0,0.1667,0.1667,0.1667,0.6667,Store,0.212,0,61-99 ngày,1,2,2,2.0,5,Hibernating,Low,10.6578,4.5109
C1328,1417,33402,2505,68,1,1,1,1,60,26,2,19,10,5,3,2,1,3,8,0,0,0,0,0,0,0,6.86,65+,30-50K,Married/Partner,Graduate,2,1,4,62,0.4194,0.0323,0.3065,0.1613,0.0806,6,10.33,0.5,0.3333,0.1667,0.5,Store,0.186,0,31-60 ngày,2,2,2,2.0,6,Hibernating,Low,10.4164,4.1431
C1329,1418,36408,2440,71,1,1,1,1,11,9,1,4,3,2,1,1,0,2,6,0,0,0,0,0,0,0,6.68,65+,30-50K,Married/Partner,Graduate,2,1,4,19,0.4737,0.0526,0.2105,0.1579,0.1053,3,6.33,0.3333,0.3333,0.0,0.6667,Store,0.052,0,0-30 ngày,5,1,1,1.0,7,New / Promising,Low,10.5026,2.9957
C1330,1419,21645,2823,41,1,1,1,0,75,14,0,23,4,5,3,3,0,3,9,0,0,0,0,0,0,0,7.73,35-44,<30K,Married/Partner,Graduate,1,1,3,46,0.3043,0.0,0.5,0.087,0.1087,6,7.67,0.5,0.5,0.0,0.5,Web,0.213,0,61-99 ngày,2,2,2,2.0,6,Hibernating,Low,9.9826,3.8501
C1331,1420,78427,2772,72,1,0,0,0,36,972,19,595,180,26,3,3,7,10,3,1,0,0,0,0,1,0,7.59,65+,70-90K,Single,Graduate,0,0,1,1792,0.5424,0.0106,0.332,0.1004,0.0145,20,89.6,0.15,0.15,0.35,0.5,Store,2.285,1,31-60 ngày,4,5,5,5.0,14,Champions,High,11.2699,7.4916
C1332,1421,82657,2434,74,1,1,0,0,71,966,168,672,246,105,1,7,5,10,4,1,0,0,1,0,2,0,6.67,65+,70-90K,Married/Partner,Graduate,0,0,2,2157,0.4478,0.0779,0.3115,0.114,0.0487,22,98.05,0.0455,0.3182,0.2273,0.4545,Store,2.61,1,61-99 ngày,2,5,5,5.0,12,At Risk,High,11.3225,7.6769
C1333,1422,51876,2416,62,1,1,0,0,88,99,27,102,28,48,1,2,2,8,1,0,0,0,0,0,0,0,6.62,55-64,50-70K,Married/Partner,Graduate,0,0,2,304,0.3257,0.0888,0.3355,0.0921,0.1579,12,25.33,0.0833,0.1667,0.1667,0.6667,Store,0.586,0,61-99 ngày,1,3,3,3.0,7,At Risk,Low,10.8566,5.7203
C1334,1423,78041,2719,49,0,1,0,0,93,482,35,553,72,160,1,4,4,9,2,0,0,0,0,0,0,0,7.45,45-54,70-90K,Married/Partner,Non-graduate,0,0,2,1302,0.3702,0.0269,0.4247,0.0553,0.1229,17,76.59,0.0588,0.2353,0.2353,0.5294,Store,1.668,0,61-99 ngày,1,4,5,4.5,10,At Risk,High,11.265,7.1724
C1335,1424,52852,2734,63,1,1,0,1,93,714,8,99,11,0,4,10,7,5,8,0,0,1,0,0,1,0,7.49,55-64,50-70K,Married/Partner,Graduate,1,1,3,832,0.8582,0.0096,0.119,0.0132,0.0,22,37.82,0.1818,0.4545,0.3182,0.2273,Web,1.574,1,61-99 ngày,1,5,4,4.5,10,At Risk,Mid,10.8753,6.725
C1336,1425,70038,2406,38,1,1,0,0,54,587,54,348,71,54,1,4,4,8,2,0,0,0,0,0,0,0,6.59,35-44,70-90K,Married/Partner,Graduate,0,0,2,1114,0.5269,0.0485,0.3124,0.0637,0.0485,16,69.62,0.0625,0.25,0.25,0.5,Store,1.591,0,31-60 ngày,3,4,5,4.5,12,Loyal Customers,High,11.1568,7.0166
C1337,1426,69401,2257,47,0,1,0,1,41,399,27,159,58,8,4,4,4,5,2,0,0,0,0,0,0,0,6.18,45-54,50-70K,Married/Partner,Non-graduate,1,1,3,651,0.6129,0.0415,0.2442,0.0891,0.0123,13,50.08,0.3077,0.3077,0.3077,0.3846,Store,0.938,0,31-60 ngày,3,3,4,3.5,10,Loyal Customers,Mid,11.1477,6.48
C1338,1427,46053,2656,48,1,1,1,0,46,56,10,92,19,7,3,3,2,4,5,0,0,0,0,0,0,0,7.28,45-54,30-50K,Married/Partner,Graduate,1,1,3,184,0.3043,0.0543,0.5,0.1033,0.038,9,20.44,0.3333,0.3333,0.2222,0.4444,Store,0.4,0,31-60 ngày,3,3,3,3.0,9,Loyal Customers,Low,10.7376,5.2204
C1339,1428,77343,2179,55,1,1,0,0,28,227,151,573,98,54,1,3,4,9,1,0,0,0,0,0,0,0,5.97,55-64,70-90K,Married/Partner,Graduate,0,0,2,1103,0.2058,0.1369,0.5195,0.0888,0.049,16,68.94,0.0625,0.1875,0.25,0.5625,Store,1.426,0,0-30 ngày,4,4,5,4.5,13,Champions,High,11.256,7.0067
C1340,1429,73892,2387,67,1,0,0,0,40,703,102,601,0,58,1,3,11,8,1,0,0,0,0,0,0,0,6.54,65+,70-90K,Single,Graduate,0,0,1,1464,0.4802,0.0697,0.4105,0.0,0.0396,22,66.55,0.0455,0.1364,0.5,0.3636,Catalog,1.981,0,31-60 ngày,3,5,5,5.0,13,Loyal Customers,High,11.2104,7.2896
C1341,1430,40304,2431,53,1,0,0,0,82,37,0,17,0,0,1,2,0,3,7,0,0,0,0,0,0,0,6.66,45-54,30-50K,Single,Graduate,0,0,1,54,0.6852,0.0,0.3148,0.0,0.0,5,10.8,0.2,0.4,0.0,0.6,Store,0.134,0,61-99 ngày,1,2,2,2.0,5,Hibernating,Low,10.6042,4.0073
C1342,1431,32727,2829,55,1,1,0,0,38,167,13,180,86,13,2,7,3,5,8,0,0,0,0,0,0,0,7.75,55-64,30-50K,Married/Partner,Graduate,0,0,2,459,0.3638,0.0283,0.3922,0.1874,0.0283,15,30.6,0.1333,0.4667,0.2,0.3333,Web,1.403,0,31-60 ngày,4,4,3,3.5,11,Loyal Customers,Mid,10.396,6.1312
C1343,1433,43300,2783,49,1,0,0,0,87,91,3,52,2,1,3,4,0,4,8,0,0,0,0,0,0,0,7.62,45-54,30-50K,Single,Graduate,0,0,1,149,0.6107,0.0201,0.349,0.0134,0.0067,8,18.62,0.375,0.5,0.0,0.5,Web,0.344,0,61-99 ngày,1,2,2,2.0,5,Hibernating,Low,10.6759,5.0106
C1344,1434,26290,2692,48,1,1,1,1,49,15,8,16,11,5,4,2,0,4,6,0,0,0,0,0,0,0,7.38,45-54,<30K,Married/Partner,Graduate,2,1,4,55,0.2727,0.1455,0.2909,0.2,0.0909,6,9.17,0.6667,0.3333,0.0,0.6667,Store,0.209,0,31-60 ngày,3,2,2,2.0,7,Need Attention,Low,10.177,4.0254
C1345,1435,93790,2296,50,1,0,0,0,16,1302,68,731,89,114,0,6,7,12,2,1,0,0,1,1,3,0,6.29,45-54,90K+,Single,Graduate,0,0,1,2304,0.5651,0.0295,0.3173,0.0386,0.0495,25,92.16,0.0,0.24,0.28,0.48,Store,2.457,1,0-30 ngày,5,5,5,5.0,15,Champions,High,11.4488,7.7428
C1346,1436,38410,2812,46,1,1,0,0,65,153,64,123,116,64,2,5,2,9,6,0,0,0,0,0,0,0,7.7,45-54,30-50K,Married/Partner,Graduate,0,0,2,520,0.2942,0.1231,0.2365,0.2231,0.1231,16,32.5,0.125,0.3125,0.125,0.5625,Store,1.354,0,61-99 ngày,2,4,3,3.5,9,At Risk,Mid,10.5561,6.2558
C1347,1437,64866,2313,70,1,0,0,0,9,508,5,21,7,5,4,7,3,7,5,0,0,0,1,0,1,0,6.34,65+,50-70K,Single,Graduate,0,0,1,546,0.9304,0.0092,0.0385,0.0128,0.0092,17,32.12,0.2353,0.4118,0.1765,0.4118,Web,0.842,1,0-30 ngày,5,4,3,3.5,12,Loyal Customers,Mid,11.0801,6.3044
C1348,1438,57957,2473,61,1,1,0,1,24,290,59,177,77,5,7,4,6,8,3,0,0,0,0,0,0,1,6.78,55-64,50-70K,Married/Partner,Graduate,1,1,3,608,0.477,0.097,0.2911,0.1266,0.0082,18,33.78,0.3889,0.2222,0.3333,0.4444,Store,1.049,0,0-30 ngày,4,4,4,4.0,12,Champions,Mid,10.9675,6.4118
C1349,1440,16531,2170,42,1,1,1,0,43,2,13,6,7,5,3,3,0,3,7,0,0,0,0,0,0,0,5.95,35-44,<30K,Married/Partner,Graduate,1,1,3,33,0.0606,0.3939,0.1818,0.2121,0.1515,6,5.5,0.5,0.5,0.0,0.5,Web,0.2,0,31-60 ngày,3,2,1,1.5,6,Need Attention,Low,9.7131,3.5264
C1350,1441,28072,2515,34,1,1,1,0,10,30,0,10,2,0,1,1,0,3,7,0,0,0,0,0,0,0,6.89,24-34,<30K,Married/Partner,Graduate,1,1,3,42,0.7143,0.0,0.2381,0.0476,0.0,4,10.5,0.25,0.25,0.0,0.75,Store,0.15,0,0-30 ngày,5,1,1,1.0,7,New / Promising,Low,10.2426,3.7612
C1351,1442,49476,2533,57,1,0,0,0,29,386,23,95,54,41,4,2,11,5,2,0,0,0,0,0,0,0,6.94,55-64,30-50K,Single,Graduate,0,0,1,599,0.6444,0.0384,0.1586,0.0902,0.0684,18,33.28,0.2222,0.1111,0.6111,0.2778,Catalog,1.211,0,0-30 ngày,4,4,4,4.0,12,Champions,Mid,10.8093,6.3969
C1352,1443,50725,2660,67,1,1,0,1,45,443,10,75,0,10,4,8,1,8,8,0,0,0,0,0,0,0,7.29,65+,50-70K,Married/Partner,Graduate,1,1,3,538,0.8234,0.0186,0.1394,0.0,0.0186,17,31.65,0.2353,0.4706,0.0588,0.4706,Web,1.061,0,31-60 ngày,3,4,3,3.5,10,Loyal Customers,Mid,10.8342,6.2897
C1353,1445,41145,2300,70,1,1,1,1,20,9,0,3,0,0,1,0,0,3,3,0,0,0,0,0,0,0,6.3,65+,30-50K,Married/Partner,Graduate,2,1,4,12,0.75,0.0,0.25,0.0,0.0,3,4.0,0.3333,0.0,0.0,1.0,Store,0.029,0,0-30 ngày,4,1,1,1.0,6,New / Promising,Low,10.6249,2.5649
C1354,1446,67419,2688,50,1,1,0,1,29,846,84,352,91,56,4,9,4,8,5,0,0,0,0,0,0,0,7.36,45-54,50-70K,Married/Partner,Graduate,1,1,3,1429,0.592,0.0588,0.2463,0.0637,0.0392,21,68.05,0.1905,0.4286,0.1905,0.381,Web,2.12,0,0-30 ngày,4,5,5,5.0,14,Champions,High,11.1187,7.2654
C1355,1447,23162,2349,50,0,1,1,1,82,8,3,9,19,4,3,1,1,3,6,0,0,0,0,0,0,0,6.44,45-54,<30K,Married/Partner,Non-graduate,2,1,4,43,0.186,0.0698,0.2093,0.4419,0.093,5,8.6,0.6,0.2,0.2,0.6,Store,0.186,0,61-99 ngày,1,2,1,1.5,4,Hibernating,Low,10.0503,3.7842
C1356,1448,34380,2582,43,1,1,1,0,68,72,7,58,13,1,4,4,1,3,8,0,0,0,0,0,0,0,7.07,35-44,30-50K,Married/Partner,Graduate,1,1,3,151,0.4768,0.0464,0.3841,0.0861,0.0066,8,18.88,0.5,0.5,0.125,0.375,Web,0.439,0,61-99 ngày,2,2,2,2.0,6,Hibernating,Low,10.4453,5.0239
C1357,1449,34704,2587,54,1,0,0,0,65,29,0,5,0,1,1,1,0,3,5,0,0,0,0,0,0,0,7.09,45-54,30-50K,Single,Graduate,0,0,1,35,0.8286,0.0,0.1429,0.0,0.0286,4,8.75,0.25,0.25,0.0,0.75,Store,0.101,0,61-99 ngày,2,1,1,1.0,4,Hibernating,Low,10.4546,3.5835
C1358,1450,94871,2825,51,1,1,0,2,99,169,24,553,188,0,1,8,5,4,7,0,0,0,1,1,2,0,7.74,45-54,90K+,Married/Partner,Graduate,2,1,4,934,0.1809,0.0257,0.5921,0.2013,0.0,17,54.94,0.0588,0.4706,0.2941,0.2353,Web,0.984,1,61-99 ngày,1,4,4,4.0,9,At Risk,Mid,11.4603,6.8405
C1359,1451,65148,2749,62,1,1,0,1,9,460,35,422,33,12,2,6,6,7,4,0,0,0,0,0,0,0,7.53,55-64,50-70K,Married/Partner,Graduate,1,1,3,962,0.4782,0.0364,0.4387,0.0343,0.0125,19,50.63,0.1053,0.3158,0.3158,0.3684,Store,1.477,0,0-30 ngày,5,4,4,4.0,13,Champions,Mid,11.0844,6.8701
C1360,1452,39898,2661,66,1,1,0,1,20,69,8,26,12,7,2,3,0,4,7,0,0,0,0,0,0,0,7.29,65+,30-50K,Married/Partner,Graduate,1,1,3,122,0.5656,0.0656,0.2131,0.0984,0.0574,7,17.43,0.2857,0.4286,0.0,0.5714,Store,0.306,0,0-30 ngày,4,2,2,2.0,8,New / Promising,Low,10.5941,4.8122
C1361,1454,59892,2398,50,1,1,0,1,26,73,0,13,0,1,1,2,1,3,3,0,0,0,0,0,0,0,6.57,45-54,50-70K,Married/Partner,Graduate,1,1,3,87,0.8391,0.0,0.1494,0.0,0.0115,6,14.5,0.1667,0.3333,0.1667,0.5,Store,0.145,0,0-30 ngày,4,2,2,2.0,8,New / Promising,Low,11.0003,4.4773
C1362,1455,41020,2403,33,1,0,0,0,68,112,1,54,7,7,1,3,2,4,3,0,0,0,0,0,0,0,6.58,24-34,30-50K,Single,Graduate,0,0,1,181,0.6188,0.0055,0.2983,0.0387,0.0387,9,20.11,0.1111,0.3333,0.2222,0.4444,Store,0.441,0,61-99 ngày,2,3,2,2.5,7,Hibernating,Low,10.6218,5.204
C1363,1456,57072,2315,59,1,1,0,1,79,944,0,60,0,0,2,7,5,13,5,0,0,1,0,0,1,0,6.34,55-64,50-70K,Married/Partner,Graduate,1,1,3,1004,0.9402,0.0,0.0598,0.0,0.0,25,40.16,0.08,0.28,0.2,0.52,Store,1.759,1,61-99 ngày,1,5,4,4.5,10,At Risk,Mid,10.9521,6.9127
C1364,1459,19414,2415,39,0,1,1,0,32,2,3,12,3,5,1,1,0,3,8,0,0,0,0,0,0,0,6.62,35-44,<30K,Married/Partner,Non-graduate,1,1,3,25,0.08,0.12,0.48,0.12,0.2,4,6.25,0.25,0.25,0.0,0.75,Store,0.129,0,31-60 ngày,4,1,1,1.0,6,New / Promising,Low,9.8738,3.2581
C1365,1460,19107,2470,40,1,1,1,0,49,2,4,9,10,5,2,1,0,3,7,0,0,0,0,0,0,0,6.77,35-44,<30K,Married/Partner,Graduate,1,1,3,30,0.0667,0.1333,0.3,0.3333,0.1667,4,7.5,0.5,0.25,0.0,0.75,Store,0.157,0,31-60 ngày,3,1,1,1.0,5,Need Attention,Low,9.8579,3.434
C1366,1461,75484,2855,44,0,1,0,1,50,378,97,259,197,194,2,7,3,6,4,0,0,0,0,0,0,0,7.82,35-44,70-90K,Married/Partner,Non-graduate,1,1,3,1125,0.336,0.0862,0.2302,0.1751,0.1724,16,70.31,0.125,0.4375,0.1875,0.375,Web,1.49,0,31-60 ngày,3,4,5,4.5,12,Loyal Customers,High,11.2317,7.0264
C1367,1462,70379,2642,44,1,0,0,0,84,553,25,142,65,67,3,6,3,13,4,0,0,0,0,0,0,0,7.24,35-44,70-90K,Single,Graduate,0,0,1,852,0.6491,0.0293,0.1667,0.0763,0.0786,22,38.73,0.1364,0.2727,0.1364,0.5909,Store,1.211,0,61-99 ngày,1,5,4,4.5,10,At Risk,Mid,11.1617,6.7488
C1368,1463,79419,2166,50,1,1,0,0,96,751,127,687,20,15,1,4,6,4,2,0,0,0,0,0,0,0,5.93,45-54,70-90K,Married/Partner,Graduate,0,0,2,1600,0.4694,0.0794,0.4294,0.0125,0.0094,14,114.29,0.0714,0.2857,0.4286,0.2857,Catalog,2.015,0,61-99 ngày,1,3,5,4.0,9,At Risk,High,11.2825,7.3784
C1369,1464,64014,2178,74,1,1,2,1,56,406,0,30,0,0,7,8,2,5,7,1,0,0,0,0,1,0,5.97,65+,50-70K,Married/Partner,Graduate,3,1,5,436,0.9312,0.0,0.0688,0.0,0.0,15,29.07,0.4667,0.5333,0.1333,0.3333,Web,0.681,1,31-60 ngày,3,4,3,3.5,10,Loyal Customers,Mid,11.0669,6.0799
C1370,1465,76998,2693,65,1,1,0,1,85,1449,89,161,69,35,2,11,8,8,6,0,0,0,0,1,1,0,7.38,65+,70-90K,Married/Partner,Graduate,1,1,3,1803,0.8037,0.0494,0.0893,0.0383,0.0194,27,66.78,0.0741,0.4074,0.2963,0.2963,Web,2.342,1,61-99 ngày,1,5,5,5.0,11,At Risk,High,11.2515,7.4978
C1371,1466,49854,2390,48,1,1,1,0,63,123,17,171,39,0,5,6,2,5,6,0,0,0,0,0,0,0,6.55,45-54,30-50K,Married/Partner,Graduate,1,1,3,350,0.3514,0.0486,0.4886,0.1114,0.0,13,26.92,0.3846,0.4615,0.1538,0.3846,Web,0.702,0,61-99 ngày,2,3,3,3.0,8,At Risk,Mid,10.8169,5.8608
C1372,1467,60585,2529,49,1,1,1,1,17,267,42,309,55,42,10,7,4,9,5,0,0,0,0,0,0,0,6.93,45-54,50-70K,Married/Partner,Graduate,2,1,4,715,0.3734,0.0587,0.4322,0.0769,0.0587,20,35.75,0.5,0.35,0.2,0.45,Store,1.18,0,0-30 ngày,5,5,4,4.5,14,Champions,Mid,11.0118,6.5737
C1373,1468,42873,2683,70,1,0,0,0,11,209,0,40,3,2,4,6,1,4,8,0,0,0,0,0,0,0,7.35,65+,30-50K,Single,Graduate,0,0,1,254,0.8228,0.0,0.1575,0.0118,0.0079,11,23.09,0.3636,0.5455,0.0909,0.3636,Web,0.592,0,0-30 ngày,5,3,3,3.0,11,Loyal Customers,Low,10.666,5.5413
C1374,1469,87679,2496,32,1,1,0,0,62,1259,172,815,97,148,1,7,11,10,4,1,0,1,0,1,3,0,6.84,24-34,70-90K,Married/Partner,Graduate,0,0,2,2491,0.5054,0.069,0.3272,0.0389,0.0594,28,88.96,0.0357,0.25,0.3929,0.3571,Catalog,2.841,1,61-99 ngày,2,5,5,5.0,12,At Risk,High,11.3814,7.8208
C1375,1470,57867,2430,42,1,1,1,0,48,344,35,178,15,23,7,7,2,9,6,0,0,0,0,0,0,0,6.66,35-44,50-70K,Married/Partner,Graduate,1,1,3,595,0.5782,0.0588,0.2992,0.0252,0.0387,18,33.06,0.3889,0.3889,0.1111,0.5,Store,1.028,0,31-60 ngày,3,4,4,4.0,11,Loyal Customers,Mid,10.9659,6.3902
C1376,1471,35765,2359,30,1,1,1,0,86,22,3,30,0,5,2,2,0,4,6,0,0,0,0,0,0,0,6.46,24-34,30-50K,Married/Partner,Graduate,1,1,3,60,0.3667,0.05,0.5,0.0,0.0833,6,10.0,0.3333,0.3333,0.0,0.6667,Store,0.168,0,61-99 ngày,1,2,2,2.0,5,Hibernating,Low,10.4848,4.1109
C1377,1472,65492,2313,61,1,1,0,0,73,247,161,295,210,85,2,4,7,13,2,0,0,0,0,0,0,0,6.34,55-64,50-70K,Married/Partner,Graduate,0,0,2,998,0.2475,0.1613,0.2956,0.2104,0.0852,24,41.58,0.0833,0.1667,0.2917,0.5417,Store,1.524,0,61-99 ngày,2,5,4,4.5,11,At Risk,Mid,11.0897,6.9068
C1378,1473,32952,2369,43,1,0,0,0,36,38,0,12,3,1,1,2,0,3,7,0,0,0,0,0,0,0,6.49,35-44,30-50K,Single,Graduate,0,0,1,54,0.7037,0.0,0.2222,0.0556,0.0185,5,10.8,0.2,0.4,0.0,0.6,Store,0.164,0,31-60 ngày,4,2,2,2.0,8,New / Promising,Low,10.4028,4.0073
C1379,1474,53374,2841,51,1,1,0,1,34,896,10,101,13,10,6,4,2,9,9,0,0,1,0,0,1,0,7.78,45-54,50-70K,Married/Partner,Graduate,1,1,3,1030,0.8699,0.0097,0.0981,0.0126,0.0097,15,68.67,0.4,0.2667,0.1333,0.6,Store,1.93,1,31-60 ngày,4,4,4,4.0,12,Champions,Mid,10.8851,6.9383
C1380,1475,71706,2752,61,1,1,0,1,16,931,56,253,91,98,4,9,5,7,5,0,0,0,0,0,0,0,7.54,55-64,70-90K,Married/Partner,Graduate,1,1,3,1429,0.6515,0.0392,0.177,0.0637,0.0686,21,68.05,0.1905,0.4286,0.2381,0.3333,Web,1.993,0,0-30 ngày,5,5,5,5.0,15,Champions,High,11.1803,7.2654
C1381,1476,68487,2691,32,1,1,0,0,48,758,12,385,33,89,1,9,7,13,4,0,0,0,0,0,0,0,7.37,24-34,50-70K,Married/Partner,Graduate,0,0,2,1277,0.5936,0.0094,0.3015,0.0258,0.0697,29,44.03,0.0345,0.3103,0.2414,0.4483,Store,1.865,0,31-60 ngày,3,5,5,5.0,13,Loyal Customers,High,11.1344,7.1531
C1382,1477,53253,2662,45,1,1,1,1,61,216,9,57,20,9,7,4,3,5,5,0,0,0,0,0,0,0,7.29,45-54,50-70K,Married/Partner,Graduate,2,1,4,311,0.6945,0.0289,0.1833,0.0643,0.0289,12,25.92,0.5833,0.3333,0.25,0.4167,Store,0.584,0,61-99 ngày,2,3,3,3.0,8,At Risk,Low,10.8828,5.743
C1383,1479,42014,2840,43,1,1,1,0,56,244,15,108,4,15,6,7,1,6,8,0,0,0,0,0,0,0,7.78,35-44,30-50K,Married/Partner,Graduate,1,1,3,386,0.6321,0.0389,0.2798,0.0104,0.0389,14,27.57,0.4286,0.5,0.0714,0.4286,Web,0.919,0,31-60 ngày,3,3,3,3.0,9,Loyal Customers,Mid,10.6458,5.9584
C1384,1480,54108,2760,47,1,1,1,1,74,539,6,91,8,6,13,8,2,9,8,0,0,0,0,0,0,0,7.56,45-54,50-70K,Married/Partner,Graduate,2,1,4,650,0.8292,0.0092,0.14,0.0123,0.0092,19,34.21,0.6842,0.4211,0.1053,0.4737,Store,1.201,0,61-99 ngày,2,4,4,4.0,10,At Risk,Mid,10.8988,6.4785
C1385,1481,49667,2837,65,1,0,0,0,35,1181,26,120,17,13,2,5,10,5,8,0,0,1,0,0,1,0,7.77,65+,30-50K,Single,Graduate,0,0,1,1357,0.8703,0.0192,0.0884,0.0125,0.0096,20,67.85,0.1,0.25,0.5,0.25,Catalog,2.732,1,31-60 ngày,4,5,5,5.0,14,Champions,High,10.8131,7.2138
C1386,1482,63206,2260,46,1,1,0,0,65,750,8,125,11,8,1,4,3,6,2,0,0,0,0,1,1,0,6.19,45-54,50-70K,Married/Partner,Graduate,0,0,2,902,0.8315,0.0089,0.1386,0.0122,0.0089,13,69.38,0.0769,0.3077,0.2308,0.4615,Store,1.427,1,61-99 ngày,2,3,4,3.5,9,At Risk,Mid,11.0542,6.8057
C1387,1483,57136,2514,48,1,1,1,1,48,306,5,109,21,109,9,5,2,10,6,0,0,0,0,0,0,0,6.89,45-54,50-70K,Married/Partner,Graduate,2,1,4,550,0.5564,0.0091,0.1982,0.0382,0.1982,17,32.35,0.5294,0.2941,0.1176,0.5882,Store,0.963,0,31-60 ngày,3,4,3,3.5,10,Loyal Customers,Mid,10.9532,6.3117
C1388,1484,46772,2758,45,0,1,0,1,88,350,104,189,197,151,6,11,8,5,8,0,0,1,0,0,1,0,7.56,45-54,30-50K,Married/Partner,Non-graduate,1,1,3,991,0.3532,0.1049,0.1907,0.1988,0.1524,24,41.29,0.25,0.4583,0.3333,0.2083,Web,2.119,1,61-99 ngày,1,5,4,4.5,10,At Risk,Mid,10.7531,6.8997
C1389,1485,78931,2406,49,1,1,0,0,19,331,197,170,58,152,1,2,8,13,1,0,0,0,0,0,0,0,6.59,45-54,70-90K,Married/Partner,Graduate,0,0,2,908,0.3645,0.217,0.1872,0.0639,0.1674,23,39.48,0.0435,0.087,0.3478,0.5652,Store,1.15,0,0-30 ngày,4,5,4,4.5,13,Champions,Mid,11.2763,6.8123
C1390,1486,53977,2545,62,1,1,0,1,21,620,16,165,0,24,5,5,5,12,5,0,0,0,0,0,0,0,6.97,55-64,50-70K,Married/Partner,Graduate,1,1,3,825,0.7515,0.0194,0.2,0.0,0.0291,22,37.5,0.2273,0.2273,0.2273,0.5455,Store,1.528,0,0-30 ngày,4,5,4,4.5,13,Champions,Mid,10.8963,6.7166
C1391,1489,73538,2740,55,1,1,0,1,92,811,76,428,99,137,3,10,4,9,7,0,0,0,0,0,0,0,7.51,55-64,70-90K,Married/Partner,Graduate,1,1,3,1551,0.5229,0.049,0.276,0.0638,0.0883,23,67.43,0.1304,0.4348,0.1739,0.3913,Web,2.109,0,61-99 ngày,1,5,5,5.0,11,At Risk,High,11.2056,7.3473
C1392,1490,79529,2222,34,1,1,0,0,1,423,42,706,73,197,1,4,8,9,2,0,0,0,0,0,0,0,6.09,24-34,70-90K,Married/Partner,Graduate,0,0,2,1441,0.2935,0.0291,0.4899,0.0507,0.1367,21,68.62,0.0476,0.1905,0.381,0.4286,Store,1.812,0,0-30 ngày,5,5,5,5.0,15,Champions,High,11.2839,7.2738
C1393,1491,20981,2584,43,0,1,0,0,14,2,12,10,6,13,1,3,1,2,8,0,0,0,0,0,0,0,7.08,35-44,<30K,Married/Partner,Non-graduate,0,0,2,43,0.0465,0.2791,0.2326,0.1395,0.3023,6,7.17,0.1667,0.5,0.1667,0.3333,Web,0.205,0,0-30 ngày,5,2,1,1.5,8,New / Promising,Low,9.9514,3.7842
C1394,1492,51766,2269,40,1,0,0,0,74,60,51,87,6,20,2,4,2,4,5,0,0,0,0,0,0,0,6.22,35-44,50-70K,Single,Graduate,0,0,1,224,0.2679,0.2277,0.3884,0.0268,0.0893,10,22.4,0.2,0.4,0.2,0.4,Web,0.433,0,61-99 ngày,2,3,3,3.0,8,At Risk,Low,10.8545,5.4161
C1395,1493,55759,2737,58,1,1,0,1,84,675,0,85,10,7,5,10,3,8,8,0,0,0,0,0,0,0,7.5,55-64,50-70K,Married/Partner,Graduate,1,1,3,777,0.8687,0.0,0.1094,0.0129,0.009,21,37.0,0.2381,0.4762,0.1429,0.381,Web,1.393,0,61-99 ngày,1,5,4,4.5,10,At Risk,Mid,10.9288,6.6567
C1396,1495,37787,2441,48,1,1,1,0,50,40,1,40,4,3,1,3,0,3,8,0,0,0,0,0,0,0,6.69,45-54,30-50K,Married/Partner,Graduate,1,1,3,88,0.4545,0.0114,0.4545,0.0455,0.0341,6,14.67,0.1667,0.5,0.0,0.5,Web,0.233,0,31-60 ngày,3,2,2,2.0,7,Need Attention,Low,10.5397,4.4886
C1397,1496,27242,2754,50,1,0,0,0,2,3,17,26,20,1,2,2,0,3,9,0,0,0,0,0,0,0,7.55,45-54,<30K,Single,Graduate,0,0,1,67,0.0448,0.2537,0.3881,0.2985,0.0149,5,13.4,0.4,0.4,0.0,0.6,Store,0.246,0,0-30 ngày,5,2,2,2.0,9,New / Promising,Low,10.2126,4.2195
C1398,1497,87188,2550,37,1,0,0,0,73,910,111,724,49,74,1,10,2,6,3,0,0,0,0,0,0,0,6.99,35-44,70-90K,Single,Graduate,0,0,1,1868,0.4872,0.0594,0.3876,0.0262,0.0396,18,103.78,0.0556,0.5556,0.1111,0.3333,Web,2.142,0,61-99 ngày,2,4,5,4.5,11,At Risk,High,11.3758,7.5332
C1399,1498,69930,2558,49,1,1,0,0,21,252,98,827,219,70,1,4,5,12,3,0,0,0,0,0,0,0,7.01,45-54,50-70K,Married/Partner,Graduate,0,0,2,1466,0.1719,0.0668,0.5641,0.1494,0.0477,21,69.81,0.0476,0.1905,0.2381,0.5714,Store,2.096,0,0-30 ngày,4,5,5,5.0,14,Champions,High,11.1553,7.291
C1400,1499,37697,2301,44,1,0,0,0,82,34,6,21,11,4,1,2,1,3,6,0,0,0,0,0,0,0,6.3,35-44,30-50K,Single,Graduate,0,0,1,76,0.4474,0.0789,0.2763,0.1447,0.0526,6,12.67,0.1667,0.3333,0.1667,0.5,Store,0.202,0,61-99 ngày,1,2,2,2.0,5,Hibernating,Low,10.5374,4.3438
C1401,1502,58597,2745,44,1,1,1,1,20,490,0,184,10,28,12,7,4,9,7,0,0,0,0,0,0,0,7.52,35-44,50-70K,Married/Partner,Graduate,2,1,4,712,0.6882,0.0,0.2584,0.014,0.0393,20,35.6,0.6,0.35,0.2,0.45,Store,1.215,0,0-30 ngày,4,5,4,4.5,13,Champions,Mid,10.9785,6.5695
C1402,1503,82032,2244,72,1,0,0,0,54,332,194,377,149,125,0,4,6,7,1,0,0,0,0,0,0,0,6.15,65+,70-90K,Single,Graduate,0,0,1,1177,0.2821,0.1648,0.3203,0.1266,0.1062,17,69.24,0.0,0.2353,0.3529,0.4118,Store,1.435,0,31-60 ngày,3,4,5,4.5,12,Loyal Customers,High,11.3149,7.0716
C1403,1504,28087,2724,62,1,1,1,1,77,53,8,17,13,0,3,2,2,2,7,0,0,0,0,0,0,0,7.46,55-64,<30K,Married/Partner,Graduate,2,1,4,91,0.5824,0.0879,0.1868,0.1429,0.0,6,15.17,0.5,0.3333,0.3333,0.3333,Web,0.324,0,61-99 ngày,2,2,2,2.0,6,Hibernating,Low,10.2431,4.5218
C1404,1505,74004,2284,33,1,0,0,0,5,784,48,560,42,176,1,4,6,4,3,1,0,0,0,1,2,0,6.26,24-34,70-90K,Single,Graduate,0,0,1,1610,0.487,0.0298,0.3478,0.0261,0.1093,14,115.0,0.0714,0.2857,0.4286,0.2857,Catalog,2.176,1,0-30 ngày,5,3,5,4.0,13,Champions,High,11.2119,7.3846
C1405,1506,19740,2621,60,1,1,0,1,65,7,11,3,10,4,2,1,1,3,5,0,0,0,0,0,0,0,7.18,55-64,<30K,Married/Partner,Graduate,1,1,3,35,0.2,0.3143,0.0857,0.2857,0.1143,5,7.0,0.4,0.2,0.2,0.6,Store,0.177,0,61-99 ngày,2,2,1,1.5,5,Hibernating,Low,9.8905,3.5835
C1406,1507,57036,2724,45,0,1,0,1,33,1171,43,219,19,14,4,6,3,13,9,0,0,1,0,0,1,0,7.46,45-54,50-70K,Married/Partner,Non-graduate,1,1,3,1466,0.7988,0.0293,0.1494,0.013,0.0095,22,66.64,0.1818,0.2727,0.1364,0.5909,Store,2.57,1,31-60 ngày,4,5,5,5.0,14,Champions,High,10.9515,7.291
C1407,1508,53083,2569,62,0,1,1,1,65,215,7,33,3,0,6,5,1,5,7,0,0,0,1,0,1,0,7.04,55-64,50-70K,Married/Partner,Non-graduate,2,1,4,258,0.8333,0.0271,0.1279,0.0116,0.0,11,23.45,0.5455,0.4545,0.0909,0.4545,Web,0.486,1,61-99 ngày,2,3,3,3.0,8,At Risk,Low,10.8796,5.5568
C1408,1509,69283,2174,45,1,1,0,1,41,674,62,134,0,26,4,7,3,13,5,0,0,0,0,0,0,0,5.96,45-54,50-70K,Married/Partner,Graduate,1,1,3,896,0.7522,0.0692,0.1496,0.0,0.029,23,38.96,0.1739,0.3043,0.1304,0.5652,Store,1.293,0,31-60 ngày,3,5,4,4.5,12,Loyal Customers,Mid,11.146,6.7991
C1409,1511,23331,2822,32,0,1,1,0,92,5,36,7,0,10,2,3,0,3,8,0,0,0,0,0,0,0,7.73,24-34,<30K,Married/Partner,Non-graduate,1,1,3,58,0.0862,0.6207,0.1207,0.0,0.1724,6,9.67,0.3333,0.5,0.0,0.5,Web,0.249,0,61-99 ngày,1,2,2,2.0,5,Hibernating,Low,10.0576,4.0775
C1410,1512,23331,2791,32,0,0,0,0,97,104,20,101,24,15,6,5,1,5,9,0,0,0,0,0,0,0,7.65,24-34,<30K,Single,Non-graduate,0,0,1,264,0.3939,0.0758,0.3826,0.0909,0.0568,11,24.0,0.5455,0.4545,0.0909,0.4545,Web,1.132,0,61-99 ngày,1,3,3,3.0,7,At Risk,Low,10.0576,5.5797
C1411,1513,9255,2350,31,1,0,0,0,91,9,0,7,2,0,1,1,1,2,8,0,0,0,0,0,0,0,6.44,24-34,<30K,Single,Graduate,0,0,1,18,0.5,0.0,0.3889,0.1111,0.0,4,4.5,0.25,0.25,0.25,0.5,Store,0.194,0,61-99 ngày,1,1,1,1.0,3,Hibernating,Low,9.133,2.9444
C1412,1514,67786,2363,61,1,0,0,0,0,431,82,441,80,20,1,3,6,6,1,0,0,0,0,0,0,0,6.47,55-64,50-70K,Single,Graduate,0,0,1,1054,0.4089,0.0778,0.4184,0.0759,0.019,15,70.27,0.0667,0.2,0.4,0.4,Catalog,1.555,0,0-30 ngày,5,4,4,4.0,13,Champions,Mid,11.1241,6.9613
C1413,1515,71969,2780,49,1,1,0,1,59,1000,0,76,0,0,3,3,4,9,8,0,0,0,1,0,1,0,7.62,45-54,70-90K,Married/Partner,Graduate,1,1,3,1076,0.9294,0.0,0.0706,0.0,0.0,16,67.25,0.1875,0.1875,0.25,0.5625,Store,1.495,1,31-60 ngày,2,4,4,4.0,10,At Risk,Mid,11.184,6.9819
C1414,1516,59235,2692,53,1,0,0,0,4,448,40,469,80,0,3,11,2,12,7,0,0,0,0,0,0,0,7.38,45-54,50-70K,Single,Graduate,0,0,1,1037,0.432,0.0386,0.4523,0.0771,0.0,25,41.48,0.12,0.44,0.08,0.48,Store,1.751,0,0-30 ngày,5,5,4,4.5,14,Champions,Mid,10.9893,6.9451
C1415,1517,31928,2252,31,1,1,1,0,5,33,4,24,4,2,2,3,0,4,7,0,0,0,0,0,0,0,6.17,24-34,30-50K,Married/Partner,Graduate,1,1,3,67,0.4925,0.0597,0.3582,0.0597,0.0299,7,9.57,0.2857,0.4286,0.0,0.5714,Store,0.21,0,0-30 ngày,5,2,2,2.0,9,New / Promising,Low,10.3713,4.2195
C1416,1518,74881,2637,59,1,1,1,1,48,505,72,270,36,27,4,9,2,12,5,0,0,0,0,0,0,0,7.22,55-64,70-90K,Married/Partner,Graduate,2,1,4,910,0.5549,0.0791,0.2967,0.0396,0.0297,23,39.57,0.1739,0.3913,0.087,0.5217,Store,1.215,0,31-60 ngày,3,5,4,4.5,12,Loyal Customers,Mid,11.2237,6.8145
C1417,1519,65819,2736,42,1,1,0,0,99,267,38,701,149,165,1,5,4,10,3,0,0,0,0,0,0,0,7.5,35-44,50-70K,Married/Partner,Graduate,0,0,2,1320,0.2023,0.0288,0.5311,0.1129,0.125,19,69.47,0.0526,0.2632,0.2105,0.5263,Store,2.005,0,61-99 ngày,1,4,5,4.5,10,At Risk,High,11.0947,7.1861
C1418,1520,51411,2558,67,1,0,0,0,81,14,0,3,0,0,1,0,0,3,5,0,0,0,0,0,0,0,7.01,65+,50-70K,Single,Graduate,0,0,1,17,0.8235,0.0,0.1765,0.0,0.0,3,5.67,0.3333,0.0,0.0,1.0,Store,0.033,0,61-99 ngày,1,1,1,1.0,3,Hibernating,Low,10.8476,2.8904
C1419,1521,51983,2826,56,1,0,0,0,95,631,0,115,10,7,3,9,2,10,7,0,0,0,0,0,0,0,7.74,55-64,50-70K,Single,Graduate,0,0,1,763,0.827,0.0,0.1507,0.0131,0.0092,21,36.33,0.1429,0.4286,0.0952,0.4762,Store,1.468,0,61-99 ngày,1,5,4,4.5,10,At Risk,Mid,10.8587,6.6386
C1420,1523,30390,2459,33,0,1,0,0,5,10,12,12,25,1,1,2,0,3,6,0,0,0,0,0,0,0,6.74,24-34,30-50K,Married/Partner,Non-graduate,0,0,2,60,0.1667,0.2,0.2,0.4167,0.0167,5,12.0,0.2,0.4,0.0,0.6,Store,0.197,0,0-30 ngày,5,2,2,2.0,9,New / Promising,Low,10.3219,4.1109
C1421,1524,30983,2756,57,1,0,0,0,50,51,4,50,12,1,1,4,0,3,8,0,0,0,0,0,0,0,7.55,55-64,30-50K,Single,Graduate,0,0,1,118,0.4322,0.0339,0.4237,0.1017,0.0085,7,16.86,0.1429,0.5714,0.0,0.4286,Web,0.381,0,31-60 ngày,3,2,2,2.0,7,Need Attention,Low,10.3412,4.7791
C1422,1525,66033,2684,63,1,0,0,0,76,293,35,179,46,59,2,8,3,7,7,0,0,0,0,0,0,0,7.35,55-64,50-70K,Single,Graduate,0,0,1,612,0.4788,0.0572,0.2925,0.0752,0.0964,18,34.0,0.1111,0.4444,0.1667,0.3889,Web,0.927,0,61-99 ngày,2,4,4,4.0,10,At Risk,Mid,11.0979,6.4184
C1423,1526,37284,2616,45,0,1,1,1,46,11,1,2,2,1,1,0,0,3,6,0,0,0,0,0,0,0,7.17,45-54,30-50K,Married/Partner,Non-graduate,2,1,4,17,0.6471,0.0588,0.1176,0.1176,0.0588,3,5.67,0.3333,0.0,0.0,1.0,Store,0.046,0,31-60 ngày,3,1,1,1.0,5,Need Attention,Low,10.5263,2.8904
C1424,1527,57530,2419,69,1,0,0,0,68,50,1,27,6,7,1,1,1,4,1,0,0,0,0,0,0,0,6.63,65+,50-70K,Single,Graduate,0,0,1,91,0.5495,0.011,0.2967,0.0659,0.0769,6,15.17,0.1667,0.1667,0.1667,0.6667,Store,0.158,0,61-99 ngày,2,2,2,2.0,6,Hibernating,Low,10.9601,4.5218
C1425,1528,76800,2272,55,0,1,0,0,33,173,26,255,35,71,1,4,4,7,1,0,0,0,0,0,0,0,6.22,55-64,70-90K,Married/Partner,Non-graduate,0,0,2,560,0.3089,0.0464,0.4554,0.0625,0.1268,15,37.33,0.0667,0.2667,0.2667,0.4667,Store,0.729,0,31-60 ngày,4,4,3,3.5,11,Loyal Customers,Mid,11.249,6.3297
C1426,1529,63943,2824,64,1,1,0,1,50,423,184,368,13,97,1,6,4,6,5,0,0,0,0,0,0,0,7.74,55-64,50-70K,Married/Partner,Graduate,1,1,3,1085,0.3899,0.1696,0.3392,0.012,0.0894,16,67.81,0.0625,0.375,0.25,0.375,Web,1.697,0,31-60 ngày,3,4,4,4.0,11,Loyal Customers,Mid,11.0658,6.9903
C1427,1532,37054,2446,53,1,1,1,1,89,12,1,6,0,1,2,1,0,3,7,0,0,0,0,0,0,0,6.7,45-54,30-50K,Married/Partner,Graduate,2,1,4,20,0.6,0.05,0.3,0.0,0.05,4,5.0,0.5,0.25,0.0,0.75,Store,0.054,0,61-99 ngày,1,1,1,1.0,3,Hibernating,Low,10.5202,3.0445
C1428,1533,47175,2768,58,1,1,1,1,81,167,2,44,6,2,7,4,2,4,8,0,0,1,0,0,1,0,7.58,55-64,30-50K,Married/Partner,Graduate,2,1,4,221,0.7557,0.009,0.1991,0.0271,0.009,10,22.1,0.7,0.4,0.2,0.4,Web,0.468,1,61-99 ngày,1,3,3,3.0,7,At Risk,Low,10.7616,5.4027
C1429,1534,31859,2539,44,1,0,0,0,77,3,1,3,8,0,1,1,0,2,7,0,0,0,0,0,0,0,6.96,35-44,30-50K,Single,Graduate,0,0,1,15,0.2,0.0667,0.2,0.5333,0.0,3,5.0,0.3333,0.3333,0.0,0.6667,Store,0.047,0,61-99 ngày,2,1,1,1.0,4,Hibernating,Low,10.3691,2.7726
C1430,1535,27215,2681,59,1,0,0,0,50,30,5,22,8,9,4,2,1,4,6,0,0,0,0,0,0,0,7.35,55-64,<30K,Single,Graduate,0,0,1,74,0.4054,0.0676,0.2973,0.1081,0.1216,7,10.57,0.5714,0.2857,0.1429,0.5714,Store,0.272,0,31-60 ngày,3,2,2,2.0,7,Need Attention,Low,10.2116,4.3175
C1431,1536,70179,2502,44,1,0,0,0,10,532,88,168,69,44,3,7,3,13,5,0,0,0,0,0,0,0,6.85,35-44,70-90K,Single,Graduate,0,0,1,901,0.5905,0.0977,0.1865,0.0766,0.0488,23,39.17,0.1304,0.3043,0.1304,0.5652,Store,1.284,0,0-30 ngày,5,5,4,4.5,14,Champions,Mid,11.1588,6.8046
C1432,1539,24645,2764,32,1,1,1,0,16,5,3,4,4,1,1,1,0,2,8,0,0,0,0,0,0,0,7.57,24-34,<30K,Married/Partner,Graduate,1,1,3,17,0.2941,0.1765,0.2353,0.2353,0.0588,3,5.67,0.3333,0.3333,0.0,0.6667,Store,0.069,0,0-30 ngày,5,1,1,1.0,7,New / Promising,Low,10.1124,2.8904
C1433,1540,79865,2170,66,1,0,0,0,12,71,99,278,185,121,1,5,10,5,1,0,0,0,0,0,0,0,5.95,65+,70-90K,Single,Graduate,0,0,1,754,0.0942,0.1313,0.3687,0.2454,0.1605,20,37.7,0.05,0.25,0.5,0.25,Catalog,0.944,0,0-30 ngày,5,5,4,4.5,14,Champions,Mid,11.2881,6.6267
C1434,1541,44322,2172,35,1,1,1,0,30,46,0,40,3,0,2,3,0,3,8,0,0,0,0,0,0,0,5.95,35-44,30-50K,Married/Partner,Graduate,1,1,3,89,0.5169,0.0,0.4494,0.0337,0.0,6,14.83,0.3333,0.5,0.0,0.5,Web,0.201,0,0-30 ngày,4,2,2,2.0,8,New / Promising,Low,10.6993,4.4998
C1435,1542,47958,2685,68,1,0,0,0,8,268,11,88,15,3,2,6,3,5,5,0,0,0,0,0,0,0,7.36,65+,30-50K,Single,Graduate,0,0,1,385,0.6961,0.0286,0.2286,0.039,0.0078,14,27.5,0.1429,0.4286,0.2143,0.3571,Web,0.803,0,0-30 ngày,5,3,3,3.0,11,Loyal Customers,Mid,10.7781,5.9558
C1436,1543,63972,2733,56,1,0,0,0,93,928,63,254,0,12,4,5,4,10,4,0,0,0,1,0,1,0,7.49,55-64,50-70K,Single,Graduate,0,0,1,1257,0.7383,0.0501,0.2021,0.0,0.0095,19,66.16,0.2105,0.2632,0.2105,0.5263,Store,1.965,1,61-99 ngày,1,4,5,4.5,10,At Risk,High,11.0662,7.1373
C1437,1544,75315,2234,66,1,1,0,1,14,459,15,171,142,23,2,5,4,12,2,0,0,0,0,0,0,0,6.12,65+,70-90K,Married/Partner,Graduate,1,1,3,810,0.5667,0.0185,0.2111,0.1753,0.0284,21,38.57,0.0952,0.2381,0.1905,0.5714,Store,1.075,0,0-30 ngày,5,5,4,4.5,14,Champions,Mid,11.2294,6.6983
C1438,1545,55517,2799,70,1,1,1,1,53,483,0,108,0,6,5,11,1,6,9,0,0,0,0,0,0,0,7.67,65+,50-70K,Married/Partner,Graduate,2,1,4,597,0.809,0.0,0.1809,0.0,0.0101,18,33.17,0.2778,0.6111,0.0556,0.3333,Web,1.075,0,31-60 ngày,3,4,4,4.0,11,Loyal Customers,Mid,10.9245,6.3936
C1439,1546,75283,2618,63,1,1,1,2,26,733,9,180,12,19,11,6,3,5,4,0,0,0,0,0,0,0,7.17,55-64,70-90K,Married/Partner,Graduate,3,1,5,953,0.7692,0.0094,0.1889,0.0126,0.0199,14,68.07,0.7857,0.4286,0.2143,0.3571,Web,1.266,0,0-30 ngày,4,3,4,3.5,11,Loyal Customers,Mid,11.229,6.8607
C1440,1550,27161,2403,34,1,1,1,0,41,7,4,23,7,0,1,1,0,3,7,0,0,0,0,0,0,0,6.58,24-34,<30K,Married/Partner,Graduate,1,1,3,41,0.1707,0.0976,0.561,0.1707,0.0,4,10.25,0.25,0.25,0.0,0.75,Store,0.151,0,31-60 ngày,3,1,1,1.0,5,Need Attention,Low,10.2096,3.7377
C1441,1552,38201,2616,60,1,1,0,1,19,233,0,23,0,0,4,5,1,5,8,0,0,0,0,0,0,0,7.17,55-64,30-50K,Married/Partner,Graduate,1,1,3,256,0.9102,0.0,0.0898,0.0,0.0,11,23.27,0.3636,0.4545,0.0909,0.4545,Web,0.67,0,0-30 ngày,4,3,3,3.0,10,Loyal Customers,Low,10.5506,5.5491
C1442,1553,45203,2257,38,1,1,2,0,4,35,3,67,10,8,1,3,1,3,6,0,0,0,0,0,0,0,6.18,35-44,30-50K,Married/Partner,Graduate,2,1,4,123,0.2846,0.0244,0.5447,0.0813,0.065,7,17.57,0.1429,0.4286,0.1429,0.4286,Web,0.272,0,0-30 ngày,5,2,2,2.0,9,New / Promising,Low,10.7189,4.8203
C1443,1554,81574,2221,73,1,1,0,0,89,1252,0,465,46,35,1,4,5,8,1,0,0,0,1,1,2,0,6.08,65+,70-90K,Married/Partner,Graduate,0,0,2,1798,0.6963,0.0,0.2586,0.0256,0.0195,17,105.76,0.0588,0.2353,0.2941,0.4706,Store,2.204,1,61-99 ngày,1,4,5,4.5,10,At Risk,High,11.3093,7.495
C1444,1556,60482,2681,44,1,0,0,0,81,255,43,134,37,14,1,7,2,7,7,0,0,0,0,0,0,0,7.35,35-44,50-70K,Single,Graduate,0,0,1,483,0.528,0.089,0.2774,0.0766,0.029,16,30.19,0.0625,0.4375,0.125,0.4375,Web,0.799,0,61-99 ngày,1,4,3,3.5,8,At Risk,Mid,11.0101,6.1821
C1445,1557,34633,2316,64,1,1,2,1,31,8,1,5,0,0,1,1,0,2,6,0,0,0,0,0,0,0,6.35,55-64,30-50K,Married/Partner,Graduate,3,1,5,14,0.5714,0.0714,0.3571,0.0,0.0,3,4.67,0.3333,0.3333,0.0,0.6667,Store,0.04,0,31-60 ngày,4,1,1,1.0,6,New / Promising,Low,10.4526,2.7081
C1446,1558,78093,2359,73,1,1,0,0,53,368,32,639,13,43,1,4,7,5,1,0,0,0,0,0,0,0,6.46,65+,70-90K,Married/Partner,Graduate,0,0,2,1095,0.3361,0.0292,0.5836,0.0119,0.0393,16,68.44,0.0625,0.25,0.4375,0.3125,Catalog,1.402,0,31-60 ngày,3,4,4,4.0,11,Loyal Customers,Mid,11.2657,6.9994
C1447,1559,82460,2368,70,1,0,0,0,78,255,47,573,52,32,1,5,3,6,1,0,0,0,0,0,0,0,6.49,65+,70-90K,Single,Graduate,0,0,1,959,0.2659,0.049,0.5975,0.0542,0.0334,14,68.5,0.0714,0.3571,0.2143,0.4286,Store,1.163,0,61-99 ngày,2,3,4,3.5,9,At Risk,Mid,11.3201,6.8669
C1448,1560,45903,2226,54,1,1,0,1,80,33,8,10,2,10,2,2,1,3,4,0,0,0,0,0,0,0,6.1,45-54,30-50K,Married/Partner,Graduate,1,1,3,63,0.5238,0.127,0.1587,0.0317,0.1587,6,10.5,0.3333,0.3333,0.1667,0.5,Store,0.137,0,61-99 ngày,1,2,2,2.0,5,Hibernating,Low,10.7343,4.1589
C1449,1563,40442,2838,68,1,1,1,1,52,45,12,52,25,22,4,3,1,4,7,0,0,0,0,0,0,0,7.78,65+,30-50K,Married/Partner,Graduate,2,1,4,156,0.2885,0.0769,0.3333,0.1603,0.141,8,19.5,0.5,0.375,0.125,0.5,Store,0.386,0,31-60 ngày,3,2,2,2.0,7,Need Attention,Low,10.6076,5.0562
C1450,1564,61482,2161,55,1,1,0,0,39,48,58,68,16,66,1,3,2,6,2,0,0,0,0,0,0,0,5.92,55-64,50-70K,Married/Partner,Graduate,0,0,2,256,0.1875,0.2266,0.2656,0.0625,0.2578,11,23.27,0.0909,0.2727,0.1818,0.5455,Store,0.416,0,31-60 ngày,3,3,3,3.0,9,Loyal Customers,Low,11.0265,5.5491
C1451,1565,34968,2604,40,1,1,1,0,11,158,6,45,8,2,7,3,2,5,7,0,0,0,0,0,0,0,7.13,35-44,30-50K,Married/Partner,Graduate,1,1,3,219,0.7215,0.0274,0.2055,0.0365,0.0091,10,21.9,0.7,0.3,0.2,0.5,Store,0.626,0,0-30 ngày,5,3,3,3.0,11,Loyal Customers,Low,10.4622,5.3936
C1452,1566,75794,2346,33,1,1,0,0,33,754,160,625,63,32,1,7,5,12,3,1,0,0,0,0,1,0,6.43,24-34,70-90K,Married/Partner,Graduate,0,0,2,1634,0.4614,0.0979,0.3825,0.0386,0.0196,24,68.08,0.0417,0.2917,0.2083,0.5,Store,2.156,1,31-60 ngày,4,5,5,5.0,14,Champions,High,11.2358,7.3994
C1453,1568,74268,2659,65,1,1,0,0,83,199,66,315,97,174,1,4,3,5,2,0,0,0,0,0,0,0,7.28,65+,70-90K,Married/Partner,Graduate,0,0,2,851,0.2338,0.0776,0.3702,0.114,0.2045,12,70.92,0.0833,0.3333,0.25,0.4167,Store,1.146,0,61-99 ngày,1,3,4,3.5,8,At Risk,Mid,11.2154,6.7476
C1454,1569,13724,2826,32,0,1,1,0,43,2,7,5,2,15,1,2,0,2,9,0,0,1,0,0,1,0,7.74,24-34,<30K,Married/Partner,Non-graduate,1,1,3,31,0.0645,0.2258,0.1613,0.0645,0.4839,4,7.75,0.25,0.5,0.0,0.5,Web,0.226,1,31-60 ngày,3,1,1,1.0,5,Need Attention,Low,9.527,3.4657
C1455,1571,52569,2244,53,1,0,0,0,54,85,0,3,0,0,1,2,0,4,3,0,0,0,0,0,0,0,6.15,45-54,50-70K,Single,Graduate,0,0,1,88,0.9659,0.0,0.0341,0.0,0.0,6,14.67,0.1667,0.3333,0.0,0.6667,Store,0.167,0,31-60 ngày,3,2,2,2.0,7,Need Attention,Low,10.8699,4.4886
C1456,1572,48432,2778,47,1,0,0,0,3,322,3,50,4,3,5,7,1,6,8,0,0,0,0,0,0,0,7.61,45-54,30-50K,Single,Graduate,0,0,1,382,0.8429,0.0079,0.1309,0.0105,0.0079,14,27.29,0.3571,0.5,0.0714,0.4286,Web,0.789,0,0-30 ngày,5,3,3,3.0,11,Loyal Customers,Mid,10.7879,5.948
C1457,1574,36108,2416,36,1,0,0,0,68,141,8,129,3,11,3,7,1,4,9,0,0,1,0,0,1,0,6.62,35-44,30-50K,Single,Graduate,0,0,1,292,0.4829,0.0274,0.4418,0.0103,0.0377,12,24.33,0.25,0.5833,0.0833,0.3333,Web,0.809,1,61-99 ngày,2,3,3,3.0,8,At Risk,Low,10.4943,5.6802
C1458,1575,76445,2798,49,1,1,1,0,2,739,107,309,140,80,1,2,5,13,6,0,0,0,0,0,0,0,7.67,45-54,70-90K,Married/Partner,Graduate,1,1,3,1375,0.5375,0.0778,0.2247,0.1018,0.0582,20,68.75,0.05,0.1,0.25,0.65,Store,1.799,0,0-30 ngày,5,5,5,5.0,15,Champions,High,11.2443,7.2269
C1459,1576,36663,2224,45,1,1,1,0,40,18,0,6,3,3,1,1,1,3,2,0,0,0,0,0,0,0,6.09,45-54,30-50K,Married/Partner,Graduate,1,1,3,30,0.6,0.0,0.2,0.1,0.1,5,6.0,0.2,0.2,0.2,0.6,Store,0.082,0,31-60 ngày,3,2,1,1.5,6,Need Attention,Low,10.5096,3.434
C1460,1577,53843,2526,55,1,1,0,1,64,378,0,88,19,4,4,8,5,3,7,0,0,0,0,0,0,0,6.92,55-64,50-70K,Married/Partner,Graduate,1,1,3,489,0.773,0.0,0.18,0.0389,0.0082,16,30.56,0.25,0.5,0.3125,0.1875,Web,0.908,0,61-99 ngày,2,4,3,3.5,9,At Risk,Mid,10.8938,6.1944
C1461,1578,90226,2800,64,1,1,0,0,26,1083,108,649,253,151,1,4,7,12,2,1,0,0,0,0,1,0,7.67,55-64,90K+,Married/Partner,Graduate,0,0,2,2244,0.4826,0.0481,0.2892,0.1127,0.0673,23,97.57,0.0435,0.1739,0.3043,0.5217,Store,2.487,1,0-30 ngày,4,5,5,5.0,14,Champions,High,11.4101,7.7165
C1462,1579,70638,2552,65,1,0,0,0,69,1016,12,215,16,12,1,4,5,10,3,0,0,0,1,0,1,0,6.99,65+,70-90K,Single,Graduate,0,0,1,1271,0.7994,0.0094,0.1692,0.0126,0.0094,19,66.89,0.0526,0.2105,0.2632,0.5263,Store,1.799,1,61-99 ngày,2,4,5,4.5,11,At Risk,High,11.1653,7.1483
C1463,1580,44512,2462,60,1,1,1,1,57,23,1,6,0,0,2,1,0,3,4,0,0,0,0,0,0,0,6.75,55-64,30-50K,Married/Partner,Graduate,2,1,4,30,0.7667,0.0333,0.2,0.0,0.0,4,7.5,0.5,0.25,0.0,0.75,Store,0.067,0,31-60 ngày,3,1,1,1.0,5,Need Attention,Low,10.7035,3.434
C1464,1581,27116,2278,59,1,1,1,1,78,12,1,21,2,2,2,2,0,3,7,0,0,0,0,0,0,0,6.24,55-64,<30K,Married/Partner,Graduate,2,1,4,38,0.3158,0.0263,0.5526,0.0526,0.0526,5,7.6,0.4,0.4,0.0,0.6,Store,0.14,0,61-99 ngày,2,2,1,1.5,5,Hibernating,Low,10.2079,3.6636
C1465,1582,54072,2496,57,1,1,1,1,71,35,0,4,0,0,1,2,0,2,8,0,0,0,0,0,0,0,6.84,55-64,50-70K,Married/Partner,Graduate,2,1,4,39,0.8974,0.0,0.1026,0.0,0.0,4,9.75,0.25,0.5,0.0,0.5,Web,0.072,0,61-99 ngày,2,1,1,1.0,4,Hibernating,Low,10.8981,3.6889
C1466,1583,71855,2688,43,1,1,0,1,59,548,31,422,0,112,4,5,5,11,3,0,0,0,0,0,0,0,7.36,35-44,70-90K,Married/Partner,Graduate,1,1,3,1113,0.4924,0.0279,0.3792,0.0,0.1006,21,53.0,0.1905,0.2381,0.2381,0.5238,Store,1.549,0,31-60 ngày,2,5,5,5.0,12,At Risk,High,11.1824,7.0157
C1467,1584,51250,2615,30,0,0,0,0,28,342,32,230,34,32,5,10,5,4,9,0,0,1,0,0,1,0,7.16,24-34,50-70K,Single,Non-graduate,0,0,1,670,0.5104,0.0478,0.3433,0.0507,0.0478,19,35.26,0.2632,0.5263,0.2632,0.2105,Web,1.307,1,0-30 ngày,4,4,4,4.0,12,Champions,Mid,10.8445,6.5088
C1468,1585,60432,2271,47,1,1,0,1,61,365,3,15,4,3,5,7,2,5,6,0,0,0,0,0,0,0,6.22,45-54,50-70K,Married/Partner,Graduate,1,1,3,390,0.9359,0.0077,0.0385,0.0103,0.0077,14,27.86,0.3571,0.5,0.1429,0.3571,Web,0.645,0,61-99 ngày,2,3,3,3.0,8,At Risk,Mid,11.0093,5.9687
C1469,1588,12393,2731,42,0,1,0,0,38,5,6,15,11,7,1,2,0,3,9,0,0,0,0,0,0,0,7.48,35-44,<30K,Married/Partner,Non-graduate,0,0,2,44,0.1136,0.1364,0.3409,0.25,0.1591,5,8.8,0.2,0.4,0.0,0.6,Store,0.355,0,31-60 ngày,4,2,2,2.0,8,New / Promising,Low,9.425,3.8067
C1470,1589,64509,2475,30,1,0,0,0,19,836,185,575,24,25,1,6,3,9,4,0,0,1,0,0,1,0,6.78,24-34,50-70K,Single,Graduate,0,0,1,1645,0.5082,0.1125,0.3495,0.0146,0.0152,18,91.39,0.0556,0.3333,0.1667,0.5,Store,2.55,1,0-30 ngày,4,4,5,4.5,13,Champions,High,11.0746,7.4061
C1471,1590,33955,2483,45,1,0,0,0,92,100,2,128,23,7,4,5,1,5,8,0,0,0,0,0,0,0,6.8,45-54,30-50K,Single,Graduate,0,0,1,260,0.3846,0.0077,0.4923,0.0885,0.0269,11,23.64,0.3636,0.4545,0.0909,0.4545,Web,0.766,0,61-99 ngày,1,3,3,3.0,7,At Risk,Low,10.4328,5.5645
C1472,1592,55434,2426,36,1,1,1,0,21,238,115,215,169,69,3,5,3,13,4,0,0,0,0,0,0,0,6.65,35-44,50-70K,Married/Partner,Graduate,1,1,3,806,0.2953,0.1427,0.2667,0.2097,0.0856,21,38.38,0.1429,0.2381,0.1429,0.619,Store,1.454,0,0-30 ngày,4,5,4,4.5,13,Champions,Mid,10.923,6.6933
C1473,1593,28359,2404,37,1,1,1,0,35,6,0,5,2,1,1,1,0,2,7,0,0,0,0,0,0,0,6.59,35-44,<30K,Married/Partner,Graduate,1,1,3,14,0.4286,0.0,0.3571,0.1429,0.0714,3,4.67,0.3333,0.3333,0.0,0.6667,Store,0.049,0,31-60 ngày,4,1,1,1.0,6,New / Promising,Low,10.2527,2.7081
C1474,1594,57100,2201,33,1,0,0,0,9,158,11,99,15,11,2,3,2,7,3,0,0,0,0,0,0,0,6.03,24-34,50-70K,Single,Graduate,0,0,1,294,0.5374,0.0374,0.3367,0.051,0.0374,12,24.5,0.1667,0.25,0.1667,0.5833,Store,0.515,0,0-30 ngày,5,3,3,3.0,11,Loyal Customers,Low,10.9526,5.687
C1475,1596,52973,2757,64,1,1,0,1,92,856,0,76,12,9,7,9,6,9,8,0,0,0,0,0,0,0,7.55,55-64,50-70K,Married/Partner,Graduate,1,1,3,953,0.8982,0.0,0.0797,0.0126,0.0094,24,39.71,0.2917,0.375,0.25,0.375,Web,1.799,0,61-99 ngày,1,5,4,4.5,10,At Risk,Mid,10.8776,6.8607
C1476,1597,51717,2472,55,1,1,0,1,55,98,1,17,0,1,1,3,0,4,7,0,0,0,1,0,1,0,6.77,55-64,50-70K,Married/Partner,Graduate,1,1,3,117,0.8376,0.0085,0.1453,0.0,0.0085,7,16.71,0.1429,0.4286,0.0,0.5714,Store,0.226,1,31-60 ngày,3,2,2,2.0,7,Need Attention,Low,10.8536,4.7707
C1477,1598,18793,2692,49,1,1,1,0,14,4,16,20,0,17,3,2,0,4,8,0,0,0,0,0,0,0,7.38,45-54,<30K,Married/Partner,Graduate,1,1,3,57,0.0702,0.2807,0.3509,0.0,0.2982,6,9.5,0.5,0.3333,0.0,0.6667,Store,0.303,0,0-30 ngày,5,2,2,2.0,9,New / Promising,Low,9.8413,4.0604
C1478,1600,50664,2688,61,1,0,0,0,64,313,8,104,6,4,9,8,1,6,9,0,0,0,0,0,0,0,7.36,55-64,50-70K,Single,Graduate,0,0,1,435,0.7195,0.0184,0.2391,0.0138,0.0092,15,29.0,0.6,0.5333,0.0667,0.4,Web,0.859,0,61-99 ngày,2,4,3,3.5,9,At Risk,Mid,10.833,6.0776
C1479,1601,54414,2681,57,1,1,1,1,49,109,18,16,24,26,4,3,1,5,4,0,0,0,0,0,0,0,7.35,55-64,50-70K,Married/Partner,Graduate,2,1,4,193,0.5648,0.0933,0.0829,0.1244,0.1347,9,21.44,0.4444,0.3333,0.1111,0.5556,Store,0.355,0,31-60 ngày,3,3,3,3.0,9,Loyal Customers,Low,10.9044,5.2679
C1480,1602,54549,2277,68,1,1,0,1,8,216,2,6,0,0,2,5,1,4,7,0,0,0,0,0,0,0,6.24,65+,50-70K,Married/Partner,Graduate,1,1,3,224,0.9643,0.0089,0.0268,0.0,0.0,10,22.4,0.2,0.5,0.1,0.4,Web,0.411,0,0-30 ngày,5,3,3,3.0,11,Loyal Customers,Low,10.9069,5.4161
C1481,1603,47111,2818,49,1,0,0,0,35,595,71,153,120,112,6,3,2,10,9,0,0,0,0,0,0,0,7.72,45-54,30-50K,Single,Graduate,0,0,1,1051,0.5661,0.0676,0.1456,0.1142,0.1066,15,70.07,0.4,0.2,0.1333,0.6667,Store,2.231,0,31-60 ngày,4,4,4,4.0,12,Champions,Mid,10.7603,6.9584
C1482,1604,41003,2628,57,1,0,0,0,11,123,133,142,71,44,1,6,2,8,6,0,0,0,0,0,0,0,7.2,55-64,30-50K,Single,Graduate,0,0,1,513,0.2398,0.2593,0.2768,0.1384,0.0858,16,32.06,0.0625,0.375,0.125,0.5,Store,1.251,0,0-30 ngày,5,4,3,3.5,12,Loyal Customers,Mid,10.6214,6.2422
C1483,1605,19444,2286,38,1,1,1,0,8,16,0,23,3,2,3,4,1,2,7,0,0,0,0,0,0,0,6.26,35-44,<30K,Married/Partner,Graduate,1,1,3,44,0.3636,0.0,0.5227,0.0682,0.0455,7,6.29,0.4286,0.5714,0.1429,0.2857,Web,0.226,0,0-30 ngày,5,2,2,2.0,9,New / Promising,Low,9.8753,3.8067
C1484,1606,36301,2406,44,0,1,1,0,53,11,12,35,3,5,1,3,0,3,7,0,0,0,0,0,0,0,6.59,35-44,30-50K,Married/Partner,Non-graduate,1,1,3,66,0.1667,0.1818,0.5303,0.0455,0.0758,6,11.0,0.1667,0.5,0.0,0.5,Web,0.182,0,31-60 ngày,3,2,2,2.0,7,Need Attention,Low,10.4996,4.2047
C1485,1608,42731,2410,51,1,1,1,0,64,159,2,51,6,2,3,4,1,5,5,0,0,0,0,0,0,0,6.6,45-54,30-50K,Married/Partner,Graduate,1,1,3,220,0.7227,0.0091,0.2318,0.0273,0.0091,10,22.0,0.3,0.4,0.1,0.5,Store,0.515,0,61-99 ngày,2,3,3,3.0,8,At Risk,Low,10.6627,5.3982
C1486,1609,52854,2256,61,1,1,1,1,43,105,0,10,0,1,2,2,1,4,5,0,0,0,0,0,0,0,6.18,55-64,50-70K,Married/Partner,Graduate,2,1,4,116,0.9052,0.0,0.0862,0.0,0.0086,7,16.57,0.2857,0.2857,0.1429,0.5714,Store,0.219,0,31-60 ngày,3,2,2,2.0,7,Need Attention,Low,10.8753,4.7622
C1487,1610,22775,2534,42,1,1,1,0,40,5,1,8,0,0,1,1,0,2,8,0,0,0,0,0,0,0,6.94,35-44,<30K,Married/Partner,Graduate,1,1,3,14,0.3571,0.0714,0.5714,0.0,0.0,3,4.67,0.3333,0.3333,0.0,0.6667,Store,0.061,0,31-60 ngày,3,1,1,1.0,5,Need Attention,Low,10.0335,2.7081
C1488,1612,59821,2602,65,1,1,0,1,11,629,0,70,0,0,6,11,2,7,8,0,0,0,0,0,0,0,7.13,65+,50-70K,Married/Partner,Graduate,1,1,3,699,0.8999,0.0,0.1001,0.0,0.0,20,34.95,0.3,0.55,0.1,0.35,Web,1.168,0,0-30 ngày,5,5,4,4.5,14,Champions,Mid,10.9991,6.5511
C1489,1613,50002,2536,66,1,0,0,0,21,443,5,71,21,16,2,8,2,7,7,0,0,0,0,0,0,0,6.95,65+,50-70K,Single,Graduate,0,0,1,556,0.7968,0.009,0.1277,0.0378,0.0288,17,32.71,0.1176,0.4706,0.1176,0.4118,Web,1.112,0,0-30 ngày,4,4,3,3.5,11,Loyal Customers,Mid,10.8198,6.3226
C1490,1614,69755,2429,75,1,1,0,0,23,217,77,373,111,23,1,3,6,12,1,0,0,0,0,0,0,0,6.65,65+,50-70K,Married/Partner,Graduate,0,0,2,801,0.2709,0.0961,0.4657,0.1386,0.0287,21,38.14,0.0476,0.1429,0.2857,0.5714,Store,1.148,0,0-30 ngày,4,5,4,4.5,13,Champions,Mid,11.1528,6.6871
C1491,1615,44078,2169,51,1,1,1,1,17,24,1,10,2,0,2,2,0,3,5,0,0,0,0,0,0,0,5.94,45-54,30-50K,Married/Partner,Graduate,2,1,4,37,0.6486,0.027,0.2703,0.0541,0.0,5,7.4,0.4,0.4,0.0,0.6,Store,0.084,0,0-30 ngày,5,2,1,1.5,8,New / Promising,Low,10.6937,3.6376
C1492,1616,30560,2526,44,1,1,1,0,6,9,1,5,4,5,1,1,0,3,7,0,0,0,0,0,0,0,6.92,35-44,30-50K,Married/Partner,Graduate,1,1,3,24,0.375,0.0417,0.2083,0.1667,0.2083,4,6.0,0.25,0.25,0.0,0.75,Store,0.079,0,0-30 ngày,5,1,1,1.0,7,New / Promising,Low,10.3275,3.2189
C1493,1617,35924,2257,51,1,1,1,1,56,8,0,14,2,3,1,1,0,3,5,0,0,0,0,0,0,0,6.18,45-54,30-50K,Married/Partner,Graduate,2,1,4,27,0.2963,0.0,0.5185,0.0741,0.1111,4,6.75,0.25,0.25,0.0,0.75,Store,0.075,0,31-60 ngày,3,1,1,1.0,5,Need Attention,Low,10.4892,3.3322
C1494,1618,64140,2438,56,1,0,0,0,71,1459,0,61,0,15,5,2,5,6,5,0,1,1,0,1,3,0,6.68,55-64,50-70K,Single,Graduate,0,0,1,1535,0.9505,0.0,0.0397,0.0,0.0098,13,118.08,0.3846,0.1538,0.3846,0.4615,Store,2.393,1,61-99 ngày,2,3,5,4.0,10,At Risk,High,11.0688,7.3369
C1495,1619,56386,2769,39,1,1,1,1,51,230,48,214,13,32,8,9,1,7,9,0,0,0,0,0,0,0,7.59,35-44,50-70K,Married/Partner,Graduate,2,1,4,537,0.4283,0.0894,0.3985,0.0242,0.0596,17,31.59,0.4706,0.5294,0.0588,0.4118,Web,0.952,0,31-60 ngày,3,4,3,3.5,10,Loyal Customers,Mid,10.94,6.2879
C1496,1621,75774,2217,39,0,1,1,0,27,340,21,134,258,14,1,7,5,8,4,0,0,0,0,0,0,0,6.07,35-44,70-90K,Married/Partner,Non-graduate,1,1,3,767,0.4433,0.0274,0.1747,0.3364,0.0183,20,38.35,0.05,0.35,0.25,0.4,Store,1.012,0,0-30 ngày,4,5,4,4.5,13,Champions,Mid,11.2355,6.6438
C1497,1622,39228,2574,60,1,0,0,0,1,7,1,6,0,3,1,0,0,3,4,0,0,0,0,0,0,0,7.05,55-64,30-50K,Single,Graduate,0,0,1,17,0.4118,0.0588,0.3529,0.0,0.1765,3,5.67,0.3333,0.0,0.0,1.0,Store,0.043,0,0-30 ngày,5,1,1,1.0,7,New / Promising,Low,10.5772,2.8904
C1498,1623,58494,2358,46,1,1,0,1,56,298,7,68,4,0,2,6,2,6,6,0,0,0,0,0,0,0,6.46,45-54,50-70K,Married/Partner,Graduate,1,1,3,377,0.7905,0.0186,0.1804,0.0106,0.0,14,26.93,0.1429,0.4286,0.1429,0.4286,Web,0.645,0,31-60 ngày,3,3,3,3.0,9,Loyal Customers,Mid,10.9767,5.9349
C1499,1624,58684,2172,39,1,0,0,0,71,479,35,179,28,7,1,5,3,12,2,0,0,0,1,0,1,0,5.95,35-44,50-70K,Single,Graduate,0,0,1,728,0.658,0.0481,0.2459,0.0385,0.0096,20,36.4,0.05,0.25,0.15,0.6,Store,1.241,1,61-99 ngày,2,5,4,4.5,11,At Risk,Mid,10.9799,6.5917
C1500,1625,57136,2566,53,1,0,0,0,18,267,140,599,34,12,1,7,5,7,6,0,0,0,0,0,0,0,7.03,45-54,50-70K,Single,Graduate,0,0,1,1052,0.2538,0.1331,0.5694,0.0323,0.0114,19,55.37,0.0526,0.3684,0.2632,0.3684,Web,1.841,0,0-30 ngày,5,4,4,4.0,13,Champions,Mid,10.9532,6.9594
C1501,1626,56551,2212,70,1,0,0,0,48,67,4,32,17,2,3,2,1,4,4,0,0,0,0,0,0,0,6.06,65+,50-70K,Single,Graduate,0,0,1,122,0.5492,0.0328,0.2623,0.1393,0.0164,7,17.43,0.4286,0.2857,0.1429,0.5714,Store,0.216,0,31-60 ngày,3,2,2,2.0,7,Need Attention,Low,10.9429,4.8122
C1502,1627,22448,2282,38,1,1,1,0,86,3,1,8,23,2,3,2,1,3,3,0,0,0,0,0,0,0,6.25,35-44,<30K,Married/Partner,Graduate,1,1,3,37,0.0811,0.027,0.2162,0.6216,0.0541,6,6.17,0.5,0.3333,0.1667,0.5,Store,0.165,0,61-99 ngày,1,2,1,1.5,4,Hibernating,Low,10.019,3.6376
C1503,1628,82014,2837,59,1,0,0,0,48,980,37,265,35,163,1,3,6,12,6,0,0,0,0,0,0,0,7.77,55-64,70-90K,Single,Graduate,0,0,1,1480,0.6622,0.025,0.1791,0.0236,0.1101,21,70.48,0.0476,0.1429,0.2857,0.5714,Store,1.805,0,31-60 ngày,3,5,5,5.0,13,Loyal Customers,High,11.3147,7.3005
C1504,1629,34213,2819,57,1,0,0,0,2,50,4,28,6,3,3,3,1,2,9,0,0,0,0,0,0,0,7.72,55-64,30-50K,Single,Graduate,0,0,1,91,0.5495,0.044,0.3077,0.0659,0.033,6,15.17,0.5,0.5,0.1667,0.3333,Web,0.266,0,0-30 ngày,5,2,2,2.0,9,New / Promising,Low,10.4404,4.5218
C1505,1630,25358,2501,73,1,0,0,0,57,19,0,5,0,0,2,1,0,3,6,0,0,0,0,0,0,0,6.85,65+,<30K,Single,Graduate,0,0,1,24,0.7917,0.0,0.2083,0.0,0.0,4,6.0,0.5,0.25,0.0,0.75,Store,0.095,0,31-60 ngày,3,1,1,1.0,5,Need Attention,Low,10.1409,3.2189
C1506,1631,35544,2272,42,1,0,0,0,77,30,5,23,4,1,1,2,0,3,7,0,0,0,0,0,0,0,6.22,35-44,30-50K,Single,Graduate,0,0,1,63,0.4762,0.0794,0.3651,0.0635,0.0159,5,12.6,0.2,0.4,0.0,0.6,Store,0.177,0,61-99 ngày,2,2,2,2.0,6,Hibernating,Low,10.4786,4.1589
C1507,1632,36634,2556,66,1,1,0,1,0,213,9,76,4,3,3,5,2,5,7,0,0,0,0,0,0,0,7.0,65+,30-50K,Married/Partner,Graduate,1,1,3,305,0.6984,0.0295,0.2492,0.0131,0.0098,12,25.42,0.25,0.4167,0.1667,0.4167,Web,0.833,0,0-30 ngày,5,3,3,3.0,11,Loyal Customers,Low,10.5088,5.7236
C1508,1633,62670,2306,66,1,1,0,1,57,539,30,92,80,46,1,5,3,13,3,0,0,0,0,0,0,0,6.32,65+,50-70K,Married/Partner,Graduate,1,1,3,787,0.6849,0.0381,0.1169,0.1017,0.0584,21,37.48,0.0476,0.2381,0.1429,0.619,Store,1.256,0,31-60 ngày,3,5,4,4.5,12,Loyal Customers,Mid,11.0457,6.6695
C1509,1634,50334,2499,48,0,1,0,1,24,284,16,160,84,16,6,7,4,6,6,0,0,0,0,0,0,0,6.85,45-54,50-70K,Married/Partner,Non-graduate,1,1,3,560,0.5071,0.0286,0.2857,0.15,0.0286,17,32.94,0.3529,0.4118,0.2353,0.3529,Web,1.113,0,0-30 ngày,4,4,3,3.5,11,Loyal Customers,Mid,10.8265,6.3297
C1510,1635,72066,2165,39,1,0,0,0,55,1003,34,536,134,51,1,4,6,6,2,1,0,0,0,1,2,0,5.93,35-44,70-90K,Single,Graduate,0,0,1,1758,0.5705,0.0193,0.3049,0.0762,0.029,16,109.88,0.0625,0.25,0.375,0.375,Catalog,2.439,1,31-60 ngày,3,4,5,4.5,12,Loyal Customers,High,11.1854,7.4725
C1511,1636,50729,2582,62,1,0,0,0,62,239,13,143,45,4,9,6,2,7,6,0,0,0,0,0,0,0,7.07,55-64,50-70K,Single,Graduate,0,0,1,444,0.5383,0.0293,0.3221,0.1014,0.009,15,29.6,0.6,0.4,0.1333,0.4667,Store,0.875,0,61-99 ngày,2,4,3,3.5,9,At Risk,Mid,10.8343,6.0981
C1512,1637,34916,2569,52,1,1,2,0,89,51,23,82,33,0,4,5,1,3,9,0,0,0,0,0,0,0,7.04,45-54,30-50K,Married/Partner,Graduate,2,1,4,189,0.2698,0.1217,0.4339,0.1746,0.0,9,21.0,0.4444,0.5556,0.1111,0.3333,Web,0.541,0,61-99 ngày,1,3,3,3.0,7,At Risk,Low,10.4607,5.247
C1513,1638,64892,2190,44,1,0,0,0,77,527,24,230,32,24,2,6,4,12,4,0,0,0,0,0,0,0,6.0,35-44,50-70K,Single,Graduate,0,0,1,837,0.6296,0.0287,0.2748,0.0382,0.0287,22,38.05,0.0909,0.2727,0.1818,0.5455,Store,1.29,0,61-99 ngày,2,5,4,4.5,11,At Risk,Mid,11.0805,6.731
C1514,1639,43602,2329,54,1,0,0,0,45,19,5,12,10,3,3,3,1,2,6,0,0,0,0,0,0,0,6.38,45-54,30-50K,Single,Graduate,0,0,1,49,0.3878,0.102,0.2449,0.2041,0.0612,6,8.17,0.5,0.5,0.1667,0.3333,Web,0.112,0,31-60 ngày,3,2,2,2.0,7,Need Attention,Low,10.6829,3.912
C1515,1641,41473,2534,35,0,0,0,0,80,21,8,20,15,3,1,2,0,3,7,0,0,0,0,0,0,0,6.94,35-44,30-50K,Single,Non-graduate,0,0,1,67,0.3134,0.1194,0.2985,0.2239,0.0448,5,13.4,0.2,0.4,0.0,0.6,Store,0.162,0,61-99 ngày,1,2,2,2.0,5,Hibernating,Low,10.6328,4.2195
C1516,1642,63246,2472,53,1,1,0,2,60,593,30,91,29,22,1,6,3,12,4,0,0,0,0,0,0,0,6.77,45-54,50-70K,Married/Partner,Graduate,2,1,4,765,0.7752,0.0392,0.119,0.0379,0.0288,21,36.43,0.0476,0.2857,0.1429,0.5714,Store,1.21,0,31-60 ngày,2,5,4,4.5,11,At Risk,Mid,11.0548,6.6412
C1517,1643,36732,2341,61,1,1,1,1,71,21,5,3,10,1,3,1,1,4,2,0,0,0,0,0,0,0,6.41,55-64,30-50K,Married/Partner,Graduate,2,1,4,40,0.525,0.125,0.075,0.25,0.025,6,6.67,0.5,0.1667,0.1667,0.6667,Store,0.109,0,61-99 ngày,2,2,1,1.5,5,Hibernating,Low,10.5114,3.7136
C1518,1646,37929,2493,35,1,0,0,0,49,202,2,46,3,2,2,4,2,5,7,1,0,0,1,0,2,0,6.83,35-44,30-50K,Single,Graduate,0,0,1,255,0.7922,0.0078,0.1804,0.0118,0.0078,11,23.18,0.1818,0.3636,0.1818,0.4545,Store,0.672,1,31-60 ngày,3,3,3,3.0,9,Loyal Customers,Low,10.5435,5.5452
C1519,1647,86610,2456,69,1,1,0,0,66,446,107,768,33,196,1,5,6,6,2,0,0,0,0,0,0,0,6.73,65+,70-90K,Married/Partner,Graduate,0,0,2,1550,0.2877,0.069,0.4955,0.0213,0.1265,17,91.18,0.0588,0.2941,0.3529,0.3529,Catalog,1.79,0,61-99 ngày,2,4,5,4.5,11,At Risk,High,11.3692,7.3467
C1520,1648,80141,2693,34,1,1,0,0,20,1184,102,673,52,40,1,7,4,10,6,0,0,0,0,1,1,0,7.38,24-34,70-90K,Married/Partner,Graduate,0,0,2,2051,0.5773,0.0497,0.3281,0.0254,0.0195,21,97.67,0.0476,0.3333,0.1905,0.4762,Store,2.559,1,0-30 ngày,4,5,5,5.0,14,Champions,High,11.2916,7.6266
C1521,1650,69016,2743,50,1,1,0,1,61,726,53,363,123,107,4,8,9,13,5,0,0,0,0,0,0,0,7.52,45-54,50-70K,Married/Partner,Graduate,1,1,3,1372,0.5292,0.0386,0.2646,0.0897,0.078,30,45.73,0.1333,0.2667,0.3,0.4333,Store,1.988,0,61-99 ngày,2,5,5,5.0,12,At Risk,High,11.1421,7.2248
C1522,1651,20193,2737,29,0,1,0,0,18,8,8,22,24,11,1,1,1,4,4,0,0,0,0,0,0,0,7.5,24-34,<30K,Married/Partner,Non-graduate,0,0,2,73,0.1096,0.1096,0.3014,0.3288,0.1507,6,12.17,0.1667,0.1667,0.1667,0.6667,Store,0.362,0,0-30 ngày,5,2,2,2.0,9,New / Promising,Low,9.9131,4.3041
C1523,1652,27573,2620,45,1,1,1,0,45,50,15,110,39,15,4,5,1,4,8,0,0,0,0,0,0,0,7.18,45-54,<30K,Married/Partner,Graduate,1,1,3,229,0.2183,0.0655,0.4803,0.1703,0.0655,10,22.9,0.4,0.5,0.1,0.4,Web,0.831,0,31-60 ngày,3,3,3,3.0,9,Loyal Customers,Low,10.2246,5.4381
C1524,1653,15862,2526,41,0,0,0,0,26,1,1,4,11,9,1,1,0,3,8,0,0,0,0,0,0,0,6.92,35-44,<30K,Single,Non-graduate,0,0,1,26,0.0385,0.0385,0.1538,0.4231,0.3462,4,6.5,0.25,0.25,0.0,0.75,Store,0.164,0,0-30 ngày,4,1,1,1.0,6,New / Promising,Low,9.6717,3.2958
C1525,1654,49544,2661,44,1,1,1,0,0,308,0,73,0,0,2,5,1,8,7,0,0,0,0,0,0,0,7.29,35-44,30-50K,Married/Partner,Graduate,1,1,3,381,0.8084,0.0,0.1916,0.0,0.0,14,27.21,0.1429,0.3571,0.0714,0.5714,Store,0.769,0,0-30 ngày,5,3,3,3.0,11,Loyal Customers,Mid,10.8106,5.9454
C1526,1655,33228,2316,40,1,1,1,0,28,22,2,31,7,4,1,2,0,3,7,0,0,0,0,0,0,0,6.35,35-44,30-50K,Married/Partner,Graduate,1,1,3,66,0.3333,0.0303,0.4697,0.1061,0.0606,5,13.2,0.2,0.4,0.0,0.6,Store,0.199,0,0-30 ngày,4,2,2,2.0,8,New / Promising,Low,10.4112,4.2047
C1527,1656,70440,2423,42,1,1,0,0,49,690,117,499,76,102,1,5,10,7,3,1,0,0,0,0,1,0,6.64,35-44,70-90K,Married/Partner,Graduate,0,0,2,1484,0.465,0.0788,0.3363,0.0512,0.0687,22,67.45,0.0455,0.2273,0.4545,0.3182,Catalog,2.107,1,31-60 ngày,3,5,5,5.0,13,Loyal Customers,High,11.1625,7.3032
C1528,1657,38232,2322,49,1,1,1,1,84,43,5,28,7,6,4,3,1,3,5,0,0,0,0,0,0,0,6.36,45-54,30-50K,Married/Partner,Graduate,2,1,4,89,0.4831,0.0562,0.3146,0.0787,0.0674,7,12.71,0.5714,0.4286,0.1429,0.4286,Web,0.233,0,61-99 ngày,1,2,2,2.0,5,Hibernating,Low,10.5515,4.4998
C1529,1658,22554,2762,65,1,1,1,1,38,27,0,10,0,0,4,2,0,4,5,0,0,0,0,0,0,0,7.57,65+,<30K,Married/Partner,Graduate,2,1,4,37,0.7297,0.0,0.2703,0.0,0.0,6,6.17,0.6667,0.3333,0.0,0.6667,Store,0.164,0,31-60 ngày,4,2,1,1.5,7,New / Promising,Low,10.0237,3.6376
C1530,1659,23536,2184,37,1,1,1,0,53,6,0,3,0,0,1,0,0,3,3,0,0,0,0,0,0,0,5.98,35-44,<30K,Married/Partner,Graduate,1,1,3,9,0.6667,0.0,0.3333,0.0,0.0,3,3.0,0.3333,0.0,0.0,1.0,Store,0.038,0,31-60 ngày,3,1,1,1.0,5,Need Attention,Low,10.0663,2.3026
C1531,1660,49413,2406,68,1,1,0,1,88,205,7,41,3,2,2,4,2,5,5,0,0,0,0,0,0,0,6.59,65+,30-50K,Married/Partner,Graduate,1,1,3,258,0.7946,0.0271,0.1589,0.0116,0.0078,11,23.45,0.1818,0.3636,0.1818,0.4545,Store,0.522,0,61-99 ngày,1,3,3,3.0,7,At Risk,Low,10.808,5.5568
C1532,1661,42231,2255,51,1,1,1,1,99,24,0,8,0,1,1,1,0,3,5,0,0,0,0,0,0,0,6.18,45-54,30-50K,Married/Partner,Graduate,2,1,4,33,0.7273,0.0,0.2424,0.0,0.0303,4,8.25,0.25,0.25,0.0,0.75,Store,0.078,0,61-99 ngày,1,1,1,1.0,3,Hibernating,Low,10.6509,3.5264
C1533,1662,78789,2849,40,1,0,0,0,12,667,50,850,21,83,1,4,6,5,2,0,0,0,0,0,0,0,7.81,35-44,70-90K,Single,Graduate,0,0,1,1671,0.3992,0.0299,0.5087,0.0126,0.0497,15,111.4,0.0667,0.2667,0.4,0.3333,Catalog,2.121,0,0-30 ngày,5,4,5,4.5,14,Champions,High,11.2745,7.4218
C1534,1663,56534,2500,52,1,1,0,1,35,691,7,61,10,0,4,10,4,7,8,0,1,0,1,0,2,0,6.85,45-54,50-70K,Married/Partner,Graduate,1,1,3,769,0.8986,0.0091,0.0793,0.013,0.0,21,36.62,0.1905,0.4762,0.1905,0.3333,Web,1.36,1,31-60 ngày,4,5,4,4.5,13,Champions,Mid,10.9426,6.6464
C1535,1664,58350,2700,49,1,0,0,0,5,493,26,206,116,80,4,8,3,12,6,0,0,0,0,0,0,0,7.4,45-54,50-70K,Single,Graduate,0,0,1,921,0.5353,0.0282,0.2237,0.126,0.0869,23,40.04,0.1739,0.3478,0.1304,0.5217,Store,1.578,0,0-30 ngày,5,5,4,4.5,14,Champions,Mid,10.9742,6.8265
C1536,1666,49090,2504,69,1,0,0,0,45,494,5,82,7,0,3,7,2,9,7,0,0,0,0,0,0,0,6.86,65+,30-50K,Single,Graduate,0,0,1,588,0.8401,0.0085,0.1395,0.0119,0.0,18,32.67,0.1667,0.3889,0.1111,0.5,Store,1.198,0,31-60 ngày,3,4,3,3.5,10,Loyal Customers,Mid,10.8014,6.3784
C1537,1667,61787,2517,33,1,0,0,0,71,621,73,414,78,48,1,8,4,6,5,0,0,0,0,0,0,0,6.9,24-34,50-70K,Single,Graduate,0,0,1,1234,0.5032,0.0592,0.3355,0.0632,0.0389,18,68.56,0.0556,0.4444,0.2222,0.3333,Web,1.997,0,61-99 ngày,2,4,5,4.5,11,At Risk,High,11.0315,7.1188
C1538,1668,18169,2654,35,1,1,1,0,40,9,0,5,0,0,1,1,0,2,8,0,0,0,0,0,0,0,7.27,35-44,<30K,Married/Partner,Graduate,1,1,3,14,0.6429,0.0,0.3571,0.0,0.0,3,4.67,0.3333,0.3333,0.0,0.6667,Store,0.077,0,31-60 ngày,3,1,1,1.0,5,Need Attention,Low,9.8075,2.7081
C1539,1669,24336,2830,39,0,0,0,0,82,1,6,2,8,2,1,1,0,2,7,0,0,0,0,0,0,0,7.75,35-44,<30K,Single,Non-graduate,0,0,1,19,0.0526,0.3158,0.1053,0.4211,0.1053,3,6.33,0.3333,0.3333,0.0,0.6667,Store,0.078,0,61-99 ngày,1,1,1,1.0,3,Hibernating,Low,10.0998,2.9957
C1540,1670,18222,2704,30,1,1,0,0,70,12,4,19,12,6,1,2,0,3,8,0,0,0,0,0,0,0,7.41,24-34,<30K,Married/Partner,Graduate,0,0,2,53,0.2264,0.0755,0.3585,0.2264,0.1132,5,10.6,0.2,0.4,0.0,0.6,Store,0.291,0,61-99 ngày,2,2,2,2.0,6,Hibernating,Low,9.8104,3.989
C1541,1671,62335,2561,68,1,0,0,0,87,243,131,217,85,6,2,3,3,13,2,0,0,0,0,0,0,0,7.02,65+,50-70K,Single,Graduate,0,0,1,682,0.3563,0.1921,0.3182,0.1246,0.0088,19,35.89,0.1053,0.1579,0.1579,0.6842,Store,1.094,0,61-99 ngày,1,4,4,4.0,9,At Risk,Mid,11.0403,6.5265
C1542,1672,42033,2807,49,0,1,1,1,95,11,1,4,2,0,1,1,0,2,7,0,0,0,0,0,0,0,7.69,45-54,30-50K,Married/Partner,Non-graduate,2,1,4,18,0.6111,0.0556,0.2222,0.1111,0.0,3,6.0,0.3333,0.3333,0.0,0.6667,Store,0.043,0,61-99 ngày,1,1,1,1.0,3,Hibernating,Low,10.6462,2.9444
C1543,1673,86580,2646,37,1,1,0,0,72,532,21,127,26,20,0,4,2,5,1,0,0,0,0,1,1,0,7.25,35-44,70-90K,Married/Partner,Graduate,0,0,2,726,0.7328,0.0289,0.1749,0.0358,0.0275,11,66.0,0.0,0.3636,0.1818,0.4545,Store,0.839,1,61-99 ngày,2,3,4,3.5,9,At Risk,Mid,11.3688,6.5889
C1544,1674,41437,2804,63,1,0,0,0,5,29,0,2,0,0,1,1,0,3,7,0,0,0,0,0,0,0,7.68,55-64,30-50K,Single,Graduate,0,0,1,31,0.9355,0.0,0.0645,0.0,0.0,4,7.75,0.25,0.25,0.0,0.75,Store,0.075,0,0-30 ngày,5,1,1,1.0,7,New / Promising,Low,10.632,3.4657
C1545,1675,73705,2275,69,1,0,0,0,86,612,91,520,258,107,2,9,6,8,5,0,0,0,0,0,0,0,6.23,65+,70-90K,Single,Graduate,0,0,1,1588,0.3854,0.0573,0.3275,0.1625,0.0674,23,69.04,0.087,0.3913,0.2609,0.3478,Web,2.155,0,61-99 ngày,1,5,5,5.0,11,At Risk,High,11.2078,7.3709
C1546,1676,61064,2826,44,1,1,0,1,80,387,126,342,0,45,5,8,4,11,6,0,0,0,0,0,0,0,7.74,35-44,50-70K,Married/Partner,Graduate,1,1,3,900,0.43,0.14,0.38,0.0,0.05,23,39.13,0.2174,0.3478,0.1739,0.4783,Store,1.474,0,61-99 ngày,1,5,4,4.5,10,At Risk,Mid,11.0197,6.8035
C1547,1678,18358,2380,31,1,0,0,0,49,6,8,19,16,4,3,3,0,4,7,0,0,0,0,0,0,0,6.52,24-34,<30K,Single,Graduate,0,0,1,53,0.1132,0.1509,0.3585,0.3019,0.0755,7,7.57,0.4286,0.4286,0.0,0.5714,Store,0.289,0,31-60 ngày,3,2,2,2.0,7,Need Attention,Low,9.8179,3.989
C1548,1679,55012,2259,47,1,1,0,1,85,582,0,65,0,0,6,8,2,9,5,0,0,0,0,0,0,0,6.19,45-54,50-70K,Married/Partner,Graduate,1,1,3,647,0.8995,0.0,0.1005,0.0,0.0,19,34.05,0.3158,0.4211,0.1053,0.4737,Store,1.176,0,61-99 ngày,1,4,4,4.0,9,At Risk,Mid,10.9153,6.4739
C1549,1680,9722,2794,47,0,1,1,0,7,6,17,16,6,16,4,3,1,3,8,0,0,0,0,0,0,0,7.65,45-54,<30K,Married/Partner,Non-graduate,1,1,3,61,0.0984,0.2787,0.2623,0.0984,0.2623,7,8.71,0.5714,0.4286,0.1429,0.4286,Web,0.627,0,0-30 ngày,5,2,2,2.0,9,New / Promising,Low,9.1822,4.1271
C1550,1681,38175,2438,36,1,1,1,0,6,70,6,69,2,3,3,3,1,4,7,0,0,0,0,0,0,0,6.68,35-44,30-50K,Married/Partner,Graduate,1,1,3,150,0.4667,0.04,0.46,0.0133,0.02,8,18.75,0.375,0.375,0.125,0.5,Store,0.393,0,0-30 ngày,5,2,2,2.0,9,New / Promising,Low,10.55,5.0173
C1551,1682,58656,2806,64,1,1,0,1,25,962,12,194,16,24,4,7,8,13,6,0,0,0,0,1,1,0,7.69,55-64,50-70K,Married/Partner,Graduate,1,1,3,1208,0.7964,0.0099,0.1606,0.0132,0.0199,28,43.14,0.1429,0.25,0.2857,0.4643,Store,2.059,1,0-30 ngày,4,5,5,5.0,14,Champions,High,10.9795,7.0975
C1552,1683,52117,2841,55,1,1,0,1,55,112,10,107,30,0,2,5,2,4,7,0,0,0,0,0,0,0,7.78,55-64,50-70K,Married/Partner,Graduate,1,1,3,259,0.4324,0.0386,0.4131,0.1158,0.0,11,23.55,0.1818,0.4545,0.1818,0.3636,Web,0.497,0,31-60 ngày,3,3,3,3.0,9,Loyal Customers,Low,10.8613,5.5607
C1553,1684,64813,2337,42,1,1,1,0,81,293,0,124,179,97,1,7,2,10,5,0,0,0,0,0,0,0,6.4,35-44,50-70K,Married/Partner,Graduate,1,1,3,693,0.4228,0.0,0.1789,0.2583,0.14,19,36.47,0.0526,0.3684,0.1053,0.5263,Store,1.069,0,61-99 ngày,1,4,4,4.0,9,At Risk,Mid,11.0793,6.5425
C1554,1685,54222,2279,47,1,1,0,1,98,199,12,31,3,12,1,3,3,5,3,0,0,0,0,0,0,0,6.24,45-54,50-70K,Married/Partner,Graduate,1,1,3,257,0.7743,0.0467,0.1206,0.0117,0.0467,11,23.36,0.0909,0.2727,0.2727,0.4545,Store,0.474,0,61-99 ngày,1,3,3,3.0,7,At Risk,Low,10.9009,5.553
C1555,1686,83512,2171,34,1,1,0,0,31,1060,61,835,80,20,1,4,7,10,1,1,1,1,0,1,4,0,5.95,24-34,70-90K,Married/Partner,Graduate,0,0,2,2056,0.5156,0.0297,0.4061,0.0389,0.0097,21,97.9,0.0476,0.1905,0.3333,0.4762,Store,2.462,1,31-60 ngày,4,5,5,5.0,14,Champions,High,11.3328,7.629
C1556,1687,77520,2464,61,1,1,0,1,30,940,44,396,0,88,1,8,7,7,4,1,0,1,0,1,3,0,6.75,55-64,70-90K,Married/Partner,Graduate,1,1,3,1468,0.6403,0.03,0.2698,0.0,0.0599,22,66.73,0.0455,0.3636,0.3182,0.3182,Web,1.894,1,0-30 ngày,4,5,5,5.0,14,Champions,High,11.2583,7.2923
C1557,1688,41154,2605,42,1,1,0,1,98,44,2,11,2,3,1,1,0,4,5,0,0,0,0,0,0,0,7.14,35-44,30-50K,Married/Partner,Graduate,1,1,3,62,0.7097,0.0323,0.1774,0.0323,0.0484,5,12.4,0.2,0.2,0.0,0.8,Store,0.151,0,61-99 ngày,1,2,2,2.0,5,Hibernating,Low,10.6251,4.1431
C1558,1689,80398,2755,54,1,1,0,0,92,342,51,936,207,35,1,5,8,12,3,0,0,0,0,1,1,0,7.55,45-54,70-90K,Married/Partner,Graduate,0,0,2,1571,0.2177,0.0325,0.5958,0.1318,0.0223,25,62.84,0.04,0.2,0.32,0.48,Store,1.954,1,61-99 ngày,1,5,5,5.0,11,At Risk,High,11.2948,7.3601
C1559,1690,18746,2190,28,0,0,0,0,41,2,10,11,12,9,2,3,0,3,6,0,0,0,0,0,0,0,6.0,24-34,<30K,Single,Non-graduate,0,0,1,44,0.0455,0.2273,0.25,0.2727,0.2045,6,7.33,0.3333,0.5,0.0,0.5,Web,0.235,0,31-60 ngày,3,2,2,2.0,7,Need Attention,Low,9.8388,3.8067
C1560,1692,60230,2564,64,1,0,0,0,78,520,20,367,39,81,2,6,3,6,5,0,0,0,0,0,0,0,7.02,55-64,50-70K,Single,Graduate,0,0,1,1027,0.5063,0.0195,0.3574,0.038,0.0789,15,68.47,0.1333,0.4,0.2,0.4,Web,1.705,0,61-99 ngày,2,4,4,4.0,10,At Risk,Mid,11.0059,6.9354
C1561,1693,22108,2211,43,1,1,1,1,46,5,3,9,6,2,2,2,0,3,7,0,0,0,0,0,0,0,6.06,35-44,<30K,Married/Partner,Graduate,2,1,4,25,0.2,0.12,0.36,0.24,0.08,5,5.0,0.4,0.4,0.0,0.6,Store,0.113,0,31-60 ngày,3,2,1,1.5,6,Need Attention,Low,10.0037,3.2581
C1562,1694,44392,2456,46,1,1,1,1,71,87,5,71,7,12,5,4,1,4,7,0,0,0,0,0,0,0,6.73,45-54,30-50K,Married/Partner,Graduate,2,1,4,182,0.478,0.0275,0.3901,0.0385,0.0659,9,20.22,0.5556,0.4444,0.1111,0.4444,Web,0.41,0,61-99 ngày,2,3,3,3.0,8,At Risk,Low,10.7008,5.2095
C1563,1695,55424,2740,44,1,1,0,1,6,462,61,184,10,53,4,7,5,9,6,0,0,1,0,0,1,0,7.51,35-44,50-70K,Married/Partner,Graduate,1,1,3,770,0.6,0.0792,0.239,0.013,0.0688,21,36.67,0.1905,0.3333,0.2381,0.4286,Store,1.389,1,0-30 ngày,5,5,4,4.5,14,Champions,Mid,10.9228,6.6477
C1564,1696,17688,2691,41,1,1,1,0,82,2,2,1,3,1,1,1,0,2,8,0,0,0,0,0,0,1,7.37,35-44,<30K,Married/Partner,Graduate,1,1,3,9,0.2222,0.2222,0.1111,0.3333,0.1111,3,3.0,0.3333,0.3333,0.0,0.6667,Store,0.051,0,61-99 ngày,1,1,1,1.0,3,Hibernating,Low,9.7807,2.3026
C1565,1697,92491,2583,37,1,1,0,0,71,979,44,935,29,25,1,7,5,12,3,1,0,0,1,1,3,0,7.08,35-44,90K+,Married/Partner,Graduate,0,0,2,2012,0.4866,0.0219,0.4647,0.0144,0.0124,24,83.83,0.0417,0.2917,0.2083,0.5,Store,2.175,1,61-99 ngày,2,5,5,5.0,12,At Risk,High,11.4349,7.6074
C1566,1698,90273,2356,29,1,0,0,0,32,704,129,853,120,74,1,5,6,7,2,1,0,0,1,1,3,0,6.45,24-34,90K+,Single,Graduate,0,0,1,1880,0.3745,0.0686,0.4537,0.0638,0.0394,18,104.44,0.0556,0.2778,0.3333,0.3889,Store,2.083,1,31-60 ngày,4,4,5,4.5,13,Champions,High,11.4106,7.5396
C1567,1699,82571,2247,58,1,0,0,0,28,861,31,558,62,95,0,6,5,13,2,0,0,0,0,1,1,0,6.16,55-64,70-90K,Single,Graduate,0,0,1,1607,0.5358,0.0193,0.3472,0.0386,0.0591,24,66.96,0.0,0.25,0.2083,0.5417,Store,1.946,1,0-30 ngày,4,5,5,5.0,14,Champions,High,11.3214,7.3827
C1568,1700,38513,2311,38,1,0,0,0,20,172,3,115,16,0,5,6,1,5,8,0,0,0,0,0,0,0,6.33,35-44,30-50K,Single,Graduate,0,0,1,306,0.5621,0.0098,0.3758,0.0523,0.0,12,25.5,0.4167,0.5,0.0833,0.4167,Web,0.795,0,0-30 ngày,4,3,3,3.0,10,Loyal Customers,Low,10.5588,5.7268
C1569,1701,16653,2231,41,1,0,0,0,10,5,7,31,15,4,3,2,1,3,6,0,0,0,0,0,0,0,6.11,35-44,<30K,Single,Graduate,0,0,1,62,0.0806,0.1129,0.5,0.2419,0.0645,6,10.33,0.5,0.3333,0.1667,0.5,Store,0.372,0,0-30 ngày,5,2,2,2.0,9,New / Promising,Low,9.7204,4.1431
C1570,1702,42586,2767,65,1,1,1,1,7,194,2,56,0,0,5,4,1,6,8,0,0,0,0,0,0,0,7.58,65+,30-50K,Married/Partner,Graduate,2,1,4,252,0.7698,0.0079,0.2222,0.0,0.0,11,22.91,0.4545,0.3636,0.0909,0.5455,Store,0.592,0,0-30 ngày,5,3,3,3.0,11,Loyal Customers,Low,10.6593,5.5334
C1571,1703,23529,2697,55,0,0,0,0,67,9,7,13,3,2,1,1,1,2,6,0,0,0,0,0,0,0,7.39,55-64,<30K,Single,Non-graduate,0,0,1,34,0.2647,0.2059,0.3824,0.0882,0.0588,4,8.5,0.25,0.25,0.25,0.5,Store,0.145,0,61-99 ngày,2,1,1,1.0,4,Hibernating,Low,10.066,3.5553
C1572,1705,71107,2656,69,1,1,0,1,61,533,10,217,198,174,2,7,6,13,4,0,0,0,0,0,0,0,7.28,65+,70-90K,Married/Partner,Graduate,1,1,3,1132,0.4708,0.0088,0.1917,0.1749,0.1537,26,43.54,0.0769,0.2692,0.2308,0.5,Store,1.592,0,61-99 ngày,2,5,5,5.0,12,At Risk,High,11.172,7.0326
C1573,1706,46910,2257,56,1,1,1,1,36,48,0,14,0,0,2,2,0,3,6,0,0,0,0,0,0,0,6.18,55-64,30-50K,Married/Partner,Graduate,2,1,4,62,0.7742,0.0,0.2258,0.0,0.0,5,12.4,0.4,0.4,0.0,0.6,Store,0.132,0,31-60 ngày,4,2,2,2.0,8,New / Promising,Low,10.756,4.1431
C1574,1708,37244,2587,65,1,0,0,0,90,18,2,10,0,0,1,1,1,2,7,0,0,1,0,0,1,0,7.09,65+,30-50K,Single,Graduate,0,0,1,30,0.6,0.0667,0.3333,0.0,0.0,4,7.5,0.25,0.25,0.25,0.5,Store,0.081,1,61-99 ngày,1,1,1,1.0,3,Hibernating,Low,10.5253,3.434
C1575,1709,82427,2268,54,1,1,0,0,35,482,147,509,104,107,1,3,5,12,1,0,0,0,0,1,1,0,6.21,45-54,70-90K,Married/Partner,Graduate,0,0,2,1349,0.3573,0.109,0.3773,0.0771,0.0793,20,67.45,0.05,0.15,0.25,0.6,Store,1.637,1,31-60 ngày,4,5,5,5.0,14,Champions,High,11.3197,7.2079
C1576,1710,75342,2578,62,0,0,0,0,38,204,97,97,21,118,1,5,2,10,4,0,0,0,0,0,0,0,7.06,55-64,70-90K,Single,Non-graduate,0,0,1,537,0.3799,0.1806,0.1806,0.0391,0.2197,17,31.59,0.0588,0.2941,0.1176,0.5882,Store,0.713,0,31-60 ngày,4,4,3,3.5,11,Loyal Customers,Mid,11.2298,6.2879
C1577,1711,70044,2655,66,1,0,0,0,46,1073,0,250,153,14,4,7,10,5,5,0,0,0,0,0,0,0,7.27,65+,70-90K,Single,Graduate,0,0,1,1490,0.7201,0.0,0.1678,0.1027,0.0094,22,67.73,0.1818,0.3182,0.4545,0.2273,Catalog,2.127,0,31-60 ngày,3,5,5,5.0,13,Loyal Customers,High,11.1569,7.3072
C1578,1713,77437,2374,57,1,1,0,0,70,560,21,442,29,44,1,4,5,13,1,0,0,0,0,1,1,0,6.5,55-64,70-90K,Married/Partner,Graduate,0,0,2,1096,0.5109,0.0192,0.4033,0.0265,0.0401,22,49.82,0.0455,0.1818,0.2273,0.5909,Store,1.415,1,61-99 ngày,2,5,4,4.5,11,At Risk,Mid,11.2572,7.0003
C1579,1714,54984,2195,61,1,1,0,1,51,173,13,131,32,3,4,6,1,6,7,1,0,0,0,0,1,0,6.01,55-64,50-70K,Married/Partner,Graduate,1,1,3,352,0.4915,0.0369,0.3722,0.0909,0.0085,13,27.08,0.3077,0.4615,0.0769,0.4615,Web,0.64,1,31-60 ngày,3,3,3,3.0,9,Loyal Customers,Mid,10.9148,5.8665
C1580,1715,42403,2359,49,1,1,1,0,18,22,1,11,0,5,1,1,0,3,8,0,0,0,0,0,0,0,6.46,45-54,30-50K,Married/Partner,Graduate,1,1,3,39,0.5641,0.0256,0.2821,0.0,0.1282,4,9.75,0.25,0.25,0.0,0.75,Store,0.092,0,0-30 ngày,5,1,1,1.0,7,New / Promising,Low,10.655,3.6889
C1581,1716,55761,2225,56,1,1,0,1,97,136,1,12,0,3,2,4,1,3,6,0,0,0,1,0,1,0,6.1,55-64,50-70K,Married/Partner,Graduate,1,1,3,152,0.8947,0.0066,0.0789,0.0,0.0197,8,19.0,0.25,0.5,0.125,0.375,Web,0.273,1,61-99 ngày,1,2,2,2.0,5,Hibernating,Low,10.9288,5.0304
C1582,1717,37292,2596,37,1,1,1,0,32,275,0,86,10,23,5,6,3,5,8,0,0,0,0,0,0,0,7.11,35-44,30-50K,Married/Partner,Graduate,1,1,3,394,0.698,0.0,0.2183,0.0254,0.0584,14,28.14,0.3571,0.4286,0.2143,0.3571,Web,1.057,0,31-60 ngày,4,3,3,3.0,10,Loyal Customers,Mid,10.5266,5.9789
C1583,1718,45576,2191,75,1,0,0,0,9,56,19,29,2,14,1,3,1,3,8,0,0,0,0,0,0,0,6.0,65+,30-50K,Single,Graduate,0,0,1,120,0.4667,0.1583,0.2417,0.0167,0.1167,7,17.14,0.1429,0.4286,0.1429,0.4286,Web,0.263,0,0-30 ngày,5,2,2,2.0,9,New / Promising,Low,10.7272,4.7958
C1584,1719,70321,2688,73,1,1,0,0,6,303,23,751,82,26,1,6,5,13,4,0,0,0,0,0,0,0,7.36,65+,70-90K,Married/Partner,Graduate,0,0,2,1185,0.2557,0.0194,0.6338,0.0692,0.0219,24,49.38,0.0417,0.25,0.2083,0.5417,Store,1.685,0,0-30 ngày,5,5,5,5.0,15,Champions,High,11.1608,7.0783
C1585,1720,58086,2684,51,1,0,0,0,80,708,7,62,0,0,2,11,3,7,8,0,0,0,0,0,0,0,7.35,45-54,50-70K,Single,Graduate,0,0,1,777,0.9112,0.009,0.0798,0.0,0.0,21,37.0,0.0952,0.5238,0.1429,0.3333,Web,1.338,0,61-99 ngày,1,5,4,4.5,10,At Risk,Mid,10.9697,6.6567
C1586,1721,81795,2770,68,1,1,0,0,74,324,132,693,27,118,1,4,11,7,2,0,0,0,0,0,0,0,7.59,65+,70-90K,Married/Partner,Graduate,0,0,2,1294,0.2504,0.102,0.5355,0.0209,0.0912,22,58.82,0.0455,0.1818,0.5,0.3182,Catalog,1.582,0,61-99 ngày,2,5,5,5.0,12,At Risk,High,11.312,7.1663
C1587,1722,28389,2745,73,0,1,0,0,49,1,5,3,7,4,1,1,0,2,7,0,0,0,0,0,0,0,7.52,65+,<30K,Married/Partner,Non-graduate,0,0,2,20,0.05,0.25,0.15,0.35,0.2,3,6.67,0.3333,0.3333,0.0,0.6667,Store,0.07,0,31-60 ngày,3,1,1,1.0,5,Need Attention,Low,10.2538,3.0445
C1588,1724,69901,2555,51,1,0,0,0,95,312,21,206,102,92,3,7,3,10,5,0,0,0,0,0,0,0,7.0,45-54,50-70K,Single,Graduate,0,0,1,733,0.4256,0.0286,0.281,0.1392,0.1255,20,36.65,0.15,0.35,0.15,0.5,Store,1.049,0,61-99 ngày,1,5,4,4.5,10,At Risk,Mid,11.1548,6.5985
C1589,1725,80360,2642,71,1,1,0,0,56,1493,86,454,112,43,2,4,4,5,2,1,0,0,1,1,3,0,7.24,65+,70-90K,Married/Partner,Graduate,0,0,2,2188,0.6824,0.0393,0.2075,0.0512,0.0197,13,168.31,0.1538,0.3077,0.3077,0.3846,Store,2.723,1,31-60 ngày,3,3,5,4.0,11,Loyal Customers,High,11.2943,7.6912
C1590,1728,31859,2281,40,0,0,0,0,3,3,4,7,15,8,1,1,0,3,7,0,0,0,0,0,0,0,6.25,35-44,30-50K,Single,Non-graduate,0,0,1,37,0.0811,0.1081,0.1892,0.4054,0.2162,4,9.25,0.25,0.25,0.0,0.75,Store,0.116,0,0-30 ngày,5,1,1,1.0,7,New / Promising,Low,10.3691,3.6376
C1591,1729,51569,2661,71,1,0,0,0,39,380,0,47,6,0,4,7,1,7,8,0,0,0,1,0,1,0,7.29,65+,50-70K,Single,Graduate,0,0,1,433,0.8776,0.0,0.1085,0.0139,0.0,15,28.87,0.2667,0.4667,0.0667,0.4667,Web,0.84,1,31-60 ngày,3,4,3,3.5,10,Loyal Customers,Mid,10.8507,6.073
C1592,1731,16014,2628,41,0,0,0,0,42,3,9,4,7,8,4,1,1,4,3,0,0,0,0,0,0,0,7.2,35-44,<30K,Single,Non-graduate,0,0,1,31,0.0968,0.2903,0.129,0.2258,0.2581,6,5.17,0.6667,0.1667,0.1667,0.6667,Store,0.194,0,31-60 ngày,3,2,1,1.5,6,Need Attention,Low,9.6813,3.4657
C1593,1732,41120,2394,52,1,1,1,1,80,24,2,23,0,8,3,2,1,3,6,0,0,0,0,0,0,0,6.56,45-54,30-50K,Married/Partner,Graduate,2,1,4,57,0.4211,0.0351,0.4035,0.0,0.1404,6,9.5,0.5,0.3333,0.1667,0.5,Store,0.139,0,61-99 ngày,1,2,2,2.0,5,Hibernating,Low,10.6243,4.0604
C1594,1733,39763,2488,49,1,0,0,0,9,80,1,60,4,6,2,5,1,2,9,0,0,0,0,0,0,0,6.82,45-54,30-50K,Single,Graduate,0,0,1,151,0.5298,0.0066,0.3974,0.0265,0.0397,8,18.88,0.25,0.625,0.125,0.25,Web,0.38,0,0-30 ngày,5,2,2,2.0,9,New / Promising,Low,10.5907,5.0239
C1595,1734,38725,2209,65,1,1,1,1,52,31,0,6,2,1,2,1,0,4,4,0,0,0,0,0,0,0,6.05,65+,30-50K,Married/Partner,Graduate,2,1,4,40,0.775,0.0,0.15,0.05,0.025,5,8.0,0.4,0.2,0.0,0.8,Store,0.103,0,31-60 ngày,3,2,1,1.5,6,Need Attention,Low,10.5643,3.7136
C1596,1735,77981,2558,48,1,1,1,0,78,138,120,204,16,126,3,7,4,7,5,0,0,0,0,0,0,0,7.01,45-54,70-90K,Married/Partner,Graduate,1,1,3,604,0.2285,0.1987,0.3377,0.0265,0.2086,18,33.56,0.1667,0.3889,0.2222,0.3889,Web,0.775,0,61-99 ngày,2,4,4,4.0,10,At Risk,Mid,11.2642,6.4052
C1597,1736,62905,2451,56,0,1,0,1,68,166,75,96,119,107,3,7,2,8,4,0,0,0,0,0,0,0,6.72,55-64,50-70K,Married/Partner,Non-graduate,1,1,3,563,0.2948,0.1332,0.1705,0.2114,0.1901,17,33.12,0.1765,0.4118,0.1176,0.4706,Store,0.895,0,61-99 ngày,2,4,3,3.5,9,At Risk,Mid,11.0494,6.3351
C1598,1737,13533,2635,41,0,0,0,0,45,12,3,8,8,0,2,2,0,3,7,0,0,0,0,0,0,0,7.22,35-44,<30K,Single,Non-graduate,0,0,1,31,0.3871,0.0968,0.2581,0.2581,0.0,5,6.2,0.4,0.4,0.0,0.6,Store,0.229,0,31-60 ngày,3,2,1,1.5,6,Need Attention,Low,9.513,3.4657
C1599,1738,59481,2408,45,1,1,0,1,47,178,3,85,71,66,2,3,3,8,2,0,0,0,0,0,0,0,6.6,45-54,50-70K,Married/Partner,Graduate,1,1,3,403,0.4417,0.0074,0.2109,0.1762,0.1638,14,28.79,0.1429,0.2143,0.2143,0.5714,Store,0.678,0,31-60 ngày,3,3,3,3.0,9,Loyal Customers,Mid,10.9934,6.0014
C1600,1739,72117,2472,43,1,1,0,1,34,707,20,171,65,60,1,9,7,9,5,0,0,0,0,0,0,0,6.77,35-44,70-90K,Married/Partner,Graduate,1,1,3,1023,0.6911,0.0196,0.1672,0.0635,0.0587,25,40.92,0.04,0.36,0.28,0.36,Web,1.419,0,31-60 ngày,4,5,4,4.5,13,Champions,Mid,11.1861,6.9315
C1601,1740,21955,2454,34,0,1,1,0,81,5,1,7,17,14,2,2,1,3,6,0,0,0,0,0,0,0,6.72,24-34,<30K,Married/Partner,Non-graduate,1,1,3,44,0.1136,0.0227,0.1591,0.3864,0.3182,6,7.33,0.3333,0.3333,0.1667,0.5,Store,0.2,0,61-99 ngày,1,2,2,2.0,5,Hibernating,Low,9.9968,3.8067
C1602,1741,67131,2619,64,1,1,0,1,72,465,71,250,93,35,3,9,2,12,6,0,0,0,0,0,0,0,7.18,55-64,50-70K,Married/Partner,Graduate,1,1,3,914,0.5088,0.0777,0.2735,0.1018,0.0383,23,39.74,0.1304,0.3913,0.087,0.5217,Store,1.362,0,61-99 ngày,2,5,4,4.5,11,At Risk,Mid,11.1144,6.8189
C1603,1742,36802,2172,40,1,0,0,0,23,16,1,2,0,0,1,1,0,3,5,0,0,0,0,0,0,0,5.95,35-44,30-50K,Single,Graduate,0,0,1,19,0.8421,0.0526,0.1053,0.0,0.0,4,4.75,0.25,0.25,0.0,0.75,Store,0.052,0,0-30 ngày,4,1,1,1.0,6,New / Promising,Low,10.5133,2.9957
C1604,1745,47808,2411,45,1,1,0,1,30,123,1,26,2,0,2,3,2,3,7,0,0,1,0,0,1,0,6.61,45-54,30-50K,Married/Partner,Graduate,1,1,3,152,0.8092,0.0066,0.1711,0.0132,0.0,8,19.0,0.25,0.375,0.25,0.375,Web,0.318,1,0-30 ngày,4,2,2,2.0,8,New / Promising,Low,10.775,5.0304
C1605,1746,25509,2808,46,1,0,0,0,15,40,3,30,10,7,3,3,0,3,9,0,0,0,0,0,0,0,7.69,45-54,<30K,Single,Graduate,0,0,1,90,0.4444,0.0333,0.3333,0.1111,0.0778,6,15.0,0.5,0.5,0.0,0.5,Web,0.353,0,0-30 ngày,5,2,2,2.0,9,New / Promising,Low,10.1468,4.5109
C1606,1749,85431,2545,68,1,1,0,0,54,376,53,462,168,53,1,2,7,7,0,0,0,0,0,0,0,0,6.97,65+,70-90K,Married/Partner,Graduate,0,0,2,1112,0.3381,0.0477,0.4155,0.1511,0.0477,16,69.5,0.0625,0.125,0.4375,0.4375,Catalog,1.302,0,31-60 ngày,3,4,5,4.5,12,Loyal Customers,High,11.3555,7.0148
C1607,1750,42664,2262,53,1,1,0,1,44,21,0,3,0,0,1,1,0,3,6,0,0,0,0,0,0,0,6.2,45-54,30-50K,Married/Partner,Graduate,1,1,3,24,0.875,0.0,0.125,0.0,0.0,4,6.0,0.25,0.25,0.0,0.75,Store,0.056,0,31-60 ngày,3,1,1,1.0,5,Need Attention,Low,10.6611,3.2189
C1608,1753,28973,2783,43,1,1,0,0,59,206,0,46,3,2,2,5,1,5,8,0,0,0,0,0,0,0,7.62,35-44,<30K,Married/Partner,Graduate,0,0,2,257,0.8016,0.0,0.179,0.0117,0.0078,11,23.36,0.1818,0.4545,0.0909,0.4545,Web,0.887,0,31-60 ngày,2,3,3,3.0,8,At Risk,Low,10.2742,5.553
C1609,1754,39435,2486,47,1,1,1,0,16,71,0,18,0,0,1,3,1,2,7,0,0,0,0,0,0,0,6.81,45-54,30-50K,Married/Partner,Graduate,1,1,3,89,0.7978,0.0,0.2022,0.0,0.0,6,14.83,0.1667,0.5,0.1667,0.3333,Web,0.226,0,0-30 ngày,5,2,2,2.0,9,New / Promising,Low,10.5824,4.4998
C1610,1755,65370,2491,36,0,1,0,0,1,71,22,112,138,89,1,2,3,13,1,0,0,0,0,0,0,0,6.82,35-44,50-70K,Married/Partner,Non-graduate,0,0,2,432,0.1644,0.0509,0.2593,0.3194,0.206,18,24.0,0.0556,0.1111,0.1667,0.7222,Store,0.661,0,0-30 ngày,5,4,3,3.5,12,Loyal Customers,Mid,11.0878,6.0707
C1611,1756,20194,2718,41,0,0,0,0,64,0,4,7,11,10,2,2,0,3,6,0,0,0,0,0,0,0,7.45,35-44,<30K,Single,Non-graduate,0,0,1,32,0.0,0.125,0.2188,0.3438,0.3125,5,6.4,0.4,0.4,0.0,0.6,Store,0.158,0,61-99 ngày,2,2,1,1.5,5,Hibernating,Low,9.9132,3.4965
C1612,1757,42473,2291,44,1,0,0,0,72,93,1,21,0,4,3,2,1,4,5,0,0,0,0,0,0,0,6.28,35-44,30-50K,Single,Graduate,0,0,1,119,0.7815,0.0084,0.1765,0.0,0.0336,7,17.0,0.4286,0.2857,0.1429,0.5714,Store,0.28,0,61-99 ngày,2,2,2,2.0,6,Hibernating,Low,10.6566,4.7875
C1613,1758,64590,2782,52,1,1,0,0,98,920,138,168,36,46,1,9,4,10,6,0,0,0,0,0,0,0,7.62,45-54,50-70K,Married/Partner,Graduate,0,0,2,1308,0.7034,0.1055,0.1284,0.0275,0.0352,23,56.87,0.0435,0.3913,0.1739,0.4348,Store,2.025,0,61-99 ngày,1,5,5,5.0,11,At Risk,High,11.0758,7.177
C1614,1759,71232,2372,61,1,1,0,1,91,653,17,170,34,26,2,11,2,10,7,0,0,0,0,0,0,0,6.5,55-64,70-90K,Married/Partner,Graduate,1,1,3,900,0.7256,0.0189,0.1889,0.0378,0.0289,23,39.13,0.087,0.4783,0.087,0.4348,Web,1.263,0,61-99 ngày,1,5,4,4.5,10,At Risk,Mid,11.1737,6.8035
C1615,1760,34600,2703,49,1,1,1,1,8,199,33,60,8,3,5,5,2,5,8,0,0,0,0,0,0,0,7.41,45-54,30-50K,Married/Partner,Graduate,2,1,4,303,0.6568,0.1089,0.198,0.0264,0.0099,12,25.25,0.4167,0.4167,0.1667,0.4167,Web,0.876,0,0-30 ngày,5,3,3,3.0,11,Loyal Customers,Low,10.4516,5.717
C1616,1761,46904,2762,53,1,0,0,0,20,153,4,56,0,9,4,5,1,4,8,0,0,0,0,0,0,0,7.57,45-54,30-50K,Single,Graduate,0,0,1,222,0.6892,0.018,0.2523,0.0,0.0405,10,22.2,0.4,0.5,0.1,0.4,Web,0.473,0,0-30 ngày,4,3,3,3.0,10,Loyal Customers,Low,10.7559,5.4072
C1617,1762,49094,2805,47,1,1,0,1,6,376,0,38,11,8,5,6,3,6,6,0,0,0,0,0,0,0,7.68,45-54,30-50K,Married/Partner,Graduate,1,1,3,433,0.8684,0.0,0.0878,0.0254,0.0185,15,28.87,0.3333,0.4,0.2,0.4,Web,0.882,0,0-30 ngày,5,4,3,3.5,12,Loyal Customers,Mid,10.8015,6.073
C1618,1763,36075,2361,37,1,1,1,0,54,46,0,30,12,1,1,2,0,4,6,0,0,0,0,0,0,0,6.47,35-44,30-50K,Married/Partner,Graduate,1,1,3,89,0.5169,0.0,0.3371,0.1348,0.0112,6,14.83,0.1667,0.3333,0.0,0.6667,Store,0.247,0,31-60 ngày,3,2,2,2.0,7,Need Attention,Low,10.4934,4.4998
C1619,1764,60839,2829,41,0,1,1,1,72,600,21,128,223,150,13,2,2,12,8,0,0,0,0,0,0,0,7.75,35-44,50-70K,Married/Partner,Non-graduate,2,1,4,1122,0.5348,0.0187,0.1141,0.1988,0.1337,16,70.12,0.8125,0.125,0.125,0.75,Store,1.844,0,61-99 ngày,2,4,5,4.5,11,At Risk,High,11.016,7.0238
C1620,1768,82122,2477,58,0,1,0,0,89,734,22,350,151,25,1,3,9,13,1,0,0,0,0,1,1,0,6.79,55-64,70-90K,Married/Partner,Non-graduate,0,0,2,1282,0.5725,0.0172,0.273,0.1178,0.0195,25,51.28,0.04,0.12,0.36,0.52,Store,1.561,1,61-99 ngày,1,5,5,5.0,11,At Risk,High,11.316,7.157
C1621,1770,34074,2510,68,1,1,1,1,69,135,1,41,10,1,5,3,3,3,6,0,0,1,0,0,1,0,6.88,65+,30-50K,Married/Partner,Graduate,2,1,4,188,0.7181,0.0053,0.2181,0.0532,0.0053,9,20.89,0.5556,0.3333,0.3333,0.3333,Web,0.552,1,61-99 ngày,2,3,3,3.0,8,At Risk,Low,10.4363,5.2417
C1622,1771,28520,2539,60,1,1,1,1,55,11,0,10,0,2,1,1,1,2,6,0,0,0,0,0,0,0,6.96,55-64,<30K,Married/Partner,Graduate,2,1,4,23,0.4783,0.0,0.4348,0.0,0.087,4,5.75,0.25,0.25,0.25,0.5,Store,0.081,0,31-60 ngày,3,1,1,1.0,5,Need Attention,Low,10.2584,3.1781
C1623,1772,62535,2428,65,1,0,0,0,13,163,48,90,0,45,1,3,2,8,3,0,0,0,0,0,0,0,6.65,65+,50-70K,Single,Graduate,0,0,1,346,0.4711,0.1387,0.2601,0.0,0.1301,13,26.62,0.0769,0.2308,0.1538,0.6154,Store,0.553,0,0-30 ngày,5,3,3,3.0,11,Loyal Customers,Mid,11.0435,5.8493
C1624,1773,36273,2233,43,1,0,0,0,80,29,3,30,3,2,2,3,0,3,6,0,0,0,0,0,0,0,6.12,35-44,30-50K,Single,Graduate,0,0,1,67,0.4328,0.0448,0.4478,0.0448,0.0299,6,11.17,0.3333,0.5,0.0,0.5,Web,0.185,0,61-99 ngày,1,2,2,2.0,5,Hibernating,Low,10.4989,4.2195
C1625,1774,63404,2182,56,1,1,0,2,97,734,26,70,11,44,2,6,3,4,4,1,0,0,0,0,1,0,5.98,55-64,50-70K,Married/Partner,Graduate,2,1,4,885,0.8294,0.0294,0.0791,0.0124,0.0497,13,68.08,0.1538,0.4615,0.2308,0.3077,Web,1.396,1,61-99 ngày,1,3,4,3.5,8,At Risk,Mid,11.0573,6.7867
C1626,1776,78416,2161,44,1,1,0,1,99,453,38,279,188,38,2,7,7,10,3,0,0,0,0,0,0,0,5.92,35-44,70-90K,Married/Partner,Graduate,1,1,3,996,0.4548,0.0382,0.2801,0.1888,0.0382,24,41.5,0.0833,0.2917,0.2917,0.4167,Store,1.27,0,61-99 ngày,1,5,4,4.5,10,At Risk,Mid,11.2698,6.9048
C1627,1777,75702,2782,46,1,1,0,1,87,1073,0,629,145,37,1,10,5,13,6,0,0,0,0,1,1,0,7.62,45-54,70-90K,Married/Partner,Graduate,1,1,3,1884,0.5695,0.0,0.3339,0.077,0.0196,28,67.29,0.0357,0.3571,0.1786,0.4643,Store,2.489,1,61-99 ngày,1,5,5,5.0,11,At Risk,High,11.2346,7.5417
C1628,1778,59385,2586,69,1,1,1,1,85,135,0,10,0,4,2,3,1,4,5,0,0,0,0,0,0,0,7.08,65+,50-70K,Married/Partner,Graduate,2,1,4,149,0.906,0.0,0.0671,0.0,0.0268,8,18.62,0.25,0.375,0.125,0.5,Store,0.251,0,61-99 ngày,1,2,2,2.0,5,Hibernating,Low,10.9918,5.0106
C1629,1780,44689,2329,69,1,1,1,1,82,18,0,5,0,0,2,1,1,2,7,0,0,1,0,0,1,0,6.38,65+,30-50K,Married/Partner,Graduate,2,1,4,23,0.7826,0.0,0.2174,0.0,0.0,4,5.75,0.5,0.25,0.25,0.5,Store,0.051,1,61-99 ngày,1,1,1,1.0,3,Hibernating,Low,10.7075,3.1781
C1630,1784,90369,2221,64,1,1,0,0,2,292,51,981,224,23,1,4,6,6,1,0,0,0,0,0,0,0,6.08,55-64,90K+,Married/Partner,Graduate,0,0,2,1571,0.1859,0.0325,0.6244,0.1426,0.0146,16,98.19,0.0625,0.25,0.375,0.375,Catalog,1.738,0,0-30 ngày,5,4,5,4.5,14,Champions,High,11.4117,7.3601
C1631,1785,63159,2760,46,1,0,0,0,74,965,34,586,89,86,1,3,5,8,3,0,0,1,0,0,1,0,7.56,45-54,50-70K,Single,Graduate,0,0,1,1760,0.5483,0.0193,0.333,0.0506,0.0489,16,110.0,0.0625,0.1875,0.3125,0.5,Store,2.787,1,61-99 ngày,2,4,5,4.5,11,At Risk,High,11.0534,7.4736
C1632,1787,46757,2749,57,1,0,0,0,71,777,30,163,0,51,6,4,4,7,9,0,0,0,0,0,0,0,7.53,55-64,30-50K,Single,Graduate,0,0,1,1021,0.761,0.0294,0.1596,0.0,0.05,15,68.07,0.4,0.2667,0.2667,0.4667,Store,2.184,0,61-99 ngày,2,4,4,4.0,10,At Risk,Mid,10.7527,6.9295
C1633,1788,79734,2160,51,1,1,0,0,72,572,8,232,23,62,1,4,3,6,1,1,0,0,0,0,1,0,5.92,45-54,70-90K,Married/Partner,Graduate,0,0,2,897,0.6377,0.0089,0.2586,0.0256,0.0691,13,69.0,0.0769,0.3077,0.2308,0.4615,Store,1.125,1,61-99 ngày,2,3,4,3.5,9,At Risk,Mid,11.2865,6.8002
C1634,1789,63207,2684,28,1,1,0,0,68,438,169,565,91,169,1,2,3,6,7,1,0,0,0,0,1,0,7.35,24-34,50-70K,Married/Partner,Graduate,0,0,2,1432,0.3059,0.118,0.3946,0.0635,0.118,11,130.18,0.0909,0.1818,0.2727,0.5455,Store,2.266,1,61-99 ngày,2,3,5,4.0,10,At Risk,High,11.0542,7.2675
C1635,1790,72071,2659,66,1,0,0,0,4,531,69,300,150,138,3,5,4,8,2,0,0,0,0,0,0,0,7.28,65+,70-90K,Single,Graduate,0,0,1,1188,0.447,0.0581,0.2525,0.1263,0.1162,17,69.88,0.1765,0.2941,0.2353,0.4706,Store,1.648,0,0-30 ngày,5,4,5,4.5,14,Champions,High,11.1854,7.0809
C1636,1791,21840,2502,37,1,1,1,0,80,17,0,9,0,0,1,1,0,3,9,0,0,0,0,0,0,0,6.85,35-44,<30K,Married/Partner,Graduate,1,1,3,26,0.6538,0.0,0.3462,0.0,0.0,4,6.5,0.25,0.25,0.0,0.75,Store,0.119,0,61-99 ngày,1,1,1,1.0,3,Hibernating,Low,9.9915,3.2958
C1637,1792,58582,2433,38,0,1,0,1,15,402,35,106,101,77,2,9,2,9,5,0,0,0,1,0,1,0,6.67,35-44,50-70K,Married/Partner,Non-graduate,1,1,3,721,0.5576,0.0485,0.147,0.1401,0.1068,20,36.05,0.1,0.45,0.1,0.45,Web,1.231,1,0-30 ngày,5,5,4,4.5,14,Champions,Mid,10.9782,6.582
C1638,1793,72282,2504,69,1,0,0,0,70,503,27,419,90,139,1,5,7,9,7,0,0,0,0,0,0,0,6.86,65+,70-90K,Single,Graduate,0,0,1,1178,0.427,0.0229,0.3557,0.0764,0.118,21,56.1,0.0476,0.2381,0.3333,0.4286,Store,1.63,0,61-99 ngày,2,5,5,5.0,12,At Risk,High,11.1883,7.0724
C1639,1794,50387,2461,64,1,1,0,2,91,369,9,87,12,14,3,6,2,8,5,0,0,0,0,0,0,0,6.74,55-64,50-70K,Married/Partner,Graduate,2,1,4,491,0.7515,0.0183,0.1772,0.0244,0.0285,16,30.69,0.1875,0.375,0.125,0.5,Store,0.974,0,61-99 ngày,1,4,3,3.5,8,At Risk,Mid,10.8275,6.1985
C1640,1795,32583,2173,59,1,1,1,1,10,5,0,3,0,0,1,1,0,2,7,0,0,0,0,0,0,0,5.95,55-64,30-50K,Married/Partner,Graduate,2,1,4,8,0.625,0.0,0.375,0.0,0.0,3,2.67,0.3333,0.3333,0.0,0.6667,Store,0.025,0,0-30 ngày,5,1,1,1.0,7,New / Promising,Low,10.3916,2.1972
C1641,1796,62568,2242,58,1,1,0,1,99,362,17,398,80,35,3,5,3,5,4,1,0,0,0,0,1,0,6.14,55-64,50-70K,Married/Partner,Graduate,1,1,3,892,0.4058,0.0191,0.4462,0.0897,0.0392,13,68.62,0.2308,0.3846,0.2308,0.3846,Web,1.426,1,61-99 ngày,1,3,4,3.5,8,At Risk,Mid,11.044,6.7946
C1642,1797,44635,2420,49,1,0,0,0,25,56,0,9,0,0,2,2,0,3,7,0,0,0,0,0,0,0,6.63,45-54,30-50K,Single,Graduate,0,0,1,65,0.8615,0.0,0.1385,0.0,0.0,5,13.0,0.4,0.4,0.0,0.6,Store,0.146,0,0-30 ngày,4,2,2,2.0,8,New / Promising,Low,10.7063,4.1897
C1643,1799,63967,2483,52,1,1,0,1,57,387,84,141,73,35,3,4,4,12,2,0,0,0,0,0,0,0,6.8,45-54,50-70K,Married/Partner,Graduate,1,1,3,720,0.5375,0.1167,0.1958,0.1014,0.0486,20,36.0,0.15,0.2,0.2,0.6,Store,1.126,0,31-60 ngày,3,5,4,4.5,12,Loyal Customers,Mid,11.0661,6.5806
C1644,1800,52513,2822,42,0,1,0,0,84,367,17,241,104,188,2,9,5,9,7,0,0,0,0,0,0,0,7.73,35-44,50-70K,Married/Partner,Non-graduate,0,0,2,917,0.4002,0.0185,0.2628,0.1134,0.205,23,39.87,0.087,0.3913,0.2174,0.3913,Web,1.746,0,61-99 ngày,1,5,4,4.5,10,At Risk,Mid,10.8688,6.8222
C1645,1801,25293,2446,51,1,1,1,0,51,15,0,11,0,2,1,1,1,2,8,0,0,0,0,0,0,0,6.7,45-54,<30K,Married/Partner,Graduate,1,1,3,28,0.5357,0.0,0.3929,0.0,0.0714,4,7.0,0.25,0.25,0.25,0.5,Store,0.111,0,31-60 ngày,3,1,1,1.0,5,Need Attention,Low,10.1383,3.3673
C1646,1802,54111,2467,55,1,0,0,0,97,267,6,54,8,3,2,5,2,6,5,0,0,0,0,0,0,0,6.76,55-64,50-70K,Single,Graduate,0,0,1,338,0.7899,0.0178,0.1598,0.0237,0.0089,13,26.0,0.1538,0.3846,0.1538,0.4615,Store,0.625,0,61-99 ngày,1,3,3,3.0,7,At Risk,Low,10.8988,5.826
C1647,1803,78394,2658,34,1,1,0,0,13,298,27,697,216,24,1,4,6,5,2,0,0,0,0,0,0,0,7.28,24-34,70-90K,Married/Partner,Graduate,0,0,2,1262,0.2361,0.0214,0.5523,0.1712,0.019,15,84.13,0.0667,0.2667,0.4,0.3333,Catalog,1.61,0,0-30 ngày,5,4,5,4.5,14,Champions,High,11.2695,7.1412
C1648,1804,80739,2561,62,1,1,0,0,92,674,92,736,39,0,1,3,11,9,1,0,0,0,0,0,0,0,7.02,55-64,70-90K,Married/Partner,Graduate,0,0,2,1541,0.4374,0.0597,0.4776,0.0253,0.0,23,67.0,0.0435,0.1304,0.4783,0.3913,Catalog,1.909,0,61-99 ngày,1,5,5,5.0,11,At Risk,High,11.299,7.3408
C1649,1805,22669,2562,45,1,1,1,0,30,16,14,36,37,22,3,4,1,2,9,0,0,0,0,0,0,0,7.02,45-54,<30K,Married/Partner,Graduate,1,1,3,125,0.128,0.112,0.288,0.296,0.176,7,17.86,0.4286,0.5714,0.1429,0.2857,Web,0.551,0,0-30 ngày,4,2,2,2.0,8,New / Promising,Low,10.0288,4.8363
C1650,1806,29236,2423,33,1,0,0,0,30,37,4,24,16,9,2,4,0,3,9,0,0,0,0,0,0,0,6.64,24-34,<30K,Single,Graduate,0,0,1,90,0.4111,0.0444,0.2667,0.1778,0.1,7,12.86,0.2857,0.5714,0.0,0.4286,Web,0.308,0,0-30 ngày,4,2,2,2.0,8,New / Promising,Low,10.2832,4.5109
C1651,1807,44911,2630,61,1,1,0,1,11,159,0,22,2,1,3,4,1,4,7,0,0,0,0,0,0,0,7.21,55-64,30-50K,Married/Partner,Graduate,1,1,3,184,0.8641,0.0,0.1196,0.0109,0.0054,9,20.44,0.3333,0.4444,0.1111,0.4444,Web,0.41,0,0-30 ngày,5,3,3,3.0,11,Loyal Customers,Low,10.7125,5.2204
C1652,1808,54693,2656,58,1,1,0,1,72,686,17,142,23,26,8,6,4,13,6,0,0,0,0,0,0,0,7.28,55-64,50-70K,Married/Partner,Graduate,1,1,3,894,0.7673,0.019,0.1588,0.0257,0.0291,23,38.87,0.3478,0.2609,0.1739,0.5652,Store,1.635,0,61-99 ngày,2,5,4,4.5,11,At Risk,Mid,10.9095,6.7968
C1653,1809,48186,2260,46,1,1,1,0,39,97,3,66,12,7,3,4,1,4,7,0,0,0,0,0,0,0,6.19,45-54,30-50K,Married/Partner,Graduate,1,1,3,185,0.5243,0.0162,0.3568,0.0649,0.0378,9,20.56,0.3333,0.4444,0.1111,0.4444,Web,0.384,0,31-60 ngày,3,3,3,3.0,9,Loyal Customers,Low,10.7828,5.2257
C1654,1811,41580,2725,42,1,1,1,1,15,56,5,24,4,0,3,2,1,3,5,0,0,0,0,0,0,0,7.47,35-44,30-50K,Married/Partner,Graduate,2,1,4,89,0.6292,0.0562,0.2697,0.0449,0.0,6,14.83,0.5,0.3333,0.1667,0.5,Store,0.214,0,0-30 ngày,5,2,2,2.0,9,New / Promising,Low,10.6354,4.4998
C1655,1812,80336,2452,50,1,1,0,0,12,209,19,456,160,142,1,2,9,13,1,0,0,0,0,0,0,0,6.72,45-54,70-90K,Married/Partner,Graduate,0,0,2,986,0.212,0.0193,0.4625,0.1623,0.144,24,41.08,0.0417,0.0833,0.375,0.5417,Store,1.227,0,0-30 ngày,5,5,4,4.5,14,Champions,Mid,11.294,6.8947
C1656,1813,47743,2623,63,1,1,0,1,56,198,2,43,0,12,3,4,1,6,6,0,0,0,1,0,1,0,7.19,55-64,30-50K,Married/Partner,Graduate,1,1,3,255,0.7765,0.0078,0.1686,0.0,0.0471,11,23.18,0.2727,0.3636,0.0909,0.5455,Store,0.534,1,31-60 ngày,3,3,3,3.0,9,Loyal Customers,Low,10.7736,5.5452
C1657,1815,57333,2804,66,1,0,0,0,55,941,14,397,76,58,11,8,5,9,6,0,0,0,0,0,0,0,7.68,65+,50-70K,Single,Graduate,0,0,1,1486,0.6332,0.0094,0.2672,0.0511,0.039,22,67.55,0.5,0.3636,0.2273,0.4091,Store,2.592,0,31-60 ngày,3,5,5,5.0,13,Loyal Customers,High,10.9566,7.3045
C1658,1816,32313,2662,38,1,1,1,0,60,86,4,56,2,4,3,4,0,4,9,0,0,0,0,0,0,0,7.29,35-44,30-50K,Married/Partner,Graduate,1,1,3,152,0.5658,0.0263,0.3684,0.0132,0.0263,8,19.0,0.375,0.5,0.0,0.5,Web,0.47,0,31-60 ngày,2,2,2,2.0,6,Hibernating,Low,10.3833,5.0304
C1659,1817,84953,2550,67,1,0,0,0,73,167,48,602,63,72,1,3,10,4,2,1,0,0,1,1,3,0,6.99,65+,70-90K,Single,Graduate,0,0,1,952,0.1754,0.0504,0.6324,0.0662,0.0756,17,56.0,0.0588,0.1765,0.5882,0.2353,Catalog,1.121,1,61-99 ngày,2,4,4,4.0,10,At Risk,Mid,11.3499,6.8596
C1660,1818,27071,2226,52,1,0,0,0,90,8,3,19,0,2,2,2,0,3,6,0,0,0,0,0,0,0,6.1,45-54,<30K,Single,Graduate,0,0,1,32,0.25,0.0938,0.5938,0.0,0.0625,5,6.4,0.4,0.4,0.0,0.6,Store,0.118,0,61-99 ngày,1,2,1,1.5,4,Hibernating,Low,10.2063,3.4965
C1661,1819,68148,2461,63,1,1,0,0,86,389,66,408,37,57,1,4,4,6,2,0,0,0,0,0,0,0,6.74,55-64,50-70K,Married/Partner,Graduate,0,0,2,957,0.4065,0.069,0.4263,0.0387,0.0596,14,68.36,0.0714,0.2857,0.2857,0.4286,Store,1.404,0,61-99 ngày,1,3,4,3.5,8,At Risk,Mid,11.1295,6.8648
C1662,1820,65735,2363,55,1,1,1,1,37,239,7,119,4,15,5,6,2,6,7,0,0,0,0,0,0,0,6.47,55-64,50-70K,Married/Partner,Graduate,2,1,4,384,0.6224,0.0182,0.3099,0.0104,0.0391,14,27.43,0.3571,0.4286,0.1429,0.4286,Web,0.584,0,31-60 ngày,4,3,3,3.0,10,Loyal Customers,Mid,11.0934,5.9532
C1663,1821,86836,2814,45,1,1,0,0,7,179,21,273,0,21,1,6,10,6,5,1,0,1,0,1,3,0,7.71,45-54,70-90K,Married/Partner,Graduate,0,0,2,494,0.3623,0.0425,0.5526,0.0,0.0425,22,22.45,0.0455,0.2727,0.4545,0.2727,Catalog,0.569,1,0-30 ngày,5,5,3,4.0,13,Champions,Mid,11.3718,6.2046
C1664,1823,30093,2515,30,1,1,0,0,19,2,6,28,13,4,1,2,0,3,7,0,0,0,0,0,0,0,6.89,24-34,30-50K,Married/Partner,Graduate,0,0,2,53,0.0377,0.1132,0.5283,0.2453,0.0755,5,10.6,0.2,0.4,0.0,0.6,Store,0.176,0,0-30 ngày,4,2,2,2.0,8,New / Promising,Low,10.3121,3.989
C1665,1824,57705,2328,54,1,1,0,1,14,383,0,53,6,4,3,8,1,6,6,0,0,0,0,0,0,0,6.38,45-54,50-70K,Married/Partner,Graduate,1,1,3,446,0.8587,0.0,0.1188,0.0135,0.009,15,29.73,0.2,0.5333,0.0667,0.4,Web,0.773,0,0-30 ngày,5,4,3,3.5,12,Loyal Customers,Mid,10.9631,6.1026
C1666,1825,25008,2306,32,1,0,0,0,72,2,8,8,6,1,2,1,0,3,8,0,0,0,0,0,0,0,6.32,24-34,<30K,Single,Graduate,0,0,1,25,0.08,0.32,0.32,0.24,0.04,4,6.25,0.5,0.25,0.0,0.75,Store,0.1,0,61-99 ngày,2,1,1,1.0,4,Hibernating,Low,10.127,3.2581
C1667,1826,83257,2808,25,0,0,0,0,56,536,27,590,38,107,1,5,10,12,6,0,0,1,0,1,2,1,7.69,24-34,70-90K,Single,Non-graduate,0,0,1,1298,0.4129,0.0208,0.4545,0.0293,0.0824,27,48.07,0.037,0.1852,0.3704,0.4444,Store,1.559,1,31-60 ngày,3,5,5,5.0,13,Loyal Customers,High,11.3297,7.1694
C1668,1827,22280,2565,45,1,1,1,0,85,2,1,4,3,1,1,1,0,2,8,0,0,0,0,0,0,0,7.03,45-54,<30K,Married/Partner,Graduate,1,1,3,11,0.1818,0.0909,0.3636,0.2727,0.0909,3,3.67,0.3333,0.3333,0.0,0.6667,Store,0.049,0,61-99 ngày,1,1,1,1.0,3,Hibernating,Low,10.0115,2.4849
C1669,1828,72159,2767,42,1,1,0,0,62,322,53,899,34,40,1,4,6,10,2,0,0,0,0,0,0,0,7.58,35-44,70-90K,Married/Partner,Graduate,0,0,2,1348,0.2389,0.0393,0.6669,0.0252,0.0297,20,67.4,0.05,0.2,0.3,0.5,Store,1.868,0,61-99 ngày,2,5,5,5.0,12,At Risk,High,11.1866,7.2071
C1670,1829,64260,2693,59,1,1,0,0,1,539,169,816,20,0,1,4,5,4,3,0,0,0,0,0,0,0,7.38,55-64,50-70K,Married/Partner,Graduate,0,0,2,1544,0.3491,0.1095,0.5285,0.013,0.0,13,118.77,0.0769,0.3077,0.3846,0.3077,Catalog,2.403,0,0-30 ngày,5,3,5,4.0,13,Champions,High,11.0707,7.3428
C1671,1830,82733,2451,36,1,0,0,0,28,712,50,420,65,38,1,8,4,7,4,0,0,0,0,0,0,0,6.72,35-44,70-90K,Single,Graduate,0,0,1,1285,0.5541,0.0389,0.3268,0.0506,0.0296,19,67.63,0.0526,0.4211,0.2105,0.3684,Web,1.553,0,0-30 ngày,4,4,5,4.5,13,Champions,High,11.3234,7.1593
C1672,1831,74290,2480,49,1,0,0,0,70,1121,0,72,0,12,4,10,8,10,6,1,0,0,1,0,2,0,6.79,45-54,70-90K,Single,Graduate,0,0,1,1205,0.9303,0.0,0.0598,0.0,0.01,28,43.04,0.1429,0.3571,0.2857,0.3571,Web,1.622,1,61-99 ngày,2,5,5,5.0,12,At Risk,High,11.2157,7.0951
C1673,1832,58217,2748,69,1,0,0,0,84,68,1,13,3,5,1,2,0,4,6,0,0,0,0,0,0,0,7.53,65+,50-70K,Single,Graduate,0,0,1,90,0.7556,0.0111,0.1444,0.0333,0.0556,6,15.0,0.1667,0.3333,0.0,0.6667,Store,0.155,0,61-99 ngày,1,2,2,2.0,5,Hibernating,Low,10.9719,4.5109
C1674,1833,21024,2519,44,1,1,0,0,89,36,4,18,6,2,1,2,0,4,7,0,0,0,0,0,0,0,6.9,35-44,<30K,Married/Partner,Graduate,0,0,2,66,0.5455,0.0606,0.2727,0.0909,0.0303,6,11.0,0.1667,0.3333,0.0,0.6667,Store,0.314,0,61-99 ngày,1,2,2,2.0,5,Hibernating,Low,9.9535,4.2047
C1675,1834,70116,2678,48,1,1,0,0,73,707,44,603,95,58,1,2,8,12,1,0,0,0,0,0,0,0,7.34,45-54,70-90K,Married/Partner,Graduate,0,0,2,1507,0.4691,0.0292,0.4001,0.063,0.0385,22,68.5,0.0455,0.0909,0.3636,0.5455,Store,2.149,0,61-99 ngày,2,5,5,5.0,12,At Risk,High,11.1579,7.3185
C1676,1835,54006,2808,35,1,1,1,0,42,174,77,203,6,24,2,8,1,7,7,0,0,0,0,0,0,0,7.69,35-44,50-70K,Married/Partner,Graduate,1,1,3,484,0.3595,0.1591,0.4194,0.0124,0.0496,16,30.25,0.125,0.5,0.0625,0.4375,Web,0.896,0,31-60 ngày,3,4,3,3.5,10,Loyal Customers,Mid,10.8969,6.1841
C1677,1836,69063,2758,54,1,1,0,1,16,666,35,124,69,8,1,5,3,5,3,0,0,0,0,0,0,0,7.56,45-54,50-70K,Married/Partner,Graduate,1,1,3,902,0.7384,0.0388,0.1375,0.0765,0.0089,13,69.38,0.0769,0.3846,0.2308,0.3846,Web,1.306,0,0-30 ngày,5,3,4,3.5,12,Loyal Customers,Mid,11.1428,6.8057
C1678,1837,11448,2355,45,0,0,0,0,16,0,0,0,6,2,1,1,0,2,6,0,0,0,0,0,0,0,6.45,45-54,<30K,Single,Non-graduate,0,0,1,8,0.0,0.0,0.0,0.75,0.25,3,2.67,0.3333,0.3333,0.0,0.6667,Store,0.07,0,0-30 ngày,5,1,1,1.0,7,New / Promising,Low,9.3457,2.1972
C1679,1839,70886,2417,49,1,1,1,0,65,407,70,239,103,88,1,5,4,4,2,0,0,0,0,0,0,0,6.62,45-54,70-90K,Married/Partner,Graduate,1,1,3,907,0.4487,0.0772,0.2635,0.1136,0.097,13,69.77,0.0769,0.3846,0.3077,0.3077,Web,1.28,0,61-99 ngày,2,3,4,3.5,9,At Risk,Mid,11.1688,6.8112
C1680,1841,60208,2789,47,1,0,0,0,13,488,23,71,15,0,11,8,3,7,7,0,0,0,1,0,1,0,7.64,45-54,50-70K,Single,Graduate,0,0,1,597,0.8174,0.0385,0.1189,0.0251,0.0,18,33.17,0.6111,0.4444,0.1667,0.3889,Web,0.992,1,0-30 ngày,5,4,4,4.0,13,Champions,Mid,11.0056,6.3936
C1681,1842,32889,2455,52,1,1,1,1,78,28,0,13,4,2,3,2,1,3,5,0,0,0,0,0,0,0,6.73,45-54,30-50K,Married/Partner,Graduate,2,1,4,47,0.5957,0.0,0.2766,0.0851,0.0426,6,7.83,0.5,0.3333,0.1667,0.5,Store,0.143,0,61-99 ngày,2,2,2,2.0,6,Hibernating,Low,10.4009,3.8712
C1682,1843,34738,2208,36,1,0,0,0,51,3,2,10,3,0,1,1,0,3,6,0,0,0,0,0,0,0,6.05,35-44,30-50K,Single,Graduate,0,0,1,18,0.1667,0.1111,0.5556,0.1667,0.0,4,4.5,0.25,0.25,0.0,0.75,Store,0.052,0,31-60 ngày,3,1,1,1.0,5,Need Attention,Low,10.4556,2.9444
C1683,1844,30538,2795,49,1,1,1,0,27,284,0,52,8,3,4,9,0,4,10,0,0,0,0,0,0,0,7.66,45-54,30-50K,Married/Partner,Graduate,1,1,3,347,0.8184,0.0,0.1499,0.0231,0.0086,13,26.69,0.3077,0.6923,0.0,0.3077,Web,1.136,0,0-30 ngày,4,3,3,3.0,10,Loyal Customers,Mid,10.3268,5.8522
C1684,1845,82326,2270,43,0,1,0,0,30,938,142,754,159,81,1,5,10,6,2,1,0,0,1,1,3,0,6.22,35-44,70-90K,Married/Partner,Non-graduate,0,0,2,2074,0.4523,0.0685,0.3635,0.0767,0.0391,21,98.76,0.0476,0.2381,0.4762,0.2857,Catalog,2.519,1,0-30 ngày,4,5,5,5.0,14,Champions,High,11.3185,7.6377
C1685,1846,26642,2279,53,1,0,0,0,71,13,2,15,2,2,2,2,0,3,6,0,0,0,0,0,0,0,6.24,45-54,<30K,Single,Graduate,0,0,1,34,0.3824,0.0588,0.4412,0.0588,0.0588,5,6.8,0.4,0.4,0.0,0.6,Store,0.128,0,61-99 ngày,2,2,1,1.5,5,Hibernating,Low,10.1903,3.5553
C1686,1847,69932,2541,56,1,0,0,0,97,412,172,153,150,105,2,7,6,11,4,0,0,0,0,0,0,0,6.96,55-64,50-70K,Single,Graduate,0,0,1,992,0.4153,0.1734,0.1542,0.1512,0.1058,24,41.33,0.0833,0.2917,0.25,0.4583,Store,1.419,0,61-99 ngày,1,5,4,4.5,10,At Risk,Mid,11.1553,6.9007
C1687,1848,44503,2233,48,1,0,0,0,83,31,1,8,0,0,2,2,0,3,6,0,0,0,0,0,0,0,6.12,45-54,30-50K,Single,Graduate,0,0,1,40,0.775,0.025,0.2,0.0,0.0,5,8.0,0.4,0.4,0.0,0.6,Store,0.09,0,61-99 ngày,1,2,1,1.5,4,Hibernating,Low,10.7033,3.7136
C1688,1849,60200,2702,72,1,0,0,0,3,502,19,132,0,6,6,6,2,11,6,0,0,0,0,0,0,0,7.4,65+,50-70K,Single,Graduate,0,0,1,659,0.7618,0.0288,0.2003,0.0,0.0091,19,34.68,0.3158,0.3158,0.1053,0.5789,Store,1.095,0,0-30 ngày,5,4,4,4.0,13,Champions,Mid,11.0054,6.4922
C1689,1850,49638,2230,68,1,0,0,0,71,18,10,3,3,5,1,1,0,3,2,0,0,0,0,0,0,0,6.11,65+,30-50K,Single,Graduate,0,0,1,39,0.4615,0.2564,0.0769,0.0769,0.1282,4,9.75,0.25,0.25,0.0,0.75,Store,0.079,0,61-99 ngày,2,1,1,1.0,4,Hibernating,Low,10.8125,3.6889
C1690,1851,23830,2301,33,0,0,0,0,3,1,8,6,4,8,1,1,0,3,7,0,0,0,0,0,0,0,6.3,24-34,<30K,Single,Non-graduate,0,0,1,27,0.037,0.2963,0.2222,0.1481,0.2963,4,6.75,0.25,0.25,0.0,0.75,Store,0.113,0,0-30 ngày,5,1,1,1.0,7,New / Promising,Low,10.0787,3.3322
C1691,1852,33051,2841,61,1,0,0,0,15,100,71,243,108,94,3,9,1,8,9,0,0,0,0,0,0,0,7.78,55-64,30-50K,Single,Graduate,0,0,1,616,0.1623,0.1153,0.3945,0.1753,0.1526,18,34.22,0.1667,0.5,0.0556,0.4444,Web,1.864,0,0-30 ngày,5,4,4,4.0,13,Champions,Mid,10.4058,6.4249
C1692,1853,72905,2318,62,1,1,0,0,52,407,114,445,181,165,1,3,7,9,1,1,0,0,0,0,1,0,6.35,55-64,70-90K,Married/Partner,Graduate,0,0,2,1312,0.3102,0.0869,0.3392,0.138,0.1258,19,69.05,0.0526,0.1579,0.3684,0.4737,Store,1.8,1,31-60 ngày,3,4,5,4.5,12,Loyal Customers,High,11.1969,7.1801
C1693,1854,69702,2654,69,1,1,0,1,8,664,9,240,50,19,2,7,7,10,4,0,0,0,0,0,0,0,7.27,65+,50-70K,Married/Partner,Graduate,1,1,3,982,0.6762,0.0092,0.2444,0.0509,0.0193,24,40.92,0.0833,0.2917,0.2917,0.4167,Store,1.409,0,0-30 ngày,5,5,4,4.5,14,Champions,Mid,11.152,6.8906
C1694,1855,70300,2508,45,1,0,0,0,89,1045,61,338,60,46,3,5,5,13,8,0,0,0,0,0,0,0,6.87,45-54,70-90K,Single,Graduate,0,0,1,1550,0.6742,0.0394,0.2181,0.0387,0.0297,23,67.39,0.1304,0.2174,0.2174,0.5652,Store,2.205,0,61-99 ngày,1,5,5,5.0,11,At Risk,High,11.1605,7.3467
C1695,1856,70643,2781,36,1,1,0,0,66,1218,107,304,23,143,1,5,8,4,6,0,0,0,0,0,0,0,7.62,35-44,70-90K,Married/Partner,Graduate,0,0,2,1795,0.6786,0.0596,0.1694,0.0128,0.0797,17,105.59,0.0588,0.2941,0.4706,0.2353,Catalog,2.541,0,61-99 ngày,2,4,5,4.5,11,At Risk,High,11.1654,7.4933
C1696,1857,30396,2219,51,1,1,1,0,22,15,0,6,0,1,2,1,1,2,7,0,0,1,0,0,1,0,6.08,45-54,30-50K,Married/Partner,Graduate,1,1,3,22,0.6818,0.0,0.2727,0.0,0.0455,4,5.5,0.5,0.25,0.25,0.5,Store,0.072,1,0-30 ngày,4,1,1,1.0,6,New / Promising,Low,10.3221,3.1355
C1697,1858,50616,2231,52,1,0,0,0,56,128,0,16,0,1,2,4,0,4,7,0,0,0,0,0,0,0,6.11,45-54,50-70K,Single,Graduate,0,0,1,145,0.8828,0.0,0.1103,0.0,0.0069,8,18.12,0.25,0.5,0.0,0.5,Web,0.286,0,31-60 ngày,3,2,2,2.0,7,Need Attention,Low,10.832,4.9836
C1698,1859,62772,2565,51,1,0,0,0,74,581,49,157,43,8,1,5,6,11,2,0,0,0,1,0,1,0,7.03,45-54,50-70K,Single,Graduate,0,0,1,838,0.6933,0.0585,0.1874,0.0513,0.0095,22,38.09,0.0455,0.2273,0.2727,0.5,Store,1.335,1,61-99 ngày,2,5,4,4.5,11,At Risk,Mid,11.0473,6.7322
C1699,1860,30298,2200,35,1,0,0,0,48,6,3,12,6,1,1,1,1,3,3,0,0,0,0,0,0,0,6.03,35-44,30-50K,Single,Graduate,0,0,1,28,0.2143,0.1071,0.4286,0.2143,0.0357,5,5.6,0.2,0.2,0.2,0.6,Store,0.092,0,31-60 ngày,3,2,1,1.5,6,Need Attention,Low,10.3189,3.3673
C1700,1861,52413,2762,36,1,0,0,0,67,185,8,133,56,56,2,7,1,7,7,0,0,0,0,0,0,0,7.57,35-44,50-70K,Single,Graduate,0,0,1,438,0.4224,0.0183,0.3037,0.1279,0.1279,15,29.2,0.1333,0.4667,0.0667,0.4667,Web,0.836,0,61-99 ngày,2,4,3,3.5,9,At Risk,Mid,10.8669,6.0845
C1701,1862,44155,2320,63,1,1,1,1,24,22,1,9,0,0,1,1,1,2,4,0,0,0,0,0,0,0,6.36,55-64,30-50K,Married/Partner,Graduate,2,1,4,32,0.6875,0.0312,0.2812,0.0,0.0,4,8.0,0.25,0.25,0.25,0.5,Store,0.072,0,0-30 ngày,4,1,1,1.0,6,New / Promising,Low,10.6955,3.4965
C1702,1863,86979,2393,49,1,0,0,0,67,584,100,835,65,83,1,5,5,5,2,0,0,1,0,0,1,0,6.56,45-54,70-90K,Single,Graduate,0,0,1,1667,0.3503,0.06,0.5009,0.039,0.0498,15,111.13,0.0667,0.3333,0.3333,0.3333,Web,1.917,1,61-99 ngày,2,4,5,4.5,11,At Risk,High,11.3734,7.4194
C1703,1864,76532,2452,45,1,1,1,1,38,355,30,177,90,138,4,9,5,7,5,0,0,0,0,0,0,0,6.72,45-54,70-90K,Married/Partner,Graduate,2,1,4,790,0.4494,0.038,0.2241,0.1139,0.1747,21,37.62,0.1905,0.4286,0.2381,0.3333,Web,1.032,0,31-60 ngày,4,5,4,4.5,13,Champions,Mid,11.2455,6.6733
C1704,1865,42081,2647,38,1,1,1,0,86,175,10,110,54,6,2,6,3,4,6,0,0,1,0,0,1,0,7.25,35-44,30-50K,Married/Partner,Graduate,1,1,3,355,0.493,0.0282,0.3099,0.1521,0.0169,13,27.31,0.1538,0.4615,0.2308,0.3077,Web,0.844,1,61-99 ngày,1,3,3,3.0,7,At Risk,Mid,10.6474,5.8749
C1705,1867,88420,2217,31,1,1,0,0,87,957,153,612,99,95,1,4,7,8,1,1,0,1,0,1,3,0,6.07,24-34,70-90K,Married/Partner,Graduate,0,0,2,1916,0.4995,0.0799,0.3194,0.0517,0.0496,19,100.84,0.0526,0.2105,0.3684,0.4211,Store,2.167,1,61-99 ngày,1,4,5,4.5,10,At Risk,High,11.3899,7.5585
C1706,1868,31158,2677,35,1,1,1,0,62,25,6,16,20,0,2,2,0,3,8,0,0,0,0,0,0,0,7.33,35-44,30-50K,Married/Partner,Graduate,1,1,3,67,0.3731,0.0896,0.2388,0.2985,0.0,5,13.4,0.4,0.4,0.0,0.6,Store,0.215,0,61-99 ngày,2,2,2,2.0,6,Hibernating,Low,10.3469,4.2195
C1707,1869,61671,2185,52,1,0,0,0,23,641,7,56,0,0,8,10,4,6,8,1,0,0,1,0,2,0,5.99,45-54,50-70K,Single,Graduate,0,0,1,704,0.9105,0.0099,0.0795,0.0,0.0,20,35.2,0.4,0.5,0.2,0.3,Web,1.142,1,0-30 ngày,4,5,4,4.5,13,Champions,Mid,11.0296,6.5582
C1708,1870,69719,2193,46,1,0,0,0,99,273,86,208,177,14,1,2,3,5,1,0,0,0,0,0,0,0,6.01,45-54,50-70K,Single,Graduate,0,0,1,758,0.3602,0.1135,0.2744,0.2335,0.0185,10,75.8,0.1,0.2,0.3,0.5,Store,1.087,0,61-99 ngày,1,3,4,3.5,8,At Risk,Mid,11.1522,6.632
C1709,1871,49160,2411,71,1,0,0,0,29,122,21,43,25,10,2,3,1,6,6,0,0,0,0,0,0,0,6.61,65+,30-50K,Single,Graduate,0,0,1,221,0.552,0.095,0.1946,0.1131,0.0452,10,22.1,0.2,0.3,0.1,0.6,Store,0.45,0,0-30 ngày,4,3,3,3.0,10,Loyal Customers,Low,10.8029,5.4027
C1710,1873,90933,2249,66,1,0,0,0,90,1020,31,430,62,63,1,4,6,4,1,0,0,0,0,1,1,0,6.16,65+,90K+,Single,Graduate,0,0,1,1606,0.6351,0.0193,0.2677,0.0386,0.0392,14,114.71,0.0714,0.2857,0.4286,0.2857,Catalog,1.766,1,61-99 ngày,1,3,5,4.0,9,At Risk,High,11.4179,7.3821
C1711,1877,22148,2236,37,1,0,0,0,16,15,5,14,0,4,1,1,0,3,7,0,0,0,0,0,0,0,6.13,35-44,<30K,Single,Graduate,0,0,1,38,0.3947,0.1316,0.3684,0.0,0.1053,4,9.5,0.25,0.25,0.0,0.75,Store,0.172,0,0-30 ngày,5,1,1,1.0,7,New / Promising,Low,10.0055,3.6636
C1712,1878,73395,2262,33,1,1,0,0,94,272,7,80,20,7,1,4,4,6,2,0,0,0,0,0,0,0,6.2,24-34,70-90K,Married/Partner,Graduate,0,0,2,386,0.7047,0.0181,0.2073,0.0518,0.0181,14,27.57,0.0714,0.2857,0.2857,0.4286,Store,0.526,0,61-99 ngày,1,3,3,3.0,7,At Risk,Mid,11.2036,5.9584
C1713,1879,29819,2407,49,1,0,0,0,77,9,1,24,2,1,3,3,0,3,6,0,0,0,0,0,0,0,6.59,45-54,<30K,Single,Graduate,0,0,1,37,0.2432,0.027,0.6486,0.0541,0.027,6,6.17,0.5,0.5,0.0,0.5,Web,0.124,0,61-99 ngày,2,2,1,1.5,5,Hibernating,Low,10.3029,3.6376
C1714,1880,45688,2314,52,1,1,0,1,20,279,0,18,0,0,2,3,1,8,4,0,0,0,1,0,1,0,6.34,45-54,30-50K,Married/Partner,Graduate,1,1,3,297,0.9394,0.0,0.0606,0.0,0.0,12,24.75,0.1667,0.25,0.0833,0.6667,Store,0.65,1,0-30 ngày,4,3,3,3.0,10,Loyal Customers,Low,10.7296,5.6971
C1715,1882,60491,2455,49,1,1,0,1,81,637,47,237,12,19,4,6,11,7,5,0,0,0,0,0,0,0,6.73,45-54,50-70K,Married/Partner,Graduate,1,1,3,952,0.6691,0.0494,0.2489,0.0126,0.02,24,39.67,0.1667,0.25,0.4583,0.2917,Catalog,1.574,0,61-99 ngày,1,5,4,4.5,10,At Risk,Mid,11.0103,6.8596
C1716,1883,33235,2303,34,1,1,1,0,71,45,0,16,2,1,1,3,0,3,7,0,0,0,0,0,0,0,6.31,24-34,30-50K,Married/Partner,Graduate,1,1,3,64,0.7031,0.0,0.25,0.0312,0.0156,6,10.67,0.1667,0.5,0.0,0.5,Web,0.193,0,61-99 ngày,2,2,2,2.0,6,Hibernating,Low,10.4114,4.1744
C1717,1884,35701,2626,61,1,1,0,0,36,21,1,9,7,3,1,1,0,3,6,0,0,0,0,0,0,0,7.19,55-64,30-50K,Married/Partner,Graduate,0,0,2,41,0.5122,0.0244,0.2195,0.1707,0.0732,4,10.25,0.25,0.25,0.0,0.75,Store,0.115,0,31-60 ngày,4,1,1,1.0,6,New / Promising,Low,10.483,3.7377
C1718,1885,31535,2435,40,1,1,1,0,95,15,4,13,0,0,1,1,1,2,7,0,0,1,0,0,1,0,6.67,35-44,30-50K,Married/Partner,Graduate,1,1,3,32,0.4688,0.125,0.4062,0.0,0.0,4,8.0,0.25,0.25,0.25,0.5,Store,0.101,1,61-99 ngày,1,1,1,1.0,3,Hibernating,Low,10.3589,3.4965
C1719,1886,92556,2229,60,0,1,0,0,32,493,183,352,184,23,0,3,5,13,0,0,0,0,0,0,0,0,6.11,55-64,90K+,Married/Partner,Non-graduate,0,0,2,1235,0.3992,0.1482,0.285,0.149,0.0186,21,58.81,0.0,0.1429,0.2381,0.619,Store,1.334,0,31-60 ngày,4,5,5,5.0,14,Champions,High,11.4356,7.1196
C1720,1887,67384,2755,50,1,0,0,0,32,957,40,175,158,53,2,7,8,5,5,0,0,0,1,0,1,0,7.55,45-54,50-70K,Single,Graduate,0,0,1,1383,0.692,0.0289,0.1265,0.1142,0.0383,20,69.15,0.1,0.35,0.4,0.25,Catalog,2.052,1,31-60 ngày,4,5,5,5.0,14,Champions,High,11.1182,7.2327
C1721,1889,77870,2835,53,1,1,0,1,93,1017,50,500,65,50,3,5,5,5,8,1,0,0,1,0,2,0,7.77,45-54,70-90K,Married/Partner,Graduate,1,1,3,1682,0.6046,0.0297,0.2973,0.0386,0.0297,15,112.13,0.2,0.3333,0.3333,0.3333,Web,2.16,1,61-99 ngày,1,4,5,4.5,10,At Risk,High,11.2628,7.4283
C1722,1891,57107,2833,52,1,0,0,0,44,159,0,120,0,0,7,4,4,8,8,0,1,0,1,0,2,0,7.76,45-54,50-70K,Single,Graduate,0,0,1,279,0.5699,0.0,0.4301,0.0,0.0,16,17.44,0.4375,0.25,0.25,0.5,Store,0.489,1,31-60 ngày,3,4,3,3.5,10,Loyal Customers,Low,10.9527,5.6348
C1723,1893,36038,2553,39,1,0,0,0,82,23,0,15,0,2,2,3,0,3,6,0,0,0,0,0,0,0,6.99,35-44,30-50K,Single,Graduate,0,0,1,40,0.575,0.0,0.375,0.0,0.05,6,6.67,0.3333,0.5,0.0,0.5,Web,0.111,0,61-99 ngày,1,2,1,1.5,4,Hibernating,Low,10.4924,3.7136
C1724,1895,34230,2709,55,1,1,1,1,72,15,0,4,0,0,1,1,0,2,7,0,0,0,0,0,0,0,7.42,55-64,30-50K,Married/Partner,Graduate,2,1,4,19,0.7895,0.0,0.2105,0.0,0.0,3,6.33,0.3333,0.3333,0.0,0.6667,Store,0.056,0,61-99 ngày,2,1,1,1.0,4,Hibernating,Low,10.4409,2.9957
C1725,1896,31878,2166,43,0,0,0,0,7,23,4,5,10,5,1,1,0,4,3,0,0,0,0,0,0,0,5.93,35-44,30-50K,Single,Non-graduate,0,0,1,47,0.4894,0.0851,0.1064,0.2128,0.1064,5,9.4,0.2,0.2,0.0,0.8,Store,0.147,0,0-30 ngày,5,2,2,2.0,9,New / Promising,Low,10.3697,3.8712
C1726,1897,70932,2320,48,0,1,0,1,57,200,193,100,46,185,2,6,2,12,3,0,0,0,0,0,0,0,6.36,45-54,70-90K,Married/Partner,Non-graduate,1,1,3,724,0.2762,0.2666,0.1381,0.0635,0.2555,20,36.2,0.1,0.3,0.1,0.6,Store,1.021,0,31-60 ngày,3,5,4,4.5,12,Loyal Customers,Mid,11.1695,6.5862
C1727,1898,91249,2776,64,1,0,0,0,84,1324,27,119,71,108,0,7,9,6,4,1,1,0,1,1,4,0,7.61,55-64,90K+,Single,Graduate,0,0,1,1649,0.8029,0.0164,0.0722,0.0431,0.0655,22,74.95,0.0,0.3182,0.4091,0.2727,Catalog,1.807,1,61-99 ngày,1,5,5,5.0,11,At Risk,High,11.4214,7.4085
C1728,1899,77598,2430,77,1,0,0,0,53,1193,33,281,129,66,1,7,5,13,3,0,0,0,0,1,1,0,6.66,65+,70-90K,Single,Graduate,0,0,1,1702,0.7009,0.0194,0.1651,0.0758,0.0388,25,68.08,0.04,0.28,0.2,0.52,Store,2.193,1,31-60 ngày,3,5,5,5.0,13,Loyal Customers,High,11.2593,7.4401
C1729,1900,80982,2696,61,1,0,0,0,48,505,137,401,104,22,3,11,5,11,5,0,0,0,0,0,0,1,7.39,55-64,70-90K,Single,Graduate,0,0,1,1169,0.432,0.1172,0.343,0.089,0.0188,27,43.3,0.1111,0.4074,0.1852,0.4074,Web,1.444,0,31-60 ngày,3,5,5,5.0,13,Loyal Customers,High,11.302,7.0648
C1730,1901,22701,2456,43,1,1,1,0,2,2,4,9,0,4,1,1,0,3,5,0,0,0,0,0,0,0,6.73,35-44,<30K,Married/Partner,Graduate,1,1,3,19,0.1053,0.2105,0.4737,0.0,0.2105,4,4.75,0.25,0.25,0.0,0.75,Store,0.084,0,0-30 ngày,5,1,1,1.0,7,New / Promising,Low,10.0302,2.9957
C1731,1903,70617,2530,50,1,1,0,0,45,353,61,753,40,46,1,3,3,7,2,0,0,0,0,0,0,0,6.93,45-54,70-90K,Married/Partner,Graduate,0,0,2,1253,0.2817,0.0487,0.601,0.0319,0.0367,13,96.38,0.0769,0.2308,0.2308,0.5385,Store,1.774,0,31-60 ngày,3,3,5,4.0,11,Loyal Customers,High,11.165,7.1341
C1732,1904,64849,2752,63,1,0,0,0,42,652,48,350,94,84,1,9,3,6,5,0,0,0,0,0,0,0,7.54,55-64,50-70K,Single,Graduate,0,0,1,1228,0.5309,0.0391,0.285,0.0765,0.0684,18,68.22,0.0556,0.5,0.1667,0.3333,Web,1.894,0,31-60 ngày,3,4,5,4.5,12,Loyal Customers,High,11.0798,7.114
C1733,1905,62694,2536,55,1,1,1,1,29,379,6,157,25,91,5,9,3,7,7,0,0,0,0,0,0,0,6.95,55-64,50-70K,Married/Partner,Graduate,2,1,4,658,0.576,0.0091,0.2386,0.038,0.1383,19,34.63,0.2632,0.4737,0.1579,0.3684,Web,1.05,0,0-30 ngày,4,4,4,4.0,12,Champions,Mid,11.046,6.4907
C1734,1906,61917,2380,46,1,1,1,1,83,46,4,36,2,2,1,2,0,4,5,0,0,0,0,0,0,0,6.52,45-54,50-70K,Married/Partner,Graduate,2,1,4,90,0.5111,0.0444,0.4,0.0222,0.0222,6,15.0,0.1667,0.3333,0.0,0.6667,Store,0.145,0,61-99 ngày,1,2,2,2.0,5,Hibernating,Low,11.0336,4.5109
C1735,1907,67472,2433,73,1,1,0,1,93,162,31,127,8,17,2,4,2,7,3,0,0,0,0,0,0,0,6.67,65+,50-70K,Married/Partner,Graduate,1,1,3,345,0.4696,0.0899,0.3681,0.0232,0.0493,13,26.54,0.1538,0.3077,0.1538,0.5385,Store,0.511,0,61-99 ngày,1,3,3,3.0,7,At Risk,Low,11.1195,5.8464
C1736,1908,21059,2332,38,1,1,1,0,40,8,3,19,3,3,3,3,0,3,6,0,0,0,0,0,0,0,6.39,35-44,<30K,Married/Partner,Graduate,1,1,3,36,0.2222,0.0833,0.5278,0.0833,0.0833,6,6.0,0.5,0.5,0.0,0.5,Web,0.171,0,31-60 ngày,3,2,1,1.5,6,Need Attention,Low,9.9551,3.6109
C1737,1909,29543,2248,52,1,1,2,0,47,17,3,18,3,4,2,3,1,2,7,0,0,0,0,0,0,0,6.16,45-54,<30K,Married/Partner,Graduate,2,1,4,45,0.3778,0.0667,0.4,0.0667,0.0889,6,7.5,0.3333,0.5,0.1667,0.3333,Web,0.152,0,31-60 ngày,3,2,2,2.0,7,Need Attention,Low,10.2936,3.8286
C1738,1910,75903,2606,69,1,1,0,1,50,340,108,185,130,38,2,6,6,9,3,0,0,0,0,0,0,0,7.14,65+,70-90K,Married/Partner,Graduate,1,1,3,801,0.4245,0.1348,0.231,0.1623,0.0474,21,38.14,0.0952,0.2857,0.2857,0.4286,Store,1.055,0,31-60 ngày,3,5,4,4.5,12,Loyal Customers,Mid,11.2372,6.6871
C1739,1911,34984,2820,45,0,1,1,1,40,8,4,15,3,5,2,1,0,3,7,0,0,0,0,0,0,0,7.73,45-54,30-50K,Married/Partner,Non-graduate,2,1,4,35,0.2286,0.1143,0.4286,0.0857,0.1429,4,8.75,0.5,0.25,0.0,0.75,Store,0.1,0,31-60 ngày,3,1,1,1.0,5,Need Attention,Low,10.4627,3.5835
C1740,1912,54998,2635,64,1,0,0,0,3,154,22,202,39,30,5,4,2,9,4,0,0,0,0,0,0,0,7.22,55-64,50-70K,Single,Graduate,0,0,1,447,0.3445,0.0492,0.4519,0.0872,0.0671,15,29.8,0.3333,0.2667,0.1333,0.6,Store,0.813,0,0-30 ngày,5,4,3,3.5,12,Loyal Customers,Mid,10.9151,6.1048
C1741,1913,54356,2746,71,1,0,0,0,62,710,15,30,20,0,3,11,2,8,8,0,0,0,0,0,0,0,7.52,65+,50-70K,Single,Graduate,0,0,1,775,0.9161,0.0194,0.0387,0.0258,0.0,21,36.9,0.1429,0.5238,0.0952,0.381,Web,1.426,0,61-99 ngày,2,5,4,4.5,11,At Risk,Mid,10.9033,6.6542
C1742,1914,34242,2257,61,1,1,0,1,25,8,2,4,0,0,1,0,0,3,5,0,0,0,0,0,0,0,6.18,55-64,30-50K,Married/Partner,Graduate,1,1,3,14,0.5714,0.1429,0.2857,0.0,0.0,3,4.67,0.3333,0.0,0.0,1.0,Store,0.041,0,0-30 ngày,4,1,1,1.0,6,New / Promising,Low,10.4412,2.7081
C1743,1915,25410,2461,47,1,1,1,0,48,2,2,4,13,13,1,1,0,4,4,0,0,0,0,0,0,0,6.74,45-54,<30K,Married/Partner,Graduate,1,1,3,34,0.0588,0.0588,0.1176,0.3824,0.3824,5,6.8,0.2,0.2,0.0,0.8,Store,0.134,0,31-60 ngày,3,2,1,1.5,6,Need Attention,Low,10.1429,3.5553
C1744,1916,73356,2302,36,1,1,0,0,56,1050,14,322,0,14,1,5,11,5,2,1,0,1,0,1,3,0,6.31,35-44,70-90K,Married/Partner,Graduate,0,0,2,1400,0.75,0.01,0.23,0.0,0.01,21,66.67,0.0476,0.2381,0.5238,0.2381,Catalog,1.909,1,31-60 ngày,3,5,5,5.0,13,Loyal Customers,High,11.2031,7.2449
C1745,1917,28320,2690,70,1,1,0,1,68,19,1,14,3,2,1,1,0,3,8,0,0,0,0,0,0,0,7.37,65+,<30K,Married/Partner,Graduate,1,1,3,39,0.4872,0.0256,0.359,0.0769,0.0513,4,9.75,0.25,0.25,0.0,0.75,Store,0.138,0,61-99 ngày,2,1,1,1.0,4,Hibernating,Low,10.2514,3.6889
C1746,1918,23763,2850,43,1,0,0,0,64,22,0,6,6,2,1,1,0,3,7,0,0,0,0,0,0,0,7.81,35-44,<30K,Single,Graduate,0,0,1,36,0.6111,0.0,0.1667,0.1667,0.0556,4,9.0,0.25,0.25,0.0,0.75,Store,0.151,0,61-99 ngày,2,1,1,1.0,4,Hibernating,Low,10.0759,3.6109
C1747,1919,72570,2224,36,1,1,0,0,67,274,83,216,151,141,1,4,6,12,1,0,0,0,0,0,0,0,6.09,35-44,70-90K,Married/Partner,Graduate,0,0,2,865,0.3168,0.096,0.2497,0.1746,0.163,22,39.32,0.0455,0.1818,0.2727,0.5455,Store,1.192,0,61-99 ngày,2,5,4,4.5,11,At Risk,Mid,11.1923,6.7639
C1748,1920,34529,2812,44,1,1,1,0,94,68,6,38,3,6,2,2,2,3,7,0,0,0,0,0,0,0,7.7,35-44,30-50K,Married/Partner,Graduate,1,1,3,121,0.562,0.0496,0.314,0.0248,0.0496,7,17.29,0.2857,0.2857,0.2857,0.4286,Store,0.35,0,61-99 ngày,1,2,2,2.0,5,Hibernating,Low,10.4496,4.804
C1749,1921,70792,2667,69,1,0,0,0,82,344,45,654,104,11,2,3,4,10,3,0,0,0,0,0,0,0,7.31,65+,70-90K,Single,Graduate,0,0,1,1158,0.2971,0.0389,0.5648,0.0898,0.0095,17,68.12,0.1176,0.1765,0.2353,0.5882,Store,1.636,0,61-99 ngày,1,4,5,4.5,10,At Risk,High,11.1675,7.0553
C1750,1922,63211,2763,38,1,1,0,0,3,145,193,459,205,26,2,3,8,7,2,0,0,0,0,0,0,0,7.57,35-44,50-70K,Married/Partner,Graduate,0,0,2,1028,0.1411,0.1877,0.4465,0.1994,0.0253,18,57.11,0.1111,0.1667,0.4444,0.3889,Catalog,1.626,0,0-30 ngày,5,4,4,4.0,13,Champions,Mid,11.0542,6.9363
C1751,1923,83891,2168,46,1,1,0,1,24,217,38,350,111,85,1,4,7,10,1,0,0,0,0,0,0,0,5.94,45-54,70-90K,Married/Partner,Graduate,1,1,3,801,0.2709,0.0474,0.437,0.1386,0.1061,21,38.14,0.0476,0.1905,0.3333,0.4762,Store,0.955,0,0-30 ngày,4,5,4,4.5,13,Champions,Mid,11.3373,6.6871
C1752,1924,36065,2614,52,1,0,0,0,54,18,7,34,10,2,3,3,0,3,8,0,0,0,0,0,0,0,7.16,45-54,30-50K,Single,Graduate,0,0,1,71,0.2535,0.0986,0.4789,0.1408,0.0282,6,11.83,0.5,0.5,0.0,0.5,Web,0.197,0,31-60 ngày,3,2,2,2.0,7,Need Attention,Low,10.4931,4.2767
C1753,1926,51141,2515,80,1,0,0,0,96,144,0,7,0,0,1,3,1,4,5,0,0,0,0,0,0,0,6.89,65+,50-70K,Single,Graduate,0,0,1,151,0.9536,0.0,0.0464,0.0,0.0,8,18.88,0.125,0.375,0.125,0.5,Store,0.295,0,61-99 ngày,1,2,2,2.0,5,Hibernating,Low,10.8424,5.0239
C1754,1927,56939,2443,44,1,1,0,1,19,256,34,103,90,29,2,3,3,10,3,0,0,0,0,0,0,0,6.69,35-44,50-70K,Married/Partner,Graduate,1,1,3,512,0.5,0.0664,0.2012,0.1758,0.0566,16,32.0,0.125,0.1875,0.1875,0.625,Store,0.899,0,0-30 ngày,4,4,3,3.5,11,Loyal Customers,Mid,10.9498,6.2403
C1755,1928,80872,2207,69,1,0,0,0,60,483,72,567,94,12,1,4,4,10,1,0,0,0,0,0,0,0,6.05,65+,70-90K,Single,Graduate,0,0,1,1228,0.3933,0.0586,0.4617,0.0765,0.0098,18,68.22,0.0556,0.2222,0.2222,0.5556,Store,1.518,0,31-60 ngày,2,4,5,4.5,11,At Risk,High,11.3006,7.114
C1756,1929,72335,2844,44,1,1,0,0,2,1285,105,653,28,21,1,10,4,8,8,0,0,0,0,0,0,0,7.79,35-44,70-90K,Married/Partner,Graduate,0,0,2,2092,0.6142,0.0502,0.3121,0.0134,0.01,22,95.09,0.0455,0.4545,0.1818,0.3636,Web,2.892,0,0-30 ngày,5,5,5,5.0,15,Champions,High,11.1891,7.6464
C1757,1930,61798,2377,56,1,0,0,0,13,338,4,89,11,8,1,4,2,9,4,0,0,0,0,0,0,0,6.51,55-64,50-70K,Single,Graduate,0,0,1,450,0.7511,0.0089,0.1978,0.0244,0.0178,15,30.0,0.0667,0.2667,0.1333,0.6,Store,0.728,0,0-30 ngày,5,4,3,3.5,12,Loyal Customers,Mid,11.0316,6.1115
C1758,1931,76842,2216,70,1,0,0,0,37,605,10,345,84,54,1,1,8,7,0,0,0,0,0,0,0,0,6.07,65+,70-90K,Single,Graduate,0,0,1,1098,0.551,0.0091,0.3142,0.0765,0.0492,16,68.62,0.0625,0.0625,0.5,0.4375,Catalog,1.429,0,31-60 ngày,4,4,4,4.0,12,Champions,Mid,11.2495,7.0022
C1759,1932,29478,2322,44,1,1,1,0,59,8,0,7,3,1,1,1,0,3,6,0,0,0,0,0,0,0,6.36,35-44,<30K,Married/Partner,Graduate,1,1,3,19,0.4211,0.0,0.3684,0.1579,0.0526,4,4.75,0.25,0.25,0.0,0.75,Store,0.064,0,31-60 ngày,2,1,1,1.0,4,Hibernating,Low,10.2914,2.9957
C1760,1933,46998,2774,64,1,0,0,0,55,172,41,86,45,6,5,5,3,5,7,0,0,1,0,0,1,0,7.6,55-64,30-50K,Single,Graduate,0,0,1,350,0.4914,0.1171,0.2457,0.1286,0.0171,13,26.92,0.3846,0.3846,0.2308,0.3846,Web,0.745,1,31-60 ngày,3,3,3,3.0,9,Loyal Customers,Mid,10.7579,5.8608
C1761,1934,96843,2591,30,1,0,0,0,60,448,71,951,40,17,1,6,11,10,2,0,0,0,0,1,1,0,7.1,24-34,90K+,Single,Graduate,0,0,1,1527,0.2934,0.0465,0.6228,0.0262,0.0111,27,56.56,0.037,0.2222,0.4074,0.3704,Catalog,1.577,1,31-60 ngày,2,5,5,5.0,12,At Risk,High,11.4809,7.3317
C1762,1936,70053,2520,55,1,1,0,1,38,512,53,98,81,179,3,8,5,10,5,0,0,0,0,0,0,0,6.9,55-64,70-90K,Married/Partner,Graduate,1,1,3,923,0.5547,0.0574,0.1062,0.0878,0.1939,23,40.13,0.1304,0.3478,0.2174,0.4348,Store,1.318,0,31-60 ngày,4,5,4,4.5,13,Champions,Mid,11.157,6.8287
C1763,1937,71670,2514,58,1,0,0,0,8,1462,16,128,0,0,1,5,3,6,6,0,1,0,1,1,3,0,6.89,55-64,70-90K,Single,Graduate,0,0,1,1606,0.9103,0.01,0.0797,0.0,0.0,14,114.71,0.0714,0.3571,0.2143,0.4286,Store,2.241,1,0-30 ngày,5,3,5,4.0,13,Champions,High,11.1798,7.3821
C1764,1938,44359,2171,42,1,1,1,1,19,20,0,14,7,3,3,2,0,4,3,0,0,0,0,0,0,0,5.95,35-44,30-50K,Married/Partner,Graduate,2,1,4,44,0.4545,0.0,0.3182,0.1591,0.0682,6,7.33,0.5,0.3333,0.0,0.6667,Store,0.099,0,0-30 ngày,4,2,2,2.0,8,New / Promising,Low,10.7001,3.8067
C1765,1939,40887,2578,68,1,0,0,0,32,50,4,44,10,10,3,3,1,3,9,0,0,0,0,0,0,0,7.06,65+,30-50K,Single,Graduate,0,0,1,118,0.4237,0.0339,0.3729,0.0847,0.0847,7,16.86,0.4286,0.4286,0.1429,0.4286,Web,0.289,0,31-60 ngày,4,2,2,2.0,8,New / Promising,Low,10.6186,4.7791
C1766,1940,48877,2334,54,1,0,0,0,27,102,1,15,2,0,1,3,0,4,7,0,0,0,0,0,0,0,6.39,45-54,30-50K,Single,Graduate,0,0,1,120,0.85,0.0083,0.125,0.0167,0.0,7,17.14,0.1429,0.4286,0.0,0.5714,Store,0.246,0,0-30 ngày,4,2,2,2.0,8,New / Promising,Low,10.7971,4.7958
C1767,1941,74485,2468,73,1,1,0,0,58,499,149,815,173,49,1,6,7,12,3,0,0,0,0,0,0,0,6.76,65+,70-90K,Married/Partner,Graduate,0,0,2,1685,0.2961,0.0884,0.4837,0.1027,0.0291,25,67.4,0.04,0.24,0.28,0.48,Store,2.262,0,31-60 ngày,3,5,5,5.0,13,Loyal Customers,High,11.2184,7.4301
C1768,1942,64474,2409,48,1,1,0,1,59,381,35,172,56,86,2,8,2,10,5,0,0,0,0,0,0,0,6.6,45-54,50-70K,Married/Partner,Graduate,1,1,3,730,0.5219,0.0479,0.2356,0.0767,0.1178,20,36.5,0.1,0.4,0.1,0.5,Store,1.132,0,31-60 ngày,2,5,4,4.5,11,At Risk,Mid,11.074,6.5944
C1769,1943,77226,2280,57,1,1,0,1,29,631,43,239,128,76,2,6,8,12,3,0,0,0,0,0,0,0,6.25,55-64,70-90K,Married/Partner,Graduate,1,1,3,1117,0.5649,0.0385,0.214,0.1146,0.068,26,42.96,0.0769,0.2308,0.3077,0.4615,Store,1.446,0,0-30 ngày,4,5,5,5.0,14,Champions,High,11.2545,7.0193
C1770,1944,72643,2646,71,1,0,0,0,60,526,80,553,123,94,1,3,10,7,2,1,0,0,0,0,1,0,7.25,65+,70-90K,Single,Graduate,0,0,1,1376,0.3823,0.0581,0.4019,0.0894,0.0683,20,68.8,0.05,0.15,0.5,0.35,Catalog,1.894,1,31-60 ngày,2,5,5,5.0,12,At Risk,High,11.1933,7.2277
C1771,1945,85738,2316,42,1,1,0,0,41,913,26,376,17,26,1,3,6,11,1,0,0,0,1,1,2,0,6.35,35-44,70-90K,Married/Partner,Graduate,0,0,2,1358,0.6723,0.0191,0.2769,0.0125,0.0191,20,67.9,0.05,0.15,0.3,0.55,Store,1.584,1,31-60 ngày,3,5,5,5.0,13,Loyal Customers,High,11.3591,7.2145
C1772,1946,55686,2659,54,1,0,0,0,27,673,0,199,37,47,2,6,3,5,4,0,0,1,0,0,1,0,7.28,45-54,50-70K,Single,Graduate,0,0,1,956,0.704,0.0,0.2082,0.0387,0.0492,14,68.29,0.1429,0.4286,0.2143,0.3571,Web,1.717,1,0-30 ngày,4,3,4,3.5,11,Loyal Customers,Mid,10.9275,6.8638
C1773,1947,39062,2255,37,1,0,0,0,28,23,0,9,0,0,1,1,0,3,4,0,0,1,0,0,1,0,6.18,35-44,30-50K,Single,Graduate,0,0,1,32,0.7188,0.0,0.2812,0.0,0.0,4,8.0,0.25,0.25,0.0,0.75,Store,0.082,1,0-30 ngày,4,1,1,1.0,6,New / Promising,Low,10.5729,3.4965
C1774,1949,40794,2607,45,1,1,0,1,18,261,23,73,4,23,2,6,3,5,7,0,0,0,0,0,0,0,7.14,45-54,30-50K,Married/Partner,Graduate,1,1,3,384,0.6797,0.0599,0.1901,0.0104,0.0599,14,27.43,0.1429,0.4286,0.2143,0.3571,Web,0.941,0,0-30 ngày,5,3,3,3.0,11,Loyal Customers,Mid,10.6163,5.9532
C1775,1952,32632,2855,57,0,1,0,0,32,63,151,137,153,19,2,4,4,8,5,0,0,0,0,0,0,0,7.82,55-64,30-50K,Married/Partner,Non-graduate,0,0,2,523,0.1205,0.2887,0.262,0.2925,0.0363,16,32.69,0.125,0.25,0.25,0.5,Store,1.603,0,31-60 ngày,4,4,3,3.5,11,Loyal Customers,Mid,10.3931,6.2615
C1776,1953,38236,2441,52,1,0,0,0,2,58,0,18,2,0,4,3,0,4,7,0,0,0,0,0,0,0,6.69,45-54,30-50K,Single,Graduate,0,0,1,78,0.7436,0.0,0.2308,0.0256,0.0,7,11.14,0.5714,0.4286,0.0,0.5714,Store,0.204,0,0-30 ngày,5,2,2,2.0,9,New / Promising,Low,10.5516,4.3694
C1777,1954,36781,2239,41,1,1,1,0,16,29,1,17,0,3,1,2,1,2,8,0,0,0,0,0,0,0,6.13,35-44,30-50K,Married/Partner,Graduate,1,1,3,50,0.58,0.02,0.34,0.0,0.06,5,10.0,0.2,0.4,0.2,0.4,Web,0.136,0,0-30 ngày,5,2,2,2.0,9,New / Promising,Low,10.5128,3.9318
C1778,1955,31385,2730,36,1,0,0,0,56,3,2,12,0,1,1,1,0,2,8,0,0,1,0,0,1,0,7.48,35-44,30-50K,Single,Graduate,0,0,1,18,0.1667,0.1111,0.6667,0.0,0.0556,3,6.0,0.3333,0.3333,0.0,0.6667,Store,0.057,1,31-60 ngày,3,1,1,1.0,5,Need Attention,Low,10.3541,2.9444
C1779,1956,24570,2646,36,1,1,1,0,97,28,34,62,11,14,3,4,0,4,9,0,0,0,0,0,0,0,7.25,35-44,<30K,Married/Partner,Graduate,1,1,3,149,0.1879,0.2282,0.4161,0.0738,0.094,8,18.62,0.375,0.5,0.0,0.5,Web,0.606,0,61-99 ngày,1,2,2,2.0,5,Hibernating,Low,10.1093,5.0106
C1780,1958,94642,2296,69,1,1,0,0,35,879,143,797,106,143,0,5,7,9,1,1,0,0,0,1,2,0,6.29,65+,90K+,Married/Partner,Graduate,0,0,2,2068,0.425,0.0691,0.3854,0.0513,0.0691,21,98.48,0.0,0.2381,0.3333,0.4286,Store,2.185,1,31-60 ngày,4,5,5,5.0,14,Champions,High,11.4579,7.6348
C1781,1959,58646,2543,58,1,1,0,1,3,62,1,44,6,5,1,2,1,4,4,0,0,0,0,0,0,0,6.97,55-64,50-70K,Married/Partner,Graduate,1,1,3,118,0.5254,0.0085,0.3729,0.0508,0.0424,7,16.86,0.1429,0.2857,0.1429,0.5714,Store,0.201,0,0-30 ngày,5,2,2,2.0,9,New / Promising,Low,10.9793,4.7791
C1782,1960,53201,2661,45,1,0,0,0,49,280,7,81,20,0,8,6,3,5,7,0,0,0,0,0,0,0,7.29,45-54,50-70K,Single,Graduate,0,0,1,388,0.7216,0.018,0.2088,0.0515,0.0,14,27.71,0.5714,0.4286,0.2143,0.3571,Web,0.729,0,31-60 ngày,3,3,3,3.0,9,Loyal Customers,Mid,10.8819,5.9636
C1783,1962,57113,2667,42,1,1,1,1,45,182,4,33,0,2,6,4,1,5,7,0,0,0,0,0,0,0,7.31,35-44,50-70K,Married/Partner,Graduate,2,1,4,221,0.8235,0.0181,0.1493,0.0,0.009,10,22.1,0.6,0.4,0.1,0.5,Store,0.387,0,31-60 ngày,3,3,3,3.0,9,Loyal Customers,Low,10.9528,5.4027
C1784,1963,51373,2531,29,1,1,0,0,37,83,2,101,64,26,1,3,5,3,4,0,0,0,0,0,0,0,6.93,24-34,50-70K,Married/Partner,Graduate,0,0,2,276,0.3007,0.0072,0.3659,0.2319,0.0942,11,25.09,0.0909,0.2727,0.4545,0.2727,Catalog,0.537,0,31-60 ngày,4,3,3,3.0,10,Loyal Customers,Low,10.8469,5.624
C1785,1964,23477,2410,34,1,1,1,0,39,38,15,54,3,8,3,3,0,4,8,0,0,0,0,0,0,0,6.6,24-34,<30K,Married/Partner,Graduate,1,1,3,118,0.322,0.1271,0.4576,0.0254,0.0678,7,16.86,0.4286,0.4286,0.0,0.5714,Store,0.503,0,31-60 ngày,3,2,2,2.0,7,Need Attention,Low,10.0638,4.7791
C1786,1965,58116,2236,64,1,1,0,1,38,228,19,130,4,11,2,3,3,8,2,0,0,0,0,0,0,0,6.13,55-64,50-70K,Married/Partner,Graduate,1,1,3,392,0.5816,0.0485,0.3316,0.0102,0.0281,14,28.0,0.1429,0.2143,0.2143,0.5714,Store,0.675,0,31-60 ngày,4,3,3,3.0,10,Loyal Customers,Mid,10.9702,5.9738
C1787,1966,72968,2354,57,1,0,0,0,8,1092,37,592,145,37,1,5,5,8,3,1,0,0,0,0,1,0,6.45,55-64,70-90K,Single,Graduate,0,0,1,1903,0.5738,0.0194,0.3111,0.0762,0.0194,18,105.72,0.0556,0.2778,0.2778,0.4444,Store,2.608,1,0-30 ngày,5,4,5,4.5,14,Champions,High,11.1978,7.5517
C1788,1967,39791,2617,49,1,1,0,1,89,85,15,27,13,13,2,3,1,4,7,0,0,0,0,0,0,0,7.17,45-54,30-50K,Married/Partner,Graduate,1,1,3,153,0.5556,0.098,0.1765,0.085,0.085,8,19.12,0.25,0.375,0.125,0.5,Store,0.385,0,61-99 ngày,1,2,2,2.0,5,Hibernating,Low,10.5914,5.037
C1789,1968,91712,2414,73,1,0,0,0,47,1276,24,746,94,29,0,9,7,11,3,0,0,0,0,1,1,0,6.61,65+,90K+,Single,Graduate,0,0,1,2169,0.5883,0.0111,0.3439,0.0433,0.0134,27,80.33,0.0,0.3333,0.2593,0.4074,Store,2.365,1,31-60 ngày,3,5,5,5.0,13,Loyal Customers,High,11.4264,7.6825
C1790,1969,94472,2246,62,1,0,0,0,75,1017,33,417,108,100,1,5,5,5,5,0,0,0,1,1,2,0,6.15,55-64,90K+,Single,Graduate,0,0,1,1675,0.6072,0.0197,0.249,0.0645,0.0597,15,111.67,0.0667,0.3333,0.3333,0.3333,Web,1.773,1,61-99 ngày,2,4,5,4.5,11,At Risk,High,11.4561,7.4242
C1791,1970,13672,2597,60,1,1,1,1,86,6,2,9,2,1,2,1,0,3,8,0,0,0,0,0,0,0,7.12,55-64,<30K,Married/Partner,Graduate,2,1,4,20,0.3,0.1,0.45,0.1,0.05,4,5.0,0.5,0.25,0.0,0.75,Store,0.146,0,61-99 ngày,1,1,1,1.0,3,Hibernating,Low,9.5232,3.0445
C1792,1971,96547,2196,40,0,1,0,0,4,448,21,125,52,101,0,7,6,8,2,1,0,1,0,1,3,0,6.02,35-44,90K+,Married/Partner,Non-graduate,0,0,2,747,0.5997,0.0281,0.1673,0.0696,0.1352,21,35.57,0.0,0.3333,0.2857,0.381,Store,0.774,1,0-30 ngày,5,5,4,4.5,14,Champions,Mid,11.4778,6.6174
C1793,1972,79205,2828,45,1,1,0,0,73,504,23,117,179,28,1,6,5,4,4,1,0,0,0,0,1,0,7.75,45-54,70-90K,Married/Partner,Graduate,0,0,2,851,0.5922,0.027,0.1375,0.2103,0.0329,15,56.73,0.0667,0.4,0.3333,0.2667,Web,1.074,1,61-99 ngày,2,4,4,4.0,10,At Risk,Mid,11.2798,6.7476
C1794,1973,56559,2710,45,1,1,0,1,46,226,22,133,41,31,3,4,3,8,4,0,0,0,0,0,0,0,7.42,45-54,50-70K,Married/Partner,Graduate,1,1,3,453,0.4989,0.0486,0.2936,0.0905,0.0684,15,30.2,0.2,0.2667,0.2,0.5333,Store,0.801,0,31-60 ngày,3,4,3,3.5,10,Loyal Customers,Mid,10.9431,6.1181
C1795,1974,32644,2688,47,1,1,1,0,38,239,3,141,0,7,4,7,1,6,8,0,0,1,0,0,1,0,7.36,45-54,30-50K,Married/Partner,Graduate,1,1,3,390,0.6128,0.0077,0.3615,0.0,0.0179,14,27.86,0.2857,0.5,0.0714,0.4286,Web,1.195,1,31-60 ngày,4,3,3,3.0,10,Loyal Customers,Mid,10.3934,5.9687
C1796,1975,67506,2337,40,0,0,0,0,73,90,38,67,33,36,1,4,1,6,3,0,0,0,0,0,0,0,6.4,35-44,50-70K,Single,Non-graduate,0,0,1,264,0.3409,0.1439,0.2538,0.125,0.1364,11,24.0,0.0909,0.3636,0.0909,0.5455,Store,0.391,0,61-99 ngày,2,3,3,3.0,8,At Risk,Low,11.12,5.5797
C1797,1976,24206,2637,50,1,0,0,0,66,7,2,8,3,2,1,1,0,3,6,0,0,0,0,0,0,0,7.22,45-54,<30K,Single,Graduate,0,0,1,22,0.3182,0.0909,0.3636,0.1364,0.0909,4,5.5,0.25,0.25,0.0,0.75,Store,0.091,0,61-99 ngày,2,1,1,1.0,4,Hibernating,Low,10.0944,3.1355
C1798,1977,28420,2346,53,1,0,0,0,36,4,2,5,2,0,1,1,0,2,6,0,0,0,0,0,0,0,6.43,45-54,<30K,Single,Graduate,0,0,1,13,0.3077,0.1538,0.3846,0.1538,0.0,3,4.33,0.3333,0.3333,0.0,0.6667,Store,0.046,0,31-60 ngày,4,1,1,1.0,6,New / Promising,Low,10.2549,2.6391
C1799,1978,22979,2820,50,1,1,1,0,29,16,17,19,20,21,3,3,2,2,8,0,0,0,0,0,0,0,7.73,45-54,<30K,Married/Partner,Graduate,1,1,3,93,0.172,0.1828,0.2043,0.2151,0.2258,7,13.29,0.4286,0.4286,0.2857,0.2857,Web,0.405,0,0-30 ngày,4,2,2,2.0,8,New / Promising,Low,10.0424,4.5433
C1800,1979,33279,2176,54,1,0,0,0,29,10,3,3,0,0,1,0,0,3,3,0,0,0,0,0,0,0,5.96,45-54,30-50K,Single,Graduate,0,0,1,16,0.625,0.1875,0.1875,0.0,0.0,3,5.33,0.3333,0.0,0.0,1.0,Store,0.048,0,0-30 ngày,4,1,1,1.0,6,New / Promising,Low,10.4127,2.8332
C1801,1981,30368,2393,43,1,1,0,1,97,35,0,13,2,0,2,2,0,3,8,0,0,0,0,0,0,0,6.56,35-44,30-50K,Married/Partner,Graduate,1,1,3,50,0.7,0.0,0.26,0.04,0.0,5,10.0,0.4,0.4,0.0,0.6,Store,0.165,0,61-99 ngày,1,2,2,2.0,5,Hibernating,Low,10.3212,3.9318
C1802,1982,63684,2739,50,1,1,0,1,61,575,80,428,208,93,3,8,4,8,5,0,0,0,0,0,0,0,7.5,45-54,50-70K,Married/Partner,Graduate,1,1,3,1384,0.4155,0.0578,0.3092,0.1503,0.0672,20,69.2,0.15,0.4,0.2,0.4,Web,2.173,0,61-99 ngày,2,5,5,5.0,12,At Risk,High,11.0617,7.2335
C1803,1983,41638,2660,56,1,0,0,0,68,315,0,31,4,0,4,5,5,3,8,0,0,1,0,0,1,0,7.29,55-64,30-50K,Single,Graduate,0,0,1,350,0.9,0.0,0.0886,0.0114,0.0,13,26.92,0.3077,0.3846,0.3846,0.2308,Web,0.841,1,61-99 ngày,2,3,3,3.0,8,At Risk,Mid,10.6368,5.8608
C1804,1984,68805,2444,61,1,0,0,0,73,182,2,49,17,13,1,3,1,7,2,0,0,0,0,0,0,0,6.7,55-64,50-70K,Single,Graduate,0,0,1,263,0.692,0.0076,0.1863,0.0646,0.0494,11,23.91,0.0909,0.2727,0.0909,0.6364,Store,0.382,0,61-99 ngày,2,3,3,3.0,8,At Risk,Low,11.139,5.5759
C1805,1985,65814,2278,54,1,1,0,1,90,561,14,113,10,14,3,8,2,10,5,0,0,0,0,0,0,0,6.24,45-54,50-70K,Married/Partner,Graduate,1,1,3,712,0.7879,0.0197,0.1587,0.014,0.0197,20,35.6,0.15,0.4,0.1,0.5,Store,1.082,0,61-99 ngày,1,5,4,4.5,10,At Risk,Mid,11.0946,6.5695
C1806,1986,71964,2564,62,1,0,0,0,81,587,51,932,180,34,1,5,6,5,3,0,0,0,0,0,0,0,7.02,55-64,70-90K,Single,Graduate,0,0,1,1784,0.329,0.0286,0.5224,0.1009,0.0191,16,111.5,0.0625,0.3125,0.375,0.3125,Catalog,2.479,0,61-99 ngày,1,4,5,4.5,10,At Risk,High,11.1839,7.4872
C1807,1987,39146,2659,34,1,0,0,0,1,94,1,33,13,12,3,4,0,4,8,0,0,0,0,0,0,0,7.28,24-34,30-50K,Single,Graduate,0,0,1,153,0.6144,0.0065,0.2157,0.085,0.0784,8,19.12,0.375,0.5,0.0,0.5,Web,0.391,0,0-30 ngày,5,2,2,2.0,9,New / Promising,Low,10.5751,5.037
C1808,1988,96876,2486,43,1,1,0,0,79,908,43,735,40,194,1,7,7,9,2,1,0,0,1,1,3,0,6.81,35-44,90K+,Married/Partner,Graduate,0,0,2,1920,0.4729,0.0224,0.3828,0.0208,0.101,23,83.48,0.0435,0.3043,0.3043,0.3913,Store,1.982,1,61-99 ngày,1,5,5,5.0,11,At Risk,High,11.4812,7.5606
C1809,1989,34445,2677,39,0,1,0,0,92,228,122,122,208,129,6,11,2,8,9,0,0,0,0,0,0,0,7.33,35-44,30-50K,Married/Partner,Non-graduate,0,0,2,809,0.2818,0.1508,0.1508,0.2571,0.1595,21,38.52,0.2857,0.5238,0.0952,0.381,Web,2.349,0,61-99 ngày,1,5,4,4.5,10,At Risk,Mid,10.4471,6.697
C1810,1990,68281,2850,62,1,0,0,0,31,995,112,417,42,48,1,2,9,13,5,0,0,0,0,0,0,0,7.81,55-64,50-70K,Single,Graduate,0,0,1,1614,0.6165,0.0694,0.2584,0.026,0.0297,24,67.25,0.0417,0.0833,0.375,0.5417,Store,2.364,0,31-60 ngày,4,5,5,5.0,14,Champions,High,11.1314,7.3871
C1811,1992,36790,2644,37,1,1,0,0,14,3,3,14,15,21,1,2,1,2,9,0,0,0,0,0,0,0,7.24,35-44,30-50K,Married/Partner,Graduate,0,0,2,56,0.0536,0.0536,0.25,0.2679,0.375,5,11.2,0.2,0.4,0.2,0.4,Web,0.152,0,0-30 ngày,5,2,2,2.0,9,New / Promising,Low,10.513,4.0431
C1812,1993,27943,2599,53,1,1,1,1,89,12,1,16,4,1,3,2,0,3,8,0,0,0,0,0,0,0,7.12,45-54,<30K,Married/Partner,Graduate,2,1,4,34,0.3529,0.0294,0.4706,0.1176,0.0294,5,6.8,0.6,0.4,0.0,0.6,Store,0.122,0,61-99 ngày,1,2,1,1.5,4,Hibernating,Low,10.238,3.5553
C1813,1994,22263,2250,69,1,0,0,0,31,17,0,2,0,0,2,1,0,3,6,0,0,0,0,0,0,1,6.16,65+,<30K,Single,Graduate,0,0,1,19,0.8947,0.0,0.1053,0.0,0.0,4,4.75,0.5,0.25,0.0,0.75,Store,0.085,0,31-60 ngày,4,1,1,1.0,6,New / Promising,Low,10.0107,2.9957
C1814,1995,30261,2801,48,1,1,1,2,75,8,0,5,0,3,1,0,0,3,8,0,0,0,0,0,0,0,7.67,45-54,30-50K,Married/Partner,Graduate,3,1,5,16,0.5,0.0,0.3125,0.0,0.1875,3,5.33,0.3333,0.0,0.0,1.0,Store,0.053,0,61-99 ngày,2,1,1,1.0,4,Hibernating,Low,10.3176,2.8332
C1815,1996,28587,2296,42,1,1,1,0,42,22,4,17,12,10,3,2,0,4,6,0,0,0,0,0,0,0,6.29,35-44,<30K,Married/Partner,Graduate,1,1,3,65,0.3385,0.0615,0.2615,0.1846,0.1538,6,10.83,0.5,0.3333,0.0,0.6667,Store,0.227,0,31-60 ngày,3,2,2,2.0,7,Need Attention,Low,10.2607,4.1897
C1816,1997,43815,2609,38,1,1,1,0,53,14,10,29,4,7,1,2,0,3,6,0,0,0,0,0,0,0,7.15,35-44,30-50K,Married/Partner,Graduate,1,1,3,64,0.2188,0.1562,0.4531,0.0625,0.1094,5,12.8,0.2,0.4,0.0,0.6,Store,0.146,0,31-60 ngày,3,2,2,2.0,7,Need Attention,Low,10.6878,4.1744
C1817,1998,48195,2318,64,1,1,1,1,53,106,27,68,52,7,6,4,2,5,6,0,0,0,0,0,0,0,6.35,55-64,30-50K,Married/Partner,Graduate,2,1,4,260,0.4077,0.1038,0.2615,0.2,0.0269,11,23.64,0.5455,0.3636,0.1818,0.4545,Store,0.539,0,31-60 ngày,3,3,3,3.0,9,Loyal Customers,Low,10.783,5.5645
C1818,1999,77027,2303,68,1,1,0,1,23,820,57,242,45,0,2,8,3,6,4,0,0,0,0,0,0,0,6.31,65+,70-90K,Married/Partner,Graduate,1,1,3,1164,0.7045,0.049,0.2079,0.0387,0.0,17,68.47,0.1176,0.4706,0.1765,0.3529,Web,1.511,0,0-30 ngày,4,4,5,4.5,13,Champions,High,11.2519,7.0605
C1819,2000,71322,2657,55,1,1,0,1,57,753,43,226,69,10,2,8,5,13,4,0,0,0,0,0,0,0,7.28,55-64,70-90K,Married/Partner,Graduate,1,1,3,1101,0.6839,0.0391,0.2053,0.0627,0.0091,26,42.35,0.0769,0.3077,0.1923,0.5,Store,1.544,0,31-60 ngày,3,5,5,5.0,13,Loyal Customers,High,11.175,7.0049
C1820,2001,32765,2285,41,1,1,1,0,49,13,3,17,7,3,2,2,0,4,5,0,0,0,0,0,0,0,6.26,35-44,30-50K,Married/Partner,Graduate,1,1,3,43,0.3023,0.0698,0.3953,0.1628,0.0698,6,7.17,0.3333,0.3333,0.0,0.6667,Store,0.131,0,31-60 ngày,3,2,1,1.5,6,Need Attention,Low,10.3971,3.7842
C1821,2003,23272,2414,67,1,0,0,0,29,19,3,6,4,2,1,1,0,3,4,0,0,0,0,0,0,0,6.61,65+,<30K,Single,Graduate,0,0,1,34,0.5588,0.0882,0.1765,0.1176,0.0588,4,8.5,0.25,0.25,0.0,0.75,Store,0.146,0,0-30 ngày,4,1,1,1.0,6,New / Promising,Low,10.055,3.5553
C1822,2004,49912,2819,71,1,1,0,1,5,520,8,223,32,49,4,10,5,7,8,0,0,1,0,0,1,0,7.72,65+,30-50K,Married/Partner,Graduate,1,1,3,832,0.625,0.0096,0.268,0.0385,0.0589,22,37.82,0.1818,0.4545,0.2273,0.3182,Web,1.667,1,0-30 ngày,5,5,4,4.5,14,Champions,Mid,10.818,6.725
C1823,2005,7500,2856,35,0,1,1,0,98,5,17,17,13,14,4,2,1,3,9,0,0,0,0,0,0,0,7.82,35-44,<30K,Married/Partner,Non-graduate,1,1,3,66,0.0758,0.2576,0.2576,0.197,0.2121,6,11.0,0.6667,0.3333,0.1667,0.5,Store,0.88,0,61-99 ngày,1,2,2,2.0,5,Hibernating,Low,8.9228,4.2047
C1824,2006,68117,2635,73,1,0,0,0,80,618,44,215,0,17,2,11,8,4,6,0,0,1,0,0,1,0,7.22,65+,50-70K,Single,Graduate,0,0,1,894,0.6913,0.0492,0.2405,0.0,0.019,23,38.87,0.087,0.4783,0.3478,0.1739,Web,1.312,1,61-99 ngày,1,5,4,4.5,10,At Risk,Mid,11.129,6.7968
C1825,2007,67225,2374,65,1,1,0,1,4,315,35,322,46,7,3,7,2,11,5,0,0,0,0,0,0,0,6.5,65+,50-70K,Married/Partner,Graduate,1,1,3,725,0.4345,0.0483,0.4441,0.0634,0.0097,20,36.25,0.15,0.35,0.1,0.55,Store,1.078,0,0-30 ngày,5,5,4,4.5,14,Champions,Mid,11.1158,6.5876
C1826,2008,17649,2388,44,1,1,1,0,70,15,1,23,0,5,3,3,0,3,8,0,0,0,0,0,0,0,6.54,35-44,<30K,Married/Partner,Graduate,1,1,3,44,0.3409,0.0227,0.5227,0.0,0.1136,6,7.33,0.5,0.5,0.0,0.5,Web,0.249,0,61-99 ngày,2,2,2,2.0,6,Hibernating,Low,9.7785,3.8067
C1827,2009,55914,2585,45,1,1,0,1,32,384,60,364,119,101,4,11,6,8,7,0,0,0,0,0,0,0,7.08,45-54,50-70K,Married/Partner,Graduate,1,1,3,1028,0.3735,0.0584,0.3541,0.1158,0.0982,25,41.12,0.16,0.44,0.24,0.32,Web,1.839,0,31-60 ngày,4,5,4,4.5,13,Champions,Mid,10.9316,6.9363
C1828,2010,40059,2433,36,1,1,1,0,82,110,29,92,28,10,1,6,2,3,8,0,0,1,0,0,1,0,6.67,35-44,30-50K,Married/Partner,Graduate,1,1,3,269,0.4089,0.1078,0.342,0.1041,0.0372,11,24.45,0.0909,0.5455,0.1818,0.2727,Web,0.672,1,61-99 ngày,1,3,3,3.0,7,At Risk,Low,10.5981,5.5984
C1829,2011,60905,2365,70,1,1,0,1,27,208,17,76,36,17,2,3,3,7,2,0,0,0,0,0,0,0,6.48,65+,50-70K,Married/Partner,Graduate,1,1,3,354,0.5876,0.048,0.2147,0.1017,0.048,13,27.23,0.1538,0.2308,0.2308,0.5385,Store,0.581,0,0-30 ngày,4,3,3,3.0,10,Loyal Customers,Mid,11.0171,5.8721
C1830,2012,75330,2792,43,1,1,1,1,94,555,82,257,93,61,4,10,3,12,6,0,0,0,0,0,0,0,7.65,35-44,70-90K,Married/Partner,Graduate,2,1,4,1048,0.5296,0.0782,0.2452,0.0887,0.0582,25,41.92,0.16,0.4,0.12,0.48,Store,1.391,0,61-99 ngày,1,5,4,4.5,10,At Risk,Mid,11.2296,6.9556
C1831,2013,60689,2552,69,1,0,0,0,23,240,90,216,63,6,4,4,4,10,3,0,0,0,0,0,0,0,6.99,65+,50-70K,Single,Graduate,0,0,1,615,0.3902,0.1463,0.3512,0.1024,0.0098,18,34.17,0.2222,0.2222,0.2222,0.5556,Store,1.013,0,0-30 ngày,4,4,4,4.0,12,Champions,Mid,11.0135,6.4232
C1832,2014,38680,2617,36,1,1,1,0,97,11,0,36,15,5,1,2,0,3,7,0,0,0,0,0,0,0,7.17,35-44,30-50K,Married/Partner,Graduate,1,1,3,67,0.1642,0.0,0.5373,0.2239,0.0746,5,13.4,0.2,0.4,0.0,0.6,Store,0.173,0,61-99 ngày,1,2,2,2.0,5,Hibernating,Low,10.5631,4.2195
C1833,2015,61416,2665,38,1,1,0,0,25,848,154,323,201,61,1,10,3,10,6,0,0,1,0,0,1,0,7.3,35-44,50-70K,Married/Partner,Graduate,0,0,2,1587,0.5343,0.097,0.2035,0.1267,0.0384,23,69.0,0.0435,0.4348,0.1304,0.4348,Web,2.584,1,0-30 ngày,4,5,5,5.0,14,Champions,High,11.0254,7.3702
C1834,2016,49767,2582,29,1,0,0,0,92,202,47,197,55,42,1,5,4,8,4,0,0,0,0,0,0,0,7.07,24-34,30-50K,Single,Graduate,0,0,1,543,0.372,0.0866,0.3628,0.1013,0.0773,17,31.94,0.0588,0.2941,0.2353,0.4706,Store,1.091,0,61-99 ngày,1,4,3,3.5,8,At Risk,Mid,10.8151,6.2989
C1835,2017,83273,2801,50,1,0,0,0,98,433,89,650,16,102,10,4,6,9,7,0,0,0,0,0,0,0,7.67,45-54,70-90K,Single,Graduate,0,0,1,1290,0.3357,0.069,0.5039,0.0124,0.0791,19,67.89,0.5263,0.2105,0.3158,0.4737,Store,1.549,0,61-99 ngày,1,4,5,4.5,10,At Risk,High,11.3299,7.1632
C1836,2018,29009,2371,39,1,1,1,0,19,6,6,15,10,5,2,2,0,3,6,0,0,0,0,0,0,0,6.5,35-44,<30K,Married/Partner,Graduate,1,1,3,42,0.1429,0.1429,0.3571,0.2381,0.119,5,8.4,0.4,0.4,0.0,0.6,Store,0.145,0,0-30 ngày,4,2,1,1.5,7,New / Promising,Low,10.2754,3.7612
C1837,2019,45057,2369,41,1,1,1,0,80,37,0,7,3,0,1,2,0,3,5,0,0,0,0,0,0,0,6.49,35-44,30-50K,Married/Partner,Graduate,1,1,3,47,0.7872,0.0,0.1489,0.0638,0.0,5,9.4,0.2,0.4,0.0,0.6,Store,0.104,0,61-99 ngày,1,2,2,2.0,5,Hibernating,Low,10.7157,3.8712
C1838,2020,37150,2815,49,1,1,1,0,80,167,37,64,49,34,8,4,3,6,7,0,0,0,0,0,0,0,7.71,45-54,30-50K,Married/Partner,Graduate,1,1,3,351,0.4758,0.1054,0.1823,0.1396,0.0969,13,27.0,0.6154,0.3077,0.2308,0.4615,Store,0.945,0,61-99 ngày,1,3,3,3.0,7,At Risk,Mid,10.5227,5.8636
C1839,2021,43020,2370,50,1,0,0,0,79,45,7,99,4,25,3,4,1,4,6,0,0,0,0,0,0,0,6.49,45-54,30-50K,Single,Graduate,0,0,1,180,0.25,0.0389,0.55,0.0222,0.1389,9,20.0,0.3333,0.4444,0.1111,0.4444,Web,0.418,0,61-99 ngày,1,3,2,2.5,6,Hibernating,Low,10.6694,5.1985
C1840,2022,53154,2179,61,1,1,0,1,50,129,0,21,0,1,1,3,1,4,4,0,0,0,0,0,0,0,5.97,55-64,50-70K,Married/Partner,Graduate,1,1,3,151,0.8543,0.0,0.1391,0.0,0.0066,8,18.88,0.125,0.375,0.125,0.5,Store,0.284,0,31-60 ngày,3,2,2,2.0,7,Need Attention,Low,10.881,5.0239
C1841,2023,65308,2450,47,1,1,0,0,60,713,0,264,120,80,1,7,8,12,4,1,0,0,0,1,2,0,6.71,45-54,50-70K,Married/Partner,Graduate,0,0,2,1177,0.6058,0.0,0.2243,0.102,0.068,27,43.59,0.037,0.2593,0.2963,0.4444,Store,1.802,1,31-60 ngày,2,5,5,5.0,12,At Risk,High,11.0869,7.0716
C1842,2024,76467,2840,50,1,0,0,0,44,676,161,426,210,44,2,2,5,5,6,0,0,0,0,0,0,0,7.78,45-54,70-90K,Single,Graduate,0,0,1,1517,0.4456,0.1061,0.2808,0.1384,0.029,12,126.42,0.1667,0.1667,0.4167,0.4167,Catalog,1.984,0,31-60 ngày,3,3,5,4.0,11,Loyal Customers,High,11.2446,7.3251
C1843,2025,81044,2343,73,0,1,0,0,0,450,26,535,73,98,1,5,6,10,1,0,0,0,0,0,0,0,6.42,65+,70-90K,Married/Partner,Non-graduate,0,0,2,1182,0.3807,0.022,0.4526,0.0618,0.0829,21,56.29,0.0476,0.2381,0.2857,0.4762,Store,1.458,0,0-30 ngày,5,5,5,5.0,15,Champions,High,11.3028,7.0758
C1844,2026,32871,2636,69,1,1,1,1,28,22,2,12,0,2,1,1,0,3,4,0,0,0,0,0,0,0,7.22,65+,30-50K,Married/Partner,Graduate,2,1,4,38,0.5789,0.0526,0.3158,0.0,0.0526,4,9.5,0.25,0.25,0.0,0.75,Store,0.116,0,0-30 ngày,4,1,1,1.0,6,New / Promising,Low,10.4004,3.6636
C1845,2027,55801,2439,45,1,0,0,0,35,367,4,51,6,4,6,7,2,6,7,1,0,0,0,0,1,0,6.68,45-54,50-70K,Single,Graduate,0,0,1,432,0.8495,0.0093,0.1181,0.0139,0.0093,15,28.8,0.4,0.4667,0.1333,0.4,Web,0.774,1,31-60 ngày,4,4,3,3.5,11,Loyal Customers,Mid,10.9296,6.0707
C1846,2028,76320,2166,61,1,0,0,0,49,526,35,214,69,53,2,6,3,4,2,0,0,0,0,0,0,0,5.93,55-64,70-90K,Single,Graduate,0,0,1,897,0.5864,0.039,0.2386,0.0769,0.0591,13,69.0,0.1538,0.4615,0.2308,0.3077,Web,1.175,0,31-60 ngày,3,3,4,3.5,10,Loyal Customers,Mid,11.2427,6.8002
C1847,2029,36927,2186,65,1,0,0,0,46,51,0,16,0,0,2,3,0,3,8,0,0,0,0,0,0,0,5.99,65+,30-50K,Single,Graduate,0,0,1,67,0.7612,0.0,0.2388,0.0,0.0,6,11.17,0.3333,0.5,0.0,0.5,Web,0.181,0,31-60 ngày,3,2,2,2.0,7,Need Attention,Low,10.5167,4.2195
C1848,2030,48794,2162,67,1,1,1,1,97,25,0,11,3,0,1,1,0,3,4,0,0,0,0,0,0,0,5.92,65+,30-50K,Married/Partner,Graduate,2,1,4,39,0.641,0.0,0.2821,0.0769,0.0,4,9.75,0.25,0.25,0.0,0.75,Store,0.08,0,61-99 ngày,1,1,1,1.0,3,Hibernating,Low,10.7954,3.6889
C1849,2031,23478,2626,55,1,0,0,0,51,28,6,27,12,17,1,3,0,3,8,0,0,0,0,0,0,0,7.19,55-64,<30K,Single,Graduate,0,0,1,90,0.3111,0.0667,0.3,0.1333,0.1889,6,15.0,0.1667,0.5,0.0,0.5,Web,0.383,0,31-60 ngày,3,2,2,2.0,7,Need Attention,Low,10.0639,4.5109
C1850,2032,71128,2790,47,1,0,0,0,80,958,159,447,20,0,3,2,10,12,7,0,0,0,0,0,0,0,7.64,45-54,70-90K,Single,Graduate,0,0,1,1584,0.6048,0.1004,0.2822,0.0126,0.0,24,66.0,0.125,0.0833,0.4167,0.5,Store,2.227,0,61-99 ngày,1,5,5,5.0,11,At Risk,High,11.1723,7.3683
C1851,2034,59462,2699,70,1,1,0,1,29,724,17,143,0,8,2,9,2,12,7,0,0,0,0,0,0,0,7.39,65+,50-70K,Married/Partner,Graduate,1,1,3,892,0.8117,0.0191,0.1603,0.0,0.009,23,38.78,0.087,0.3913,0.087,0.5217,Store,1.5,0,0-30 ngày,4,5,4,4.5,13,Champions,Mid,10.9931,6.7946
C1852,2037,42554,2692,42,1,1,1,1,93,29,1,11,0,0,2,2,0,3,4,0,0,0,0,0,0,0,7.38,35-44,30-50K,Married/Partner,Graduate,2,1,4,41,0.7073,0.0244,0.2683,0.0,0.0,5,8.2,0.4,0.4,0.0,0.6,Store,0.096,0,61-99 ngày,1,2,1,1.5,4,Hibernating,Low,10.6586,3.7377
C1853,2039,67046,2698,69,1,0,0,0,92,544,35,133,23,151,2,4,5,4,2,0,0,0,0,0,0,0,7.39,65+,50-70K,Single,Graduate,0,0,1,886,0.614,0.0395,0.1501,0.026,0.1704,13,68.15,0.1538,0.3077,0.3846,0.3077,Catalog,1.321,0,61-99 ngày,1,3,4,3.5,8,At Risk,Mid,11.1131,6.7878
C1854,2040,42192,2455,72,1,1,0,0,40,40,15,15,17,6,1,2,1,3,4,0,0,0,0,0,0,0,6.73,65+,30-50K,Married/Partner,Graduate,0,0,2,93,0.4301,0.1613,0.1613,0.1828,0.0645,6,15.5,0.1667,0.3333,0.1667,0.5,Store,0.22,0,31-60 ngày,3,2,2,2.0,7,Need Attention,Low,10.65,4.5433
C1855,2041,77610,2767,68,1,1,0,1,70,1245,33,332,21,33,2,4,7,4,7,0,0,0,0,0,0,0,7.58,65+,70-90K,Married/Partner,Graduate,1,1,3,1664,0.7482,0.0198,0.1995,0.0126,0.0198,15,110.93,0.1333,0.2667,0.4667,0.2667,Catalog,2.144,0,61-99 ngày,2,4,5,4.5,11,At Risk,High,11.2595,7.4176
C1856,2042,31761,2244,36,1,1,1,0,96,19,1,20,16,14,2,3,0,4,5,0,0,0,0,0,0,0,6.15,35-44,30-50K,Married/Partner,Graduate,1,1,3,70,0.2714,0.0143,0.2857,0.2286,0.2,7,10.0,0.2857,0.4286,0.0,0.5714,Store,0.22,0,61-99 ngày,1,2,2,2.0,5,Hibernating,Low,10.366,4.2627
C1857,2043,34350,2412,41,1,1,1,0,81,16,3,15,2,1,1,1,0,3,7,0,0,0,0,0,0,0,6.61,35-44,30-50K,Married/Partner,Graduate,1,1,3,37,0.4324,0.0811,0.4054,0.0541,0.027,4,9.25,0.25,0.25,0.0,0.75,Store,0.108,0,61-99 ngày,1,1,1,1.0,3,Hibernating,Low,10.4444,3.6376
C1858,2044,54591,2487,71,1,1,0,1,63,376,4,94,12,9,3,6,2,8,5,0,0,0,0,0,0,0,6.81,65+,50-70K,Married/Partner,Graduate,1,1,3,495,0.7596,0.0081,0.1899,0.0242,0.0182,16,30.94,0.1875,0.375,0.125,0.5,Store,0.907,0,61-99 ngày,2,4,3,3.5,9,At Risk,Mid,10.9076,6.2066
C1859,2045,71866,2345,64,1,1,0,1,85,184,178,178,103,39,1,6,3,10,3,0,0,0,0,0,0,0,6.42,55-64,70-90K,Married/Partner,Graduate,1,1,3,682,0.2698,0.261,0.261,0.151,0.0572,19,35.89,0.0526,0.3158,0.1579,0.5263,Store,0.949,0,61-99 ngày,1,4,4,4.0,9,At Risk,Mid,11.1826,6.5265
C1860,2048,69520,2516,37,1,1,0,0,95,627,120,414,121,80,1,9,6,5,5,0,0,0,0,0,0,0,6.89,35-44,50-70K,Married/Partner,Graduate,0,0,2,1362,0.4604,0.0881,0.304,0.0888,0.0587,20,68.1,0.05,0.45,0.3,0.25,Web,1.959,0,61-99 ngày,1,5,5,5.0,11,At Risk,High,11.1494,7.2174
C1861,2049,64713,2301,50,1,0,0,0,11,180,60,241,13,54,2,5,5,7,4,0,0,0,0,0,0,0,6.3,45-54,50-70K,Single,Graduate,0,0,1,548,0.3285,0.1095,0.4398,0.0237,0.0985,17,32.24,0.1176,0.2941,0.2941,0.4118,Store,0.847,0,0-30 ngày,5,4,3,3.5,12,Loyal Customers,Mid,11.0777,6.3081
C1862,2050,27889,2518,43,1,1,1,0,42,14,0,4,0,0,1,1,1,2,6,0,0,0,0,0,0,0,6.9,35-44,<30K,Married/Partner,Graduate,1,1,3,18,0.7778,0.0,0.2222,0.0,0.0,4,4.5,0.25,0.25,0.25,0.5,Store,0.065,0,31-60 ngày,3,1,1,1.0,5,Need Attention,Low,10.236,2.9444
C1863,2051,22123,2253,60,0,0,0,0,77,3,3,24,34,7,1,2,1,3,5,0,0,0,0,0,0,0,6.17,55-64,<30K,Single,Non-graduate,0,0,1,71,0.0423,0.0423,0.338,0.4789,0.0986,6,11.83,0.1667,0.3333,0.1667,0.5,Store,0.321,0,61-99 ngày,2,2,2,2.0,6,Hibernating,Low,10.0044,4.2767
C1864,2052,27803,2831,47,1,1,1,0,40,8,26,46,38,9,2,3,0,4,8,0,0,0,0,0,0,0,7.76,45-54,<30K,Married/Partner,Graduate,1,1,3,127,0.063,0.2047,0.3622,0.2992,0.0709,7,18.14,0.2857,0.4286,0.0,0.5714,Store,0.457,0,31-60 ngày,3,2,2,2.0,7,Need Attention,Low,10.2329,4.852
C1865,2053,51651,2758,60,1,1,0,1,32,293,6,23,13,6,4,6,2,5,8,0,0,0,0,0,0,0,7.56,55-64,50-70K,Married/Partner,Graduate,1,1,3,341,0.8592,0.0176,0.0674,0.0381,0.0176,13,26.23,0.3077,0.4615,0.1538,0.3846,Web,0.66,0,31-60 ngày,4,3,3,3.0,10,Loyal Customers,Low,10.8523,5.8348
C1866,2056,87000,2720,28,0,1,0,0,61,196,25,607,67,17,1,4,6,7,2,0,0,0,0,0,0,0,7.45,24-34,70-90K,Married/Partner,Non-graduate,0,0,2,912,0.2149,0.0274,0.6656,0.0735,0.0186,17,53.65,0.0588,0.2353,0.3529,0.4118,Store,1.048,0,61-99 ngày,2,4,4,4.0,10,At Risk,Mid,11.3737,6.8167
C1867,2057,79823,2249,61,1,1,0,1,6,835,73,380,114,73,1,6,9,7,2,0,0,0,1,0,1,0,6.16,55-64,70-90K,Married/Partner,Graduate,1,1,3,1475,0.5661,0.0495,0.2576,0.0773,0.0495,22,67.05,0.0455,0.2727,0.4091,0.3182,Catalog,1.848,1,0-30 ngày,5,5,5,5.0,15,Champions,High,11.2876,7.2971
C1868,2058,30828,2427,40,1,0,0,0,16,16,11,15,2,0,2,1,1,4,3,0,0,0,0,0,0,0,6.65,35-44,30-50K,Single,Graduate,0,0,1,44,0.3636,0.25,0.3409,0.0455,0.0,6,7.33,0.3333,0.1667,0.1667,0.6667,Store,0.143,0,0-30 ngày,5,2,2,2.0,9,New / Promising,Low,10.3362,3.8067
C1869,2059,34109,2394,49,1,1,0,1,39,9,1,5,2,1,1,0,0,3,4,0,0,0,0,0,0,0,6.56,45-54,30-50K,Married/Partner,Graduate,1,1,3,18,0.5,0.0556,0.2778,0.1111,0.0556,3,6.0,0.3333,0.0,0.0,1.0,Store,0.053,0,31-60 ngày,3,1,1,1.0,5,Need Attention,Low,10.4373,2.9444
C1870,2060,53367,2461,46,1,0,0,0,2,229,7,140,10,3,7,5,1,8,7,0,0,0,0,0,0,0,6.74,45-54,50-70K,Single,Graduate,0,0,1,389,0.5887,0.018,0.3599,0.0257,0.0077,14,27.79,0.5,0.3571,0.0714,0.5714,Store,0.729,0,0-30 ngày,5,3,3,3.0,11,Loyal Customers,Mid,10.885,5.9661
C1871,2061,22390,2410,51,0,1,0,0,49,0,1,4,15,1,1,1,0,2,7,0,0,0,0,0,0,0,6.6,45-54,<30K,Married/Partner,Non-graduate,0,0,2,21,0.0,0.0476,0.1905,0.7143,0.0476,3,7.0,0.3333,0.3333,0.0,0.6667,Store,0.094,0,31-60 ngày,3,1,1,1.0,5,Need Attention,Low,10.0164,3.091
C1872,2062,71322,2217,44,1,1,0,1,31,121,24,124,24,15,1,4,1,7,2,0,0,0,0,0,0,0,6.07,35-44,70-90K,Married/Partner,Graduate,1,1,3,308,0.3929,0.0779,0.4026,0.0779,0.0487,12,25.67,0.0833,0.3333,0.0833,0.5833,Store,0.432,0,31-60 ngày,4,3,3,3.0,10,Loyal Customers,Low,11.175,5.7333
C1873,2063,79244,2716,27,1,0,0,0,58,471,102,125,212,61,1,4,10,7,1,1,0,0,0,1,2,0,7.44,24-34,70-90K,Single,Graduate,0,0,1,971,0.4851,0.105,0.1287,0.2183,0.0628,21,46.24,0.0476,0.1905,0.4762,0.3333,Catalog,1.225,1,31-60 ngày,3,5,4,4.5,12,Loyal Customers,Mid,11.2803,6.8794
C1874,2065,48699,2563,70,1,1,1,1,90,26,1,10,2,0,1,1,0,3,5,0,0,0,0,0,0,0,7.02,65+,30-50K,Married/Partner,Graduate,2,1,4,39,0.6667,0.0256,0.2564,0.0513,0.0,4,9.75,0.25,0.25,0.0,0.75,Store,0.08,0,61-99 ngày,1,1,1,1.0,3,Hibernating,Low,10.7934,3.6889
C1875,2066,80144,2431,45,1,1,0,0,47,240,132,445,250,192,1,3,7,8,1,0,0,0,0,0,0,0,6.66,45-54,70-90K,Married/Partner,Graduate,0,0,2,1259,0.1906,0.1048,0.3535,0.1986,0.1525,18,69.94,0.0556,0.1667,0.3889,0.4444,Store,1.571,0,31-60 ngày,3,4,5,4.5,12,Loyal Customers,High,11.2916,7.1389
C1876,2067,54252,2556,64,1,0,0,0,25,178,4,26,8,4,5,4,1,5,6,0,0,0,0,0,0,0,7.0,55-64,50-70K,Single,Graduate,0,0,1,220,0.8091,0.0182,0.1182,0.0364,0.0182,10,22.0,0.5,0.4,0.1,0.5,Store,0.406,0,0-30 ngày,4,3,3,3.0,10,Loyal Customers,Low,10.9014,5.3982
C1877,2068,81929,2797,44,1,1,1,0,60,1486,55,278,49,0,2,4,4,10,6,0,0,1,0,1,2,0,7.66,35-44,70-90K,Married/Partner,Graduate,1,1,3,1868,0.7955,0.0294,0.1488,0.0262,0.0,18,103.78,0.1111,0.2222,0.2222,0.5556,Store,2.28,1,31-60 ngày,2,4,5,4.5,11,At Risk,High,11.3136,7.5332
C1878,2069,76068,2736,45,1,1,0,1,67,1115,12,128,33,12,1,2,3,4,6,0,1,0,1,0,2,0,7.5,45-54,70-90K,Married/Partner,Graduate,1,1,3,1300,0.8577,0.0092,0.0985,0.0254,0.0092,9,144.44,0.1111,0.2222,0.3333,0.4444,Store,1.709,1,61-99 ngày,2,3,5,4.0,10,At Risk,High,11.2394,7.1709
C1879,2070,53204,2260,44,1,1,1,1,40,29,0,8,2,0,1,1,0,3,4,0,0,0,0,0,0,0,6.19,35-44,50-70K,Married/Partner,Graduate,2,1,4,39,0.7436,0.0,0.2051,0.0513,0.0,4,9.75,0.25,0.25,0.0,0.75,Store,0.073,0,31-60 ngày,3,1,1,1.0,5,Need Attention,Low,10.8819,3.6889
C1880,2072,14796,2809,36,0,1,1,0,1,13,3,8,7,4,2,1,0,3,9,0,0,0,0,0,0,0,7.7,35-44,<30K,Married/Partner,Non-graduate,1,1,3,35,0.3714,0.0857,0.2286,0.2,0.1143,4,8.75,0.5,0.25,0.0,0.75,Store,0.237,0,0-30 ngày,5,1,1,1.0,7,New / Promising,Low,9.6022,3.5835
C1881,2073,78128,2289,46,1,1,0,1,89,934,24,230,16,24,2,8,4,6,3,0,0,0,1,1,2,0,6.27,45-54,70-90K,Married/Partner,Graduate,1,1,3,1228,0.7606,0.0195,0.1873,0.013,0.0195,18,68.22,0.1111,0.4444,0.2222,0.3333,Web,1.572,1,61-99 ngày,1,4,5,4.5,10,At Risk,High,11.2661,7.114
C1882,2074,14188,2645,48,0,1,0,0,40,2,7,11,16,12,1,2,0,4,6,0,0,0,0,0,0,0,7.25,45-54,<30K,Married/Partner,Non-graduate,0,0,2,48,0.0417,0.1458,0.2292,0.3333,0.25,6,8.0,0.1667,0.3333,0.0,0.6667,Store,0.338,0,31-60 ngày,3,2,2,2.0,7,Need Attention,Low,9.5602,3.8918
C1883,2077,72967,2720,50,1,0,0,0,1,158,35,179,0,0,2,7,2,8,5,0,0,1,0,0,1,0,7.45,45-54,70-90K,Single,Graduate,0,0,1,372,0.4247,0.0941,0.4812,0.0,0.0,17,21.88,0.1176,0.4118,0.1176,0.4706,Store,0.51,1,0-30 ngày,5,4,3,3.5,12,Loyal Customers,Mid,11.1978,5.9216
C1884,2078,48150,2545,71,1,1,0,1,24,173,2,39,3,2,3,5,1,4,7,0,0,0,0,0,0,0,6.97,65+,30-50K,Married/Partner,Graduate,1,1,3,219,0.79,0.0091,0.1781,0.0137,0.0091,10,21.9,0.3,0.5,0.1,0.4,Web,0.455,0,0-30 ngày,4,3,3,3.0,10,Loyal Customers,Low,10.7821,5.3936
C1885,2079,82332,2809,59,1,0,0,0,89,830,59,968,51,79,1,5,3,12,2,0,0,0,0,1,1,0,7.7,55-64,70-90K,Single,Graduate,0,0,1,1987,0.4177,0.0297,0.4872,0.0257,0.0398,20,99.35,0.05,0.25,0.15,0.6,Store,2.413,1,61-99 ngày,1,5,5,5.0,11,At Risk,High,11.3185,7.5949
C1886,2080,58275,2551,65,1,0,0,0,48,189,10,253,56,43,6,8,2,7,7,0,0,0,0,0,0,0,6.99,65+,50-70K,Single,Graduate,0,0,1,551,0.343,0.0181,0.4592,0.1016,0.078,17,32.41,0.3529,0.4706,0.1176,0.4118,Web,0.946,0,31-60 ngày,3,4,3,3.5,10,Loyal Customers,Mid,10.9729,6.3135
C1887,2081,44953,2714,39,1,1,0,0,31,728,17,133,11,8,1,7,3,13,6,0,0,1,0,0,1,0,7.44,35-44,30-50K,Married/Partner,Graduate,0,0,2,897,0.8116,0.019,0.1483,0.0123,0.0089,23,39.0,0.0435,0.3043,0.1304,0.5652,Store,1.995,1,31-60 ngày,4,5,4,4.5,13,Champions,Mid,10.7134,6.8002
C1888,2082,34587,2203,67,1,1,1,1,68,7,2,9,2,0,2,1,0,3,4,0,0,0,0,0,0,0,6.04,65+,30-50K,Married/Partner,Graduate,2,1,4,20,0.35,0.1,0.45,0.1,0.0,4,5.0,0.5,0.25,0.0,0.75,Store,0.058,0,61-99 ngày,2,1,1,1.0,4,Hibernating,Low,10.4513,3.0445
C1889,2083,43018,2399,46,1,1,0,1,46,35,4,17,7,6,1,2,2,2,5,0,0,0,0,0,0,0,6.57,45-54,30-50K,Married/Partner,Graduate,1,1,3,69,0.5072,0.058,0.2464,0.1014,0.087,6,11.5,0.1667,0.3333,0.3333,0.3333,Web,0.16,0,31-60 ngày,3,2,2,2.0,7,Need Attention,Low,10.6694,4.2485
C1890,2084,45736,2499,66,1,1,0,1,92,188,3,180,20,3,5,7,1,6,7,0,0,0,0,0,0,0,6.85,65+,30-50K,Married/Partner,Graduate,1,1,3,394,0.4772,0.0076,0.4569,0.0508,0.0076,14,28.14,0.3571,0.5,0.0714,0.4286,Web,0.861,0,61-99 ngày,1,3,3,3.0,7,At Risk,Mid,10.7307,5.9789
C1891,2085,66476,2366,51,1,1,0,1,80,742,28,152,25,9,2,6,8,10,4,0,0,0,0,0,0,0,6.48,45-54,50-70K,Married/Partner,Graduate,1,1,3,956,0.7762,0.0293,0.159,0.0262,0.0094,24,39.83,0.0833,0.25,0.3333,0.4167,Store,1.438,0,61-99 ngày,1,5,4,4.5,10,At Risk,Mid,11.1046,6.8638
C1892,2086,27733,2466,39,0,1,1,0,16,0,7,5,26,2,2,2,0,3,7,0,0,0,0,0,0,0,6.76,35-44,<30K,Married/Partner,Non-graduate,1,1,3,40,0.0,0.175,0.125,0.65,0.05,5,8.0,0.4,0.4,0.0,0.6,Store,0.144,0,0-30 ngày,5,2,1,1.5,8,New / Promising,Low,10.2304,3.7136
C1893,2087,69805,2318,68,1,1,0,1,50,750,71,174,13,10,2,6,8,11,2,0,0,0,0,0,0,0,6.35,65+,50-70K,Married/Partner,Graduate,1,1,3,1018,0.7367,0.0697,0.1709,0.0128,0.0098,25,40.72,0.08,0.24,0.32,0.44,Store,1.458,0,31-60 ngày,3,5,4,4.5,12,Loyal Customers,Mid,11.1535,6.9266
C1894,2088,72217,2604,58,1,0,0,0,93,816,42,450,55,56,1,3,10,8,2,0,0,0,0,0,0,0,7.13,55-64,70-90K,Single,Graduate,0,0,1,1419,0.5751,0.0296,0.3171,0.0388,0.0395,21,67.57,0.0476,0.1429,0.4762,0.381,Catalog,1.965,0,61-99 ngày,1,5,5,5.0,11,At Risk,High,11.1874,7.2584
C1895,2089,25818,2778,49,1,0,0,0,51,5,2,8,2,2,1,0,1,2,7,0,0,0,0,0,0,0,7.61,45-54,<30K,Single,Graduate,0,0,1,19,0.2632,0.1053,0.4211,0.1053,0.1053,3,6.33,0.3333,0.0,0.3333,0.6667,Store,0.074,0,31-60 ngày,3,1,1,1.0,5,Need Attention,Low,10.1589,2.9957
C1896,2090,37509,2814,44,1,1,1,0,24,37,5,56,12,8,2,3,0,4,7,0,0,0,0,0,0,0,7.71,35-44,30-50K,Married/Partner,Graduate,1,1,3,118,0.3136,0.0424,0.4746,0.1017,0.0678,7,16.86,0.2857,0.4286,0.0,0.5714,Store,0.315,0,0-30 ngày,4,2,2,2.0,8,New / Promising,Low,10.5324,4.7791
C1897,2091,25176,2482,44,0,1,1,1,79,4,0,4,0,0,1,1,0,2,7,0,0,0,0,0,0,0,6.8,35-44,<30K,Married/Partner,Non-graduate,2,1,4,8,0.5,0.0,0.5,0.0,0.0,3,2.67,0.3333,0.3333,0.0,0.6667,Store,0.032,0,61-99 ngày,1,1,1,1.0,3,Hibernating,Low,10.1337,2.1972
C1898,2092,43586,2827,40,1,1,0,1,26,99,2,11,4,0,3,3,0,4,8,0,0,0,0,0,0,0,7.75,35-44,30-50K,Married/Partner,Graduate,1,1,3,116,0.8534,0.0172,0.0948,0.0345,0.0,7,16.57,0.4286,0.4286,0.0,0.5714,Store,0.266,0,0-30 ngày,4,2,2,2.0,8,New / Promising,Low,10.6825,4.7622
C1899,2093,53230,2854,64,0,1,0,1,86,176,72,98,136,21,4,5,2,12,5,0,0,0,0,0,0,0,7.82,55-64,50-70K,Married/Partner,Non-graduate,1,1,3,503,0.3499,0.1431,0.1948,0.2704,0.0417,19,26.47,0.2105,0.2632,0.1053,0.6316,Store,0.945,0,61-99 ngày,1,4,3,3.5,8,At Risk,Mid,10.8824,6.2226
C1900,2094,50116,2168,63,1,1,1,1,68,54,0,10,0,0,2,1,0,4,5,0,0,0,1,0,1,0,5.94,55-64,50-70K,Married/Partner,Graduate,2,1,4,64,0.8438,0.0,0.1562,0.0,0.0,5,12.8,0.4,0.2,0.0,0.8,Store,0.128,1,61-99 ngày,2,2,2,2.0,6,Hibernating,Low,10.8221,4.1744
C1901,2097,82333,2615,34,1,1,0,0,60,1311,0,359,46,89,1,4,3,10,2,0,0,0,0,1,1,0,7.16,24-34,70-90K,Married/Partner,Graduate,0,0,2,1805,0.7263,0.0,0.1989,0.0255,0.0493,17,106.18,0.0588,0.2353,0.1765,0.5882,Store,2.192,1,31-60 ngày,2,4,5,4.5,11,At Risk,High,11.3185,7.4989
C1902,2098,65220,2823,55,1,1,0,0,3,890,63,292,0,25,4,8,4,7,6,0,0,0,0,0,0,0,7.73,55-64,50-70K,Married/Partner,Graduate,0,0,2,1270,0.7008,0.0496,0.2299,0.0,0.0197,19,66.84,0.2105,0.4211,0.2105,0.3684,Web,1.947,0,0-30 ngày,5,4,5,4.5,14,Champions,High,11.0855,7.1476
C1903,2099,33590,2397,46,1,1,2,1,65,4,0,2,0,0,1,1,0,2,7,0,0,0,0,0,0,0,6.57,45-54,30-50K,Married/Partner,Graduate,3,1,5,6,0.6667,0.0,0.3333,0.0,0.0,3,2.0,0.3333,0.3333,0.0,0.6667,Store,0.018,0,61-99 ngày,2,1,1,1.0,4,Hibernating,Low,10.422,1.9459
C1904,2101,72309,2634,44,1,0,0,0,64,960,0,883,50,38,1,5,6,8,3,1,0,0,0,0,1,0,7.22,35-44,70-90K,Single,Graduate,0,0,1,1931,0.4972,0.0,0.4573,0.0259,0.0197,19,101.63,0.0526,0.2632,0.3158,0.4211,Store,2.67,1,61-99 ngày,2,4,5,4.5,11,At Risk,High,11.1887,7.5663
C1905,2102,16005,2843,40,0,1,1,0,69,1,3,2,20,30,3,2,1,2,8,0,0,0,0,0,0,0,7.79,35-44,<30K,Married/Partner,Non-graduate,1,1,3,56,0.0179,0.0536,0.0357,0.3571,0.5357,5,11.2,0.6,0.4,0.2,0.4,Web,0.35,0,61-99 ngày,2,2,2,2.0,6,Hibernating,Low,9.6807,4.0431
C1906,2103,65487,2329,63,1,0,0,0,48,240,67,500,199,0,3,3,5,6,2,0,0,0,0,0,0,0,6.38,55-64,50-70K,Single,Graduate,0,0,1,1006,0.2386,0.0666,0.497,0.1978,0.0,14,71.86,0.2143,0.2143,0.3571,0.4286,Store,1.536,0,31-60 ngày,3,3,4,3.5,10,Loyal Customers,Mid,11.0896,6.9147
C1907,2104,58692,2243,55,1,1,0,1,21,301,11,61,4,7,1,8,2,4,7,0,0,0,0,0,0,0,6.15,55-64,50-70K,Married/Partner,Graduate,1,1,3,384,0.7839,0.0286,0.1589,0.0104,0.0182,14,27.43,0.0714,0.5714,0.1429,0.2857,Web,0.654,0,0-30 ngày,4,3,3,3.0,10,Loyal Customers,Mid,10.9801,5.9532
C1908,2105,40590,2429,51,1,0,0,0,30,154,0,50,6,11,5,3,4,3,6,0,0,1,0,0,1,0,6.65,45-54,30-50K,Single,Graduate,0,0,1,221,0.6968,0.0,0.2262,0.0271,0.0498,10,22.1,0.5,0.3,0.4,0.3,Catalog,0.544,1,0-30 ngày,4,3,3,3.0,10,Loyal Customers,Low,10.6113,5.4027
C1909,2107,62637,2279,66,1,0,0,0,76,104,12,48,4,12,1,2,2,5,2,0,0,0,0,0,0,0,6.24,65+,50-70K,Single,Graduate,0,0,1,180,0.5778,0.0667,0.2667,0.0222,0.0667,9,20.0,0.1111,0.2222,0.2222,0.5556,Store,0.287,0,61-99 ngày,2,3,2,2.5,7,Hibernating,Low,11.0451,5.1985
C1910,2108,29435,2851,54,1,0,0,0,11,70,3,37,4,2,4,3,2,2,9,0,0,0,0,0,0,0,7.81,45-54,<30K,Single,Graduate,0,0,1,116,0.6034,0.0259,0.319,0.0345,0.0172,7,16.57,0.5714,0.4286,0.2857,0.2857,Web,0.394,0,0-30 ngày,5,2,2,2.0,9,New / Promising,Low,10.29,4.7622
C1911,2109,19346,2309,46,1,0,0,0,26,2,0,9,3,6,1,1,0,3,8,0,0,0,0,0,0,0,6.33,45-54,<30K,Single,Graduate,0,0,1,20,0.1,0.0,0.45,0.15,0.3,4,5.0,0.25,0.25,0.0,0.75,Store,0.103,0,0-30 ngày,4,1,1,1.0,6,New / Promising,Low,9.8703,3.0445
C1912,2110,35788,2316,49,1,1,1,1,34,23,2,11,3,1,2,2,0,3,6,0,0,0,0,0,0,0,6.35,45-54,30-50K,Married/Partner,Graduate,2,1,4,40,0.575,0.05,0.275,0.075,0.025,5,8.0,0.4,0.4,0.0,0.6,Store,0.112,0,31-60 ngày,4,2,1,1.5,7,New / Promising,Low,10.4854,3.7136
C1913,2111,36997,2672,52,1,0,0,0,72,43,4,12,8,0,5,2,1,4,5,0,0,0,0,0,0,0,7.32,45-54,30-50K,Single,Graduate,0,0,1,67,0.6418,0.0597,0.1791,0.1194,0.0,7,9.57,0.7143,0.2857,0.1429,0.5714,Store,0.181,0,61-99 ngày,2,2,2,2.0,6,Hibernating,Low,10.5186,4.2195
C1914,2112,23539,2280,63,1,1,0,0,13,4,24,11,16,1,1,2,0,4,6,0,0,0,0,0,0,0,6.25,55-64,<30K,Married/Partner,Graduate,0,0,2,56,0.0714,0.4286,0.1964,0.2857,0.0179,6,9.33,0.1667,0.3333,0.0,0.6667,Store,0.238,0,0-30 ngày,5,2,2,2.0,9,New / Promising,Low,10.0665,4.0431
C1915,2113,65333,2322,47,1,0,0,0,58,654,7,92,0,15,7,9,4,8,6,0,0,0,1,1,2,0,6.36,45-54,50-70K,Single,Graduate,0,0,1,768,0.8516,0.0091,0.1198,0.0,0.0195,21,36.57,0.3333,0.4286,0.1905,0.381,Web,1.176,1,31-60 ngày,3,5,4,4.5,12,Loyal Customers,Mid,11.0873,6.6451
C1916,2114,78499,2377,63,1,0,0,0,12,912,72,170,47,36,1,11,3,4,4,0,0,0,0,1,1,0,6.51,55-64,70-90K,Single,Graduate,0,0,1,1237,0.7373,0.0582,0.1374,0.038,0.0291,18,68.72,0.0556,0.6111,0.1667,0.2222,Web,1.576,1,0-30 ngày,5,4,5,4.5,14,Champions,High,11.2709,7.1213
C1917,2115,29732,2255,49,1,1,1,0,23,25,0,8,0,1,1,2,0,2,9,0,0,0,0,0,0,0,6.18,45-54,<30K,Married/Partner,Graduate,1,1,3,34,0.7353,0.0,0.2353,0.0,0.0294,4,8.5,0.25,0.5,0.0,0.5,Web,0.114,0,0-30 ngày,4,1,1,1.0,6,New / Promising,Low,10.3,3.5553
C1918,2116,41275,2256,60,1,1,1,2,33,24,4,22,0,2,4,3,1,3,5,0,0,0,0,0,0,0,6.18,55-64,30-50K,Married/Partner,Graduate,3,1,5,52,0.4615,0.0769,0.4231,0.0,0.0385,7,7.43,0.5714,0.4286,0.1429,0.4286,Web,0.126,0,31-60 ngày,4,2,2,2.0,8,New / Promising,Low,10.628,3.9703
C1919,2117,63516,2517,47,1,1,1,1,30,141,11,114,15,14,4,4,1,7,5,0,0,0,0,0,0,0,6.9,45-54,50-70K,Married/Partner,Graduate,2,1,4,295,0.478,0.0373,0.3864,0.0508,0.0475,12,24.58,0.3333,0.3333,0.0833,0.5833,Store,0.464,0,0-30 ngày,4,3,3,3.0,10,Loyal Customers,Low,11.0591,5.6904
C1920,2118,42769,2419,58,1,1,0,1,15,71,0,13,3,1,2,1,1,4,4,0,0,0,0,0,0,0,6.63,55-64,30-50K,Married/Partner,Graduate,1,1,3,88,0.8068,0.0,0.1477,0.0341,0.0114,6,14.67,0.3333,0.1667,0.1667,0.6667,Store,0.206,0,0-30 ngày,5,2,2,2.0,9,New / Promising,Low,10.6636,4.4886
C1921,2119,49572,2355,62,1,1,1,1,25,35,1,16,0,1,2,2,0,3,7,0,0,0,0,0,0,0,6.45,55-64,30-50K,Married/Partner,Graduate,2,1,4,53,0.6604,0.0189,0.3019,0.0,0.0189,5,10.6,0.4,0.4,0.0,0.6,Store,0.107,0,0-30 ngày,4,2,2,2.0,8,New / Promising,Low,10.8112,3.989
C1922,2120,69209,2809,48,1,1,0,0,4,496,32,849,229,48,2,5,3,6,4,1,0,0,0,0,1,0,7.7,45-54,50-70K,Married/Partner,Graduate,0,0,2,1654,0.2999,0.0193,0.5133,0.1385,0.029,14,118.14,0.1429,0.3571,0.2143,0.4286,Store,2.39,1,0-30 ngày,5,3,5,4.0,13,Champions,High,11.1449,7.4116
C1923,2121,17148,2311,44,1,1,1,0,80,9,9,11,13,10,4,3,1,3,8,0,0,0,0,0,0,0,6.33,35-44,<30K,Married/Partner,Graduate,1,1,3,52,0.1731,0.1731,0.2115,0.25,0.1923,7,7.43,0.5714,0.4286,0.1429,0.4286,Web,0.303,0,61-99 ngày,1,2,2,2.0,5,Hibernating,Low,9.7497,3.9703
C1924,2124,32146,2207,37,0,1,1,0,16,26,3,23,4,7,2,2,0,4,6,0,0,0,0,0,0,0,6.05,35-44,30-50K,Married/Partner,Non-graduate,1,1,3,63,0.4127,0.0476,0.3651,0.0635,0.1111,6,10.5,0.3333,0.3333,0.0,0.6667,Store,0.196,0,0-30 ngày,5,2,2,2.0,9,New / Promising,Low,10.3781,4.1589
C1925,2125,41713,2220,56,0,0,0,0,57,77,8,44,10,10,5,3,1,4,6,0,0,0,0,0,0,0,6.08,55-64,30-50K,Single,Non-graduate,0,0,1,149,0.5168,0.0537,0.2953,0.0671,0.0671,8,18.62,0.625,0.375,0.125,0.5,Store,0.357,0,31-60 ngày,3,2,2,2.0,7,Need Attention,Low,10.6386,5.0106
C1926,2126,34176,2317,45,1,1,0,1,9,11,2,7,4,2,1,1,0,3,3,0,0,0,0,0,0,0,6.35,45-54,30-50K,Married/Partner,Graduate,1,1,3,26,0.4231,0.0769,0.2692,0.1538,0.0769,4,6.5,0.25,0.25,0.0,0.75,Store,0.076,0,0-30 ngày,5,1,1,1.0,7,New / Promising,Low,10.4393,3.2958
C1927,2127,58482,2268,65,1,1,0,1,59,576,7,115,19,7,2,7,4,9,6,0,0,0,1,0,1,0,6.21,65+,50-70K,Married/Partner,Graduate,1,1,3,724,0.7956,0.0097,0.1588,0.0262,0.0097,20,36.2,0.1,0.35,0.2,0.45,Store,1.238,1,31-60 ngày,2,5,4,4.5,11,At Risk,Mid,10.9765,6.5862
C1928,2128,59686,2314,55,1,0,0,0,78,89,15,89,34,42,1,4,1,6,4,0,0,0,0,0,0,0,6.34,55-64,50-70K,Single,Graduate,0,0,1,269,0.3309,0.0558,0.3309,0.1264,0.1561,11,24.45,0.0909,0.3636,0.0909,0.5455,Store,0.451,0,61-99 ngày,2,3,3,3.0,8,At Risk,Low,10.9969,5.5984
C1929,2129,60896,2785,56,1,1,0,1,90,1013,30,399,60,46,3,9,10,4,6,0,0,0,0,0,0,0,7.63,55-64,50-70K,Married/Partner,Graduate,1,1,3,1548,0.6544,0.0194,0.2578,0.0388,0.0297,23,67.3,0.1304,0.3913,0.4348,0.1739,Catalog,2.542,0,61-99 ngày,1,5,5,5.0,11,At Risk,High,11.0169,7.3454
C1930,2130,62994,2276,40,1,1,1,0,74,224,12,48,4,12,1,6,2,4,6,0,0,0,0,0,0,0,6.24,35-44,50-70K,Married/Partner,Graduate,1,1,3,300,0.7467,0.04,0.16,0.0133,0.04,12,25.0,0.0833,0.5,0.1667,0.3333,Web,0.476,0,61-99 ngày,2,3,3,3.0,8,At Risk,Low,11.0508,5.7071
C1931,2131,47320,2491,63,1,1,0,1,10,200,19,111,50,15,6,5,1,8,6,0,0,0,0,0,0,0,6.82,55-64,30-50K,Married/Partner,Graduate,1,1,3,395,0.5063,0.0481,0.281,0.1266,0.038,14,28.21,0.4286,0.3571,0.0714,0.5714,Store,0.835,0,0-30 ngày,5,3,3,3.0,11,Loyal Customers,Mid,10.7647,5.9814
C1932,2132,74859,2550,71,0,0,0,0,63,570,73,614,133,102,1,6,5,11,3,1,0,0,0,0,1,0,6.99,65+,70-90K,Single,Non-graduate,0,0,1,1492,0.382,0.0489,0.4115,0.0891,0.0684,22,67.82,0.0455,0.2727,0.2273,0.5,Store,1.993,1,61-99 ngày,2,5,5,5.0,12,At Risk,High,11.2234,7.3085
C1933,2133,15253,2403,28,0,0,0,0,13,1,3,3,8,1,2,1,0,3,7,0,0,0,0,0,0,0,6.58,24-34,<30K,Single,Non-graduate,0,0,1,16,0.0625,0.1875,0.1875,0.5,0.0625,4,4.0,0.5,0.25,0.0,0.75,Store,0.105,0,0-30 ngày,5,1,1,1.0,7,New / Promising,Low,9.6326,2.8332
C1934,2134,31560,2529,46,1,0,0,0,98,62,1,20,4,0,2,2,1,3,8,0,0,0,0,0,0,0,6.93,45-54,30-50K,Single,Graduate,0,0,1,87,0.7126,0.0115,0.2299,0.046,0.0,6,14.5,0.3333,0.3333,0.1667,0.5,Store,0.276,0,61-99 ngày,1,2,2,2.0,5,Hibernating,Low,10.3597,4.4773
C1935,2136,91172,2618,30,1,0,0,0,94,162,28,818,0,28,0,4,3,7,3,1,1,1,0,1,4,0,7.17,24-34,90K+,Single,Graduate,0,0,1,1036,0.1564,0.027,0.7896,0.0,0.027,14,74.0,0.0,0.2857,0.2143,0.5,Store,1.136,1,61-99 ngày,1,3,4,3.5,8,At Risk,Mid,11.4205,6.9441
C1936,2137,90000,2347,36,1,1,0,0,91,675,144,133,94,192,1,4,8,5,1,1,0,1,0,1,3,0,6.43,35-44,90K+,Married/Partner,Graduate,0,0,2,1238,0.5452,0.1163,0.1074,0.0759,0.1551,17,72.82,0.0588,0.2353,0.4706,0.2941,Catalog,1.376,1,61-99 ngày,1,4,5,4.5,10,At Risk,High,11.4076,7.1221
C1937,2138,41967,2377,39,1,0,0,0,66,23,4,10,0,2,1,1,0,3,4,0,0,0,0,0,0,0,6.51,35-44,30-50K,Single,Graduate,0,0,1,39,0.5897,0.1026,0.2564,0.0,0.0513,4,9.75,0.25,0.25,0.0,0.75,Store,0.093,0,61-99 ngày,2,1,1,1.0,4,Hibernating,Low,10.6447,3.6889
C1938,2139,69263,2275,55,1,0,0,0,14,492,5,32,13,5,1,9,1,7,6,0,0,0,1,0,1,0,6.23,55-64,50-70K,Single,Graduate,0,0,1,547,0.8995,0.0091,0.0585,0.0238,0.0091,17,32.18,0.0588,0.5294,0.0588,0.4118,Web,0.79,1,0-30 ngày,5,4,3,3.5,12,Loyal Customers,Mid,11.1457,6.3063
C1939,2140,65706,2525,50,0,0,0,0,77,918,10,129,13,0,1,11,3,12,7,0,1,0,1,1,3,0,6.92,45-54,50-70K,Single,Non-graduate,0,0,1,1070,0.8579,0.0093,0.1206,0.0121,0.0,26,41.15,0.0385,0.4231,0.1154,0.4615,Store,1.628,1,61-99 ngày,2,5,4,4.5,11,At Risk,Mid,11.093,6.9763
C1940,2141,60934,2322,45,1,1,0,1,41,224,155,155,192,93,2,6,4,11,4,0,0,0,0,0,0,0,6.36,45-54,50-70K,Married/Partner,Graduate,1,1,3,819,0.2735,0.1893,0.1893,0.2344,0.1136,21,39.0,0.0952,0.2857,0.1905,0.5238,Store,1.344,0,31-60 ngày,3,5,4,4.5,12,Loyal Customers,Mid,11.0176,6.7093
C1941,2142,71965,2494,69,1,1,0,1,21,572,19,286,50,38,3,6,3,5,3,0,0,0,0,0,0,0,6.83,65+,70-90K,Married/Partner,Graduate,1,1,3,965,0.5927,0.0197,0.2964,0.0518,0.0394,14,68.93,0.2143,0.4286,0.2143,0.3571,Web,1.341,0,0-30 ngày,4,3,4,3.5,11,Loyal Customers,Mid,11.1839,6.8732
C1942,2143,65210,2270,65,1,1,0,1,25,626,0,70,0,7,2,9,3,8,6,1,0,0,1,0,2,0,6.22,65+,50-70K,Married/Partner,Graduate,1,1,3,703,0.8905,0.0,0.0996,0.0,0.01,20,35.15,0.1,0.45,0.15,0.4,Web,1.078,1,0-30 ngày,4,5,4,4.5,13,Champions,Mid,11.0854,6.5568
C1943,2144,79174,2693,45,1,1,0,0,2,1074,37,518,193,92,1,5,6,7,2,1,0,0,0,1,2,0,7.38,45-54,70-90K,Married/Partner,Graduate,0,0,2,1914,0.5611,0.0193,0.2706,0.1008,0.0481,18,106.33,0.0556,0.2778,0.3333,0.3889,Store,2.417,1,0-30 ngày,5,4,5,4.5,14,Champions,High,11.2794,7.5575
C1944,2145,81380,2713,53,1,0,0,0,51,741,68,689,224,68,1,4,2,10,2,0,0,0,0,0,0,0,7.43,45-54,70-90K,Single,Graduate,0,0,1,1790,0.414,0.038,0.3849,0.1251,0.038,16,111.88,0.0625,0.25,0.125,0.625,Store,2.2,0,31-60 ngày,3,4,5,4.5,12,Loyal Customers,High,11.3069,7.4905
C1945,2147,52914,2697,49,1,1,0,1,32,254,10,44,30,10,2,7,3,3,7,0,0,1,0,0,1,0,7.39,45-54,50-70K,Married/Partner,Graduate,1,1,3,348,0.7299,0.0287,0.1264,0.0862,0.0287,13,26.77,0.1538,0.5385,0.2308,0.2308,Web,0.658,1,31-60 ngày,4,3,3,3.0,10,Loyal Customers,Mid,10.8764,5.8551
C1946,2149,26067,2396,46,1,1,1,0,49,22,2,18,0,2,3,3,0,3,8,0,0,0,0,0,0,0,6.56,45-54,<30K,Married/Partner,Graduate,1,1,3,44,0.5,0.0455,0.4091,0.0,0.0455,6,7.33,0.5,0.5,0.0,0.5,Web,0.169,0,31-60 ngày,3,2,2,2.0,7,Need Attention,Low,10.1685,3.8067
C1947,2150,44325,2638,48,1,1,0,1,69,516,0,21,0,0,4,8,2,7,8,0,0,0,1,0,1,0,7.23,45-54,30-50K,Married/Partner,Graduate,1,1,3,537,0.9609,0.0,0.0391,0.0,0.0,17,31.59,0.2353,0.4706,0.1176,0.4118,Web,1.212,1,61-99 ngày,2,4,3,3.5,9,At Risk,Mid,10.6993,6.2879
C1948,2152,26487,2564,42,0,0,0,0,23,2,8,10,12,14,3,2,1,3,5,0,0,0,0,0,0,0,7.02,35-44,<30K,Single,Non-graduate,0,0,1,46,0.0435,0.1739,0.2174,0.2609,0.3043,6,7.67,0.5,0.3333,0.1667,0.5,Store,0.174,0,0-30 ngày,4,2,2,2.0,8,New / Promising,Low,10.1844,3.8501
C1949,2153,53233,2262,63,0,1,0,1,18,28,0,9,3,0,1,1,0,3,4,0,0,0,0,0,0,0,6.2,55-64,50-70K,Married/Partner,Non-graduate,1,1,3,40,0.7,0.0,0.225,0.075,0.0,4,10.0,0.25,0.25,0.0,0.75,Store,0.075,0,0-30 ngày,5,1,1,1.0,7,New / Promising,Low,10.8825,3.7136
C1950,2154,67716,2694,60,1,1,0,1,8,530,142,217,62,9,4,7,4,13,5,0,0,0,1,0,1,0,7.38,55-64,50-70K,Married/Partner,Graduate,1,1,3,960,0.5521,0.1479,0.226,0.0646,0.0094,24,40.0,0.1667,0.2917,0.1667,0.5417,Store,1.418,1,0-30 ngày,5,5,4,4.5,14,Champions,Mid,11.1231,6.868
C1951,2155,76234,2302,48,1,1,0,1,21,519,50,167,130,0,1,8,3,11,3,0,0,0,1,0,1,0,6.31,45-54,70-90K,Married/Partner,Graduate,1,1,3,866,0.5993,0.0577,0.1928,0.1501,0.0,22,39.36,0.0455,0.3636,0.1364,0.5,Store,1.136,1,0-30 ngày,4,5,4,4.5,13,Champions,Mid,11.2416,6.765
C1952,2156,84117,2208,64,1,1,0,0,60,611,76,749,59,45,1,7,10,6,2,0,0,0,0,1,1,0,6.05,55-64,70-90K,Married/Partner,Graduate,0,0,2,1540,0.3968,0.0494,0.4864,0.0383,0.0292,23,66.96,0.0435,0.3043,0.4348,0.2609,Catalog,1.831,1,31-60 ngày,2,5,5,5.0,12,At Risk,High,11.34,7.3402
C1953,2157,65487,2329,63,1,1,0,0,48,240,67,500,199,0,3,3,5,6,2,0,0,0,0,0,0,0,6.38,55-64,50-70K,Married/Partner,Graduate,0,0,2,1006,0.2386,0.0666,0.497,0.1978,0.0,14,71.86,0.2143,0.2143,0.3571,0.4286,Store,1.536,0,31-60 ngày,3,3,4,3.5,10,Loyal Customers,Mid,11.0896,6.9147
C1954,2158,25224,2264,48,0,1,1,0,36,4,9,12,11,2,2,1,1,3,3,0,0,0,0,0,0,0,6.2,45-54,<30K,Married/Partner,Non-graduate,1,1,3,38,0.1053,0.2368,0.3158,0.2895,0.0526,5,7.6,0.4,0.2,0.2,0.6,Store,0.151,0,31-60 ngày,4,2,1,1.5,7,New / Promising,Low,10.1356,3.6636
C1955,2159,89616,2648,37,1,0,0,0,36,671,47,655,145,111,1,7,5,12,2,0,0,0,0,0,0,0,7.25,35-44,70-90K,Single,Graduate,0,0,1,1629,0.4119,0.0289,0.4021,0.089,0.0681,24,67.88,0.0417,0.2917,0.2083,0.5,Store,1.818,0,31-60 ngày,4,5,5,5.0,14,Champions,High,11.4033,7.3963
C1956,2160,40851,2652,49,1,0,0,0,63,23,1,7,0,4,1,1,1,2,7,0,0,0,0,0,0,0,7.27,45-54,30-50K,Single,Graduate,0,0,1,35,0.6571,0.0286,0.2,0.0,0.1143,4,8.75,0.25,0.25,0.25,0.5,Store,0.086,0,61-99 ngày,2,1,1,1.0,4,Hibernating,Low,10.6177,3.5835
C1957,2161,27469,2855,73,1,1,0,0,2,9,1,2,3,2,1,0,0,3,6,0,0,0,0,0,0,0,7.82,65+,<30K,Married/Partner,Graduate,0,0,2,17,0.5294,0.0588,0.1176,0.1765,0.1176,3,5.67,0.3333,0.0,0.0,1.0,Store,0.062,0,0-30 ngày,5,1,1,1.0,7,New / Promising,Low,10.2208,2.8904
C1958,2163,73803,2856,63,1,1,0,1,61,833,80,363,52,26,2,9,5,6,6,0,0,1,0,0,1,0,7.82,55-64,70-90K,Married/Partner,Graduate,1,1,3,1354,0.6152,0.0591,0.2681,0.0384,0.0192,20,67.7,0.1,0.45,0.25,0.3,Web,1.835,1,61-99 ngày,2,5,5,5.0,12,At Risk,High,11.2092,7.2116
C1959,2164,8820,2623,68,1,0,0,0,52,12,0,13,4,2,4,3,0,3,8,0,0,0,0,0,0,0,7.19,65+,<30K,Single,Graduate,0,0,1,31,0.3871,0.0,0.4194,0.129,0.0645,6,5.17,0.6667,0.5,0.0,0.5,Web,0.351,0,31-60 ngày,3,2,1,1.5,6,Need Attention,Low,9.0849,3.4657
C1960,2165,43322,2228,46,1,0,0,0,25,56,7,48,10,2,1,3,0,4,7,0,0,0,0,0,0,0,6.1,45-54,30-50K,Single,Graduate,0,0,1,123,0.4553,0.0569,0.3902,0.0813,0.0163,7,17.57,0.1429,0.4286,0.0,0.5714,Store,0.284,0,0-30 ngày,4,2,2,2.0,8,New / Promising,Low,10.6764,4.8203
C1961,2166,55593,2471,47,1,1,0,1,63,293,8,124,11,4,2,6,6,3,6,0,0,1,0,0,1,0,6.77,45-54,50-70K,Married/Partner,Graduate,1,1,3,440,0.6659,0.0182,0.2818,0.025,0.0091,15,29.33,0.1333,0.4,0.4,0.2,Web,0.791,1,61-99 ngày,2,4,3,3.5,9,At Risk,Mid,10.9258,6.089
C1962,2167,50501,2535,66,1,1,1,1,10,297,0,38,13,0,7,5,4,4,6,0,0,1,0,0,1,0,6.95,65+,50-70K,Married/Partner,Graduate,2,1,4,348,0.8534,0.0,0.1092,0.0374,0.0,13,26.77,0.5385,0.3846,0.3077,0.3077,Web,0.689,1,0-30 ngày,5,3,3,3.0,11,Loyal Customers,Mid,10.8298,5.8551
C1963,2168,37085,2162,45,1,1,1,1,65,39,1,16,2,0,4,3,0,3,8,0,0,0,0,0,0,0,5.92,45-54,30-50K,Married/Partner,Graduate,2,1,4,58,0.6724,0.0172,0.2759,0.0345,0.0,6,9.67,0.6667,0.5,0.0,0.5,Web,0.156,0,61-99 ngày,2,2,2,2.0,6,Hibernating,Low,10.521,4.0775
C1964,2169,16185,2487,30,0,0,0,0,71,5,11,16,21,8,2,2,2,2,8,0,0,0,0,0,0,0,6.81,24-34,<30K,Single,Non-graduate,0,0,1,61,0.082,0.1803,0.2623,0.3443,0.1311,6,10.17,0.3333,0.3333,0.3333,0.3333,Web,0.377,0,61-99 ngày,2,2,2,2.0,6,Hibernating,Low,9.6919,4.1271
C1965,2170,57731,2742,51,1,0,0,0,0,266,21,300,65,8,4,8,8,6,6,0,0,0,0,0,0,0,7.51,45-54,50-70K,Single,Graduate,0,0,1,660,0.403,0.0318,0.4545,0.0985,0.0121,22,30.0,0.1818,0.3636,0.3636,0.2727,Web,1.143,0,0-30 ngày,5,5,4,4.5,14,Champions,Mid,10.9636,6.4938
C1966,2172,73807,2702,42,1,1,0,1,88,366,124,156,71,78,2,5,5,11,2,0,0,0,0,0,0,0,7.4,35-44,70-90K,Married/Partner,Graduate,1,1,3,795,0.4604,0.156,0.1962,0.0893,0.0981,21,37.86,0.0952,0.2381,0.2381,0.5238,Store,1.077,0,61-99 ngày,1,5,4,4.5,10,At Risk,Mid,11.2092,6.6796
C1967,2174,35893,2781,52,1,0,0,0,80,158,0,23,0,0,6,3,1,5,8,0,0,0,0,0,0,0,7.62,45-54,30-50K,Single,Graduate,0,0,1,181,0.8729,0.0,0.1271,0.0,0.0,9,20.11,0.6667,0.3333,0.1111,0.5556,Store,0.504,0,61-99 ngày,1,3,2,2.5,6,Hibernating,Low,10.4883,5.204
C1968,2175,61014,2846,40,1,1,0,1,17,269,129,495,182,43,4,9,3,4,7,0,0,0,0,0,0,0,7.8,35-44,50-70K,Married/Partner,Graduate,1,1,3,1118,0.2406,0.1154,0.4428,0.1628,0.0385,16,69.88,0.25,0.5625,0.1875,0.25,Web,1.832,0,0-30 ngày,5,4,5,4.5,14,Champions,High,11.0189,7.0202
C1969,2176,32144,2257,66,1,1,1,1,76,41,0,10,0,0,4,2,1,3,7,0,0,0,1,0,1,0,6.18,65+,30-50K,Married/Partner,Graduate,2,1,4,51,0.8039,0.0,0.1961,0.0,0.0,6,8.5,0.6667,0.3333,0.1667,0.5,Store,0.159,1,61-99 ngày,2,2,2,2.0,6,Hibernating,Low,10.378,3.9512
C1970,2177,14918,2728,57,0,1,0,1,52,3,3,3,15,4,1,1,0,3,6,0,0,0,0,0,0,0,7.47,55-64,<30K,Married/Partner,Non-graduate,1,1,3,28,0.1071,0.1071,0.1071,0.5357,0.1429,4,7.0,0.25,0.25,0.0,0.75,Store,0.188,0,31-60 ngày,3,1,1,1.0,5,Need Attention,Low,9.6104,3.3673
C1971,2178,45146,2508,57,1,0,0,0,28,33,0,5,0,0,2,1,1,2,4,0,0,0,0,0,0,0,6.87,55-64,30-50K,Single,Graduate,0,0,1,38,0.8684,0.0,0.1316,0.0,0.0,4,9.5,0.5,0.25,0.25,0.5,Store,0.084,0,0-30 ngày,4,1,1,1.0,6,New / Promising,Low,10.7177,3.6636
C1972,2179,41769,2660,65,0,0,0,0,31,302,29,131,32,0,6,8,1,7,8,0,0,0,0,0,0,0,7.29,65+,30-50K,Single,Non-graduate,0,0,1,494,0.6113,0.0587,0.2652,0.0648,0.0,16,30.88,0.375,0.5,0.0625,0.4375,Web,1.183,0,31-60 ngày,4,4,3,3.5,11,Loyal Customers,Mid,10.6399,6.2046
C1973,2180,88325,2303,39,1,1,0,0,42,519,71,860,93,27,1,6,2,9,2,0,0,0,0,0,0,0,6.31,35-44,70-90K,Married/Partner,Graduate,0,0,2,1570,0.3306,0.0452,0.5478,0.0592,0.0172,17,92.35,0.0588,0.3529,0.1176,0.5294,Store,1.778,0,31-60 ngày,3,4,5,4.5,12,Loyal Customers,High,11.3888,7.3595
C1974,2181,38054,2218,70,1,0,0,0,24,23,2,17,2,1,2,2,0,3,7,0,0,0,0,0,0,0,6.08,65+,30-50K,Single,Graduate,0,0,1,45,0.5111,0.0444,0.3778,0.0444,0.0222,5,9.0,0.4,0.4,0.0,0.6,Store,0.118,0,0-30 ngày,4,2,2,2.0,8,New / Promising,Low,10.5468,3.8286
C1975,2182,80617,2784,25,0,0,0,0,42,594,51,631,72,55,1,4,6,8,2,0,0,0,0,0,0,0,7.63,24-34,70-90K,Single,Non-graduate,0,0,1,1403,0.4234,0.0364,0.4498,0.0513,0.0392,18,77.94,0.0556,0.2222,0.3333,0.4444,Store,1.74,0,31-60 ngày,3,4,5,4.5,12,Loyal Customers,High,11.2975,7.2471
C1976,2183,5305,2493,44,1,1,0,1,12,12,4,7,1,3,0,1,0,0,13,0,0,0,0,0,0,0,6.83,35-44,<30K,Married/Partner,Graduate,1,1,3,27,0.4444,0.1481,0.2593,0.037,0.1111,1,27.0,0.0,1.0,0.0,0.0,Web,0.509,0,0-30 ngày,5,1,1,1.0,7,New / Promising,Low,8.5766,3.3322
C1977,2184,36807,2715,66,1,1,1,1,88,4,2,5,0,0,1,1,0,2,6,0,0,0,0,0,0,0,7.44,65+,30-50K,Married/Partner,Graduate,2,1,4,11,0.3636,0.1818,0.4545,0.0,0.0,3,3.67,0.3333,0.3333,0.0,0.6667,Store,0.03,0,61-99 ngày,1,1,1,1.0,3,Hibernating,Low,10.5135,2.4849
C1978,2188,40101,2782,35,1,1,1,0,73,171,3,129,26,24,4,6,1,6,7,0,0,0,0,0,0,0,7.62,35-44,30-50K,Married/Partner,Graduate,1,1,3,353,0.4844,0.0085,0.3654,0.0737,0.068,13,27.15,0.3077,0.4615,0.0769,0.4615,Web,0.88,0,61-99 ngày,2,3,3,3.0,8,At Risk,Mid,10.5992,5.8693
C1979,2189,58025,2374,41,1,1,0,1,81,270,31,88,11,48,3,3,2,10,4,0,0,0,0,0,0,0,6.5,35-44,50-70K,Married/Partner,Graduate,1,1,3,448,0.6027,0.0692,0.1964,0.0246,0.1071,15,29.87,0.2,0.2,0.1333,0.6667,Store,0.772,0,61-99 ngày,1,4,3,3.5,8,At Risk,Mid,10.9686,6.107
C1980,2191,7500,2577,41,0,1,1,0,7,2,8,11,3,8,4,3,2,2,7,0,0,0,0,0,0,0,7.06,35-44,<30K,Married/Partner,Non-graduate,1,1,3,32,0.0625,0.25,0.3438,0.0938,0.25,7,4.57,0.5714,0.4286,0.2857,0.2857,Web,0.427,0,0-30 ngày,5,2,1,1.5,8,New / Promising,Low,8.9228,3.4965
C1981,2192,33562,2163,57,1,1,1,2,33,21,12,12,0,3,3,2,0,4,4,0,0,0,0,0,0,0,5.93,55-64,30-50K,Married/Partner,Graduate,3,1,5,48,0.4375,0.25,0.25,0.0,0.0625,6,8.0,0.5,0.3333,0.0,0.6667,Store,0.143,0,31-60 ngày,4,2,2,2.0,8,New / Promising,Low,10.4212,3.8918
C1982,2193,57642,2330,50,1,0,0,0,24,580,6,58,8,0,3,7,6,6,4,0,0,1,0,0,1,0,6.38,45-54,50-70K,Single,Graduate,0,0,1,652,0.8896,0.0092,0.089,0.0123,0.0,19,34.32,0.1579,0.3684,0.3158,0.3158,Web,1.131,1,0-30 ngày,4,4,4,4.0,12,Champions,Mid,10.962,6.4816
C1983,2195,63777,2621,41,1,1,1,1,87,457,5,106,15,17,8,11,1,6,8,0,0,0,0,0,0,0,7.18,35-44,50-70K,Married/Partner,Graduate,2,1,4,600,0.7617,0.0083,0.1767,0.025,0.0283,18,33.33,0.4444,0.6111,0.0556,0.3333,Web,0.941,0,61-99 ngày,1,4,4,4.0,9,At Risk,Mid,11.0632,6.3986
C1984,2196,57967,2642,58,1,0,0,0,39,229,7,137,4,0,5,4,2,8,5,0,0,0,0,0,0,0,7.24,55-64,50-70K,Single,Graduate,0,0,1,377,0.6074,0.0186,0.3634,0.0106,0.0,14,26.93,0.3571,0.2857,0.1429,0.5714,Store,0.65,0,31-60 ngày,3,3,3,3.0,9,Loyal Customers,Mid,10.9676,5.9349
C1985,2197,24434,2201,48,1,1,2,0,9,3,2,8,20,0,2,2,1,2,7,0,0,0,0,0,0,0,6.03,45-54,<30K,Married/Partner,Graduate,2,1,4,33,0.0909,0.0606,0.2424,0.6061,0.0,5,6.6,0.4,0.4,0.2,0.4,Web,0.135,0,0-30 ngày,5,2,1,1.5,8,New / Promising,Low,10.1038,3.5264
C1986,2198,11012,2629,36,1,0,0,0,82,24,3,26,7,1,3,3,1,2,9,0,0,1,0,0,1,0,7.2,35-44,<30K,Single,Graduate,0,0,1,61,0.3934,0.0492,0.4262,0.1148,0.0164,6,10.17,0.5,0.5,0.1667,0.3333,Web,0.554,1,61-99 ngày,1,2,2,2.0,5,Hibernating,Low,9.3068,4.1271
C1987,2199,44802,2836,50,1,0,0,0,71,853,10,143,13,10,2,9,4,12,8,0,0,0,0,0,0,0,7.77,45-54,30-50K,Single,Graduate,0,0,1,1029,0.829,0.0097,0.139,0.0126,0.0097,25,41.16,0.08,0.36,0.16,0.48,Store,2.297,0,61-99 ngày,2,5,4,4.5,11,At Risk,Mid,10.71,6.9373
C1988,2200,26816,2840,34,1,0,0,0,50,5,1,6,3,4,1,0,0,3,4,0,0,0,0,0,0,0,7.78,24-34,<30K,Single,Graduate,0,0,1,19,0.2632,0.0526,0.3158,0.1579,0.2105,3,6.33,0.3333,0.0,0.0,1.0,Store,0.071,0,31-60 ngày,3,1,1,1.0,5,Need Attention,Low,10.1968,2.9957
C1989,2202,61223,2540,53,1,1,0,1,46,709,43,182,42,118,2,9,3,4,5,0,0,0,0,0,0,0,6.96,45-54,50-70K,Married/Partner,Graduate,1,1,3,1094,0.6481,0.0393,0.1664,0.0384,0.1079,16,68.38,0.125,0.5625,0.1875,0.25,Web,1.787,0,31-60 ngày,3,4,4,4.0,11,Loyal Customers,Mid,11.0223,6.9985
C1990,2204,56981,2314,39,1,0,0,0,91,908,48,217,32,12,1,2,3,13,6,0,0,0,1,0,1,0,6.34,35-44,50-70K,Single,Graduate,0,0,1,1217,0.7461,0.0394,0.1783,0.0263,0.0099,18,67.61,0.0556,0.1111,0.1667,0.7222,Store,2.136,1,61-99 ngày,1,4,5,4.5,10,At Risk,High,10.9505,7.105
C1991,2205,69245,2315,64,1,1,0,1,8,428,30,214,80,30,2,6,5,10,3,0,0,0,0,0,0,0,6.34,55-64,50-70K,Married/Partner,Graduate,1,1,3,782,0.5473,0.0384,0.2737,0.1023,0.0384,21,37.24,0.0952,0.2857,0.2381,0.4762,Store,1.129,0,0-30 ngày,5,5,4,4.5,14,Champions,Mid,11.1454,6.6631
C1992,2206,52869,2781,66,1,1,1,1,40,84,3,61,2,1,3,3,1,4,7,0,0,0,0,0,0,0,7.62,65+,50-70K,Married/Partner,Graduate,2,1,4,151,0.5563,0.0199,0.404,0.0132,0.0066,8,18.88,0.375,0.375,0.125,0.5,Store,0.286,0,31-60 ngày,3,2,2,2.0,7,Need Attention,Low,10.8756,5.0239
